2026-09-30T08:36:12.697299Z  INFO faforever_rust_client_lib::diagnostics: client diagnostics initialized retained_files=7 max_file_bytes=10485760
2026-09-30T08:36:12.705686Z  WARN faf_app::infra::discord: Discord rich presence disconnected reason=Discord is not running
2026-09-30T08:36:14.892980Z  INFO faf_app::infra::lobby_ws: lobby WebSocket connected
2026-09-30T08:36:14.920835Z  INFO faf_app::infra::irc: chat WebSocket connected
2026-09-30T08:36:14.926536Z  INFO faf_app::infra::lobby_ws: lobby notice received style=Info text=You are using an unofficial client version! Some features might not work as expected. If you experience any problems please download the latest version of the official client from <a href="https://www.faforever.com">https://www.faforever.com</a>
2026-09-30T08:36:17.220402Z  INFO faf_app::infra::lobby_ws: lobby authenticated
2026-09-30T08:36:27.709232Z  WARN faf_app::infra::discord: Discord rich presence disconnected reason=Discord is not running
2026-09-30T08:36:42.724527Z  WARN faf_app::infra::discord: Discord rich presence disconnected reason=Discord is not running
2026-09-30T08:36:57.734687Z  WARN faf_app::infra::discord: Discord rich presence disconnected reason=Discord is not running
2026-09-30T08:37:12.737061Z  WARN faf_app::infra::discord: Discord rich presence disconnected reason=Discord is not running
2026-09-30T08:37:27.746197Z  WARN faf_app::infra::discord: Discord rich presence disconnected reason=Discord is not running
2026-09-30T08:37:42.757958Z  WARN faf_app::infra::discord: Discord rich presence disconnected reason=Discord is not running
2026-09-30T08:37:57.767493Z  WARN faf_app::infra::discord: Discord rich presence disconnected reason=Discord is not running
2026-09-30T08:38:12.768969Z  WARN faf_app::infra::discord: Discord rich presence disconnected reason=Discord is not running
2026-09-30T08:38:27.773644Z  WARN faf_app::infra::discord: Discord rich presence disconnected reason=Discord is not running
2026-09-30T08:38:42.785241Z  WARN faf_app::infra::discord: Discord rich presence disconnected reason=Discord is not running
2026-09-30T08:38:57.798668Z  WARN faf_app::infra::discord: Discord rich presence disconnected reason=Discord is not running
2026-09-30T08:39:12.814414Z  WARN faf_app::infra::discord: Discord rich presence disconnected reason=Discord is not running
2026-09-30T08:39:27.830250Z  WARN faf_app::infra::discord: Discord rich presence disconnected reason=Discord is not running
2026-09-30T08:39:42.842738Z  WARN faf_app::infra::discord: Discord rich presence disconnected reason=Discord is not running
2026-09-30T08:39:57.848554Z  WARN faf_app::infra::discord: Discord rich presence disconnected reason=Discord is not running
2026-09-30T08:40:12.858759Z  WARN faf_app::infra::discord: Discord rich presence disconnected reason=Discord is not running
2026-09-30T08:40:27.871312Z  WARN faf_app::infra::discord: Discord rich presence disconnected reason=Discord is not running
2026-09-30T08:40:42.883175Z  WARN faf_app::infra::discord: Discord rich presence disconnected reason=Discord is not running
2026-09-30T08:40:57.889658Z  WARN faf_app::infra::discord: Discord rich presence disconnected reason=Discord is not running
2026-09-30T08:41:12.896927Z  WARN faf_app::infra::discord: Discord rich presence disconnected reason=Discord is not running
2026-09-30T08:41:27.906463Z  WARN faf_app::infra::discord: Discord rich presence disconnected reason=Discord is not running
2026-09-30T08:41:42.923397Z  WARN faf_app::infra::discord: Discord rich presence disconnected reason=Discord is not running
2026-09-30T08:41:57.927761Z  WARN faf_app::infra::discord: Discord rich presence disconnected reason=Discord is not running
2026-09-30T08:42:12.938501Z  WARN faf_app::infra::discord: Discord rich presence disconnected reason=Discord is not running
2026-09-30T08:42:27.940373Z  WARN faf_app::infra::discord: Discord rich presence disconnected reason=Discord is not running
2026-09-30T08:42:42.956103Z  WARN faf_app::infra::discord: Discord rich presence disconnected reason=Discord is not running
2026-09-30T08:42:57.970138Z  WARN faf_app::infra::discord: Discord rich presence disconnected reason=Discord is not running
2026-09-30T08:43:12.979556Z  WARN faf_app::infra::discord: Discord rich presence disconnected reason=Discord is not running
2026-09-30T08:43:27.981162Z  WARN faf_app::infra::discord: Discord rich presence disconnected reason=Discord is not running
2026-09-30T08:43:42.985410Z  WARN faf_app::infra::discord: Discord rich presence disconnected reason=Discord is not running
2026-09-30T08:43:57.997448Z  WARN faf_app::infra::discord: Discord rich presence disconnected reason=Discord is not running
2026-09-30T08:44:13.008751Z  WARN faf_app::infra::discord: Discord rich presence disconnected reason=Discord is not running
2026-09-30T08:44:28.024730Z  WARN faf_app::infra::discord: Discord rich presence disconnected reason=Discord is not running
2026-09-30T08:44:43.033861Z  WARN faf_app::infra::discord: Discord rich presence disconnected reason=Discord is not running
2026-09-30T08:44:58.038209Z  WARN faf_app::infra::discord: Discord rich presence disconnected reason=Discord is not running
2026-09-30T08:45:13.041604Z  WARN faf_app::infra::discord: Discord rich presence disconnected reason=Discord is not running
2026-09-30T08:45:28.048168Z  WARN faf_app::infra::discord: Discord rich presence disconnected reason=Discord is not running
2026-09-30T08:45:43.064696Z  WARN faf_app::infra::discord: Discord rich presence disconnected reason=Discord is not running
2026-09-30T08:45:58.070804Z  WARN faf_app::infra::discord: Discord rich presence disconnected reason=Discord is not running
2026-09-30T08:46:13.081851Z  WARN faf_app::infra::discord: Discord rich presence disconnected reason=Discord is not running
2026-09-30T08:46:28.095095Z  WARN faf_app::infra::discord: Discord rich presence disconnected reason=Discord is not running
2026-09-30T08:46:43.102326Z  WARN faf_app::infra::discord: Discord rich presence disconnected reason=Discord is not running
2026-09-30T08:46:58.107594Z  WARN faf_app::infra::discord: Discord rich presence disconnected reason=Discord is not running
2026-09-30T08:47:13.112757Z  WARN faf_app::infra::discord: Discord rich presence disconnected reason=Discord is not running
2026-09-30T08:47:28.123585Z  WARN faf_app::infra::discord: Discord rich presence disconnected reason=Discord is not running
2026-09-30T08:47:43.127648Z  WARN faf_app::infra::discord: Discord rich presence disconnected reason=Discord is not running
2026-09-30T08:47:58.132917Z  WARN faf_app::infra::discord: Discord rich presence disconnected reason=Discord is not running
2026-09-30T08:48:13.144941Z  WARN faf_app::infra::discord: Discord rich presence disconnected reason=Discord is not running
2026-09-30T08:48:28.152705Z  WARN faf_app::infra::discord: Discord rich presence disconnected reason=Discord is not running
2026-09-30T08:48:43.166688Z  WARN faf_app::infra::discord: Discord rich presence disconnected reason=Discord is not running
2026-09-30T08:48:58.180582Z  WARN faf_app::infra::discord: Discord rich presence disconnected reason=Discord is not running
2026-09-30T08:49:13.181340Z  WARN faf_app::infra::discord: Discord rich presence disconnected reason=Discord is not running
2026-09-30T08:49:28.193581Z  WARN faf_app::infra::discord: Discord rich presence disconnected reason=Discord is not running
2026-09-30T08:49:43.196212Z  WARN faf_app::infra::discord: Discord rich presence disconnected reason=Discord is not running
2026-09-30T08:49:58.199526Z  WARN faf_app::infra::discord: Discord rich presence disconnected reason=Discord is not running
2026-09-30T08:50:13.213080Z  WARN faf_app::infra::discord: Discord rich presence disconnected reason=Discord is not running
2026-09-30T08:50:28.218738Z  WARN faf_app::infra::discord: Discord rich presence disconnected reason=Discord is not running
2026-09-30T08:50:43.231451Z  WARN faf_app::infra::discord: Discord rich presence disconnected reason=Discord is not running
2026-09-30T08:50:58.235869Z  WARN faf_app::infra::discord: Discord rich presence disconnected reason=Discord is not running
2026-09-30T08:51:13.248762Z  WARN faf_app::infra::discord: Discord rich presence disconnected reason=Discord is not running
2026-09-30T08:51:28.264142Z  WARN faf_app::infra::discord: Discord rich presence disconnected reason=Discord is not running
2026-09-30T08:51:43.267457Z  WARN faf_app::infra::discord: Discord rich presence disconnected reason=Discord is not running
2026-09-30T08:51:58.273154Z  WARN faf_app::infra::discord: Discord rich presence disconnected reason=Discord is not running
2026-09-30T08:52:13.276689Z  WARN faf_app::infra::discord: Discord rich presence disconnected reason=Discord is not running
2026-09-30T08:52:28.287790Z  WARN faf_app::infra::discord: Discord rich presence disconnected reason=Discord is not running
2026-09-30T08:52:43.289544Z  WARN faf_app::infra::discord: Discord rich presence disconnected reason=Discord is not running
2026-09-30T08:52:58.302803Z  WARN faf_app::infra::discord: Discord rich presence disconnected reason=Discord is not running
2026-09-30T08:53:13.310976Z  WARN faf_app::infra::discord: Discord rich presence disconnected reason=Discord is not running
2026-09-30T08:53:28.313865Z  WARN faf_app::infra::discord: Discord rich presence disconnected reason=Discord is not running
2026-09-30T08:53:43.320735Z  WARN faf_app::infra::discord: Discord rich presence disconnected reason=Discord is not running
2026-09-30T08:53:58.336679Z  WARN faf_app::infra::discord: Discord rich presence disconnected reason=Discord is not running
2026-09-30T08:54:13.346925Z  WARN faf_app::infra::discord: Discord rich presence disconnected reason=Discord is not running
2026-09-30T08:54:28.350634Z  WARN faf_app::infra::discord: Discord rich presence disconnected reason=Discord is not running
2026-09-30T08:54:43.357004Z  WARN faf_app::infra::discord: Discord rich presence disconnected reason=Discord is not running
2026-09-30T08:54:58.358689Z  WARN faf_app::infra::discord: Discord rich presence disconnected reason=Discord is not running
2026-09-30T08:55:13.364428Z  WARN faf_app::infra::discord: Discord rich presence disconnected reason=Discord is not running
2026-09-30T08:55:28.376380Z  WARN faf_app::infra::discord: Discord rich presence disconnected reason=Discord is not running
2026-09-30T08:55:43.384647Z  WARN faf_app::infra::discord: Discord rich presence disconnected reason=Discord is not running
2026-09-30T08:55:58.387045Z  WARN faf_app::infra::discord: Discord rich presence disconnected reason=Discord is not running
2026-09-30T08:56:13.399176Z  WARN faf_app::infra::discord: Discord rich presence disconnected reason=Discord is not running
2026-09-30T08:56:28.411461Z  WARN faf_app::infra::discord: Discord rich presence disconnected reason=Discord is not running
2026-09-30T08:56:43.426930Z  WARN faf_app::infra::discord: Discord rich presence disconnected reason=Discord is not running
2026-09-30T08:56:58.436884Z  WARN faf_app::infra::discord: Discord rich presence disconnected reason=Discord is not running
2026-09-30T08:57:13.439345Z  WARN faf_app::infra::discord: Discord rich presence disconnected reason=Discord is not running
2026-09-30T08:57:28.445800Z  WARN faf_app::infra::discord: Discord rich presence disconnected reason=Discord is not running
2026-09-30T08:57:43.457913Z  WARN faf_app::infra::discord: Discord rich presence disconnected reason=Discord is not running
2026-09-30T08:57:58.466389Z  WARN faf_app::infra::discord: Discord rich presence disconnected reason=Discord is not running
2026-09-30T08:58:13.470892Z  WARN faf_app::infra::discord: Discord rich presence disconnected reason=Discord is not running
2026-09-30T08:58:28.480862Z  WARN faf_app::infra::discord: Discord rich presence disconnected reason=Discord is not running
2026-09-30T08:58:43.492326Z  WARN faf_app::infra::discord: Discord rich presence disconnected reason=Discord is not running
2026-09-30T08:58:58.507408Z  WARN faf_app::infra::discord: Discord rich presence disconnected reason=Discord is not running
2026-09-30T08:59:13.522811Z  WARN faf_app::infra::discord: Discord rich presence disconnected reason=Discord is not running
2026-09-30T08:59:28.531221Z  WARN faf_app::infra::discord: Discord rich presence disconnected reason=Discord is not running
2026-09-30T08:59:43.537787Z  WARN faf_app::infra::discord: Discord rich presence disconnected reason=Discord is not running
2026-09-30T08:59:58.550509Z  WARN faf_app::infra::discord: Discord rich presence disconnected reason=Discord is not running
2026-09-30T09:00:13.556816Z  WARN faf_app::infra::discord: Discord rich presence disconnected reason=Discord is not running
2026-09-30T09:00:28.568324Z  WARN faf_app::infra::discord: Discord rich presence disconnected reason=Discord is not running
2026-09-30T09:00:43.573144Z  WARN faf_app::infra::discord: Discord rich presence disconnected reason=Discord is not running
2026-09-30T09:00:58.589379Z  WARN faf_app::infra::discord: Discord rich presence disconnected reason=Discord is not running
2026-09-30T09:01:13.593305Z  WARN faf_app::infra::discord: Discord rich presence disconnected reason=Discord is not running
2026-09-30T09:01:28.602216Z  WARN faf_app::infra::discord: Discord rich presence disconnected reason=Discord is not running
2026-09-30T09:01:43.614312Z  WARN faf_app::infra::discord: Discord rich presence disconnected reason=Discord is not running
2026-09-30T09:01:58.624023Z  WARN faf_app::infra::discord: Discord rich presence disconnected reason=Discord is not running
2026-09-30T09:02:13.627245Z  WARN faf_app::infra::discord: Discord rich presence disconnected reason=Discord is not running
2026-09-30T09:02:28.630266Z  WARN faf_app::infra::discord: Discord rich presence disconnected reason=Discord is not running
2026-09-30T09:02:43.632710Z  WARN faf_app::infra::discord: Discord rich presence disconnected reason=Discord is not running
2026-09-30T09:02:58.635918Z  WARN faf_app::infra::discord: Discord rich presence disconnected reason=Discord is not running
2026-09-30T09:03:13.651364Z  WARN faf_app::infra::discord: Discord rich presence disconnected reason=Discord is not running
2026-09-30T09:03:28.659976Z  WARN faf_app::infra::discord: Discord rich presence disconnected reason=Discord is not running
2026-09-30T09:03:43.675100Z  WARN faf_app::infra::discord: Discord rich presence disconnected reason=Discord is not running
2026-09-30T09:03:58.678188Z  WARN faf_app::infra::discord: Discord rich presence disconnected reason=Discord is not running
2026-09-30T09:04:13.691746Z  WARN faf_app::infra::discord: Discord rich presence disconnected reason=Discord is not running
2026-09-30T09:04:28.707453Z  WARN faf_app::infra::discord: Discord rich presence disconnected reason=Discord is not running
2026-09-30T09:04:43.721880Z  WARN faf_app::infra::discord: Discord rich presence disconnected reason=Discord is not running
2026-09-30T09:04:58.725339Z  WARN faf_app::infra::discord: Discord rich presence disconnected reason=Discord is not running
2026-09-30T09:05:13.749964Z  WARN faf_app::infra::discord: Discord rich presence disconnected reason=Discord is not running
2026-09-30T09:05:28.756594Z  WARN faf_app::infra::discord: Discord rich presence disconnected reason=Discord is not running
2026-09-30T09:05:43.769234Z  WARN faf_app::infra::discord: Discord rich presence disconnected reason=Discord is not running
2026-09-30T09:05:58.782194Z  WARN faf_app::infra::discord: Discord rich presence disconnected reason=Discord is not running
2026-09-30T09:06:13.786032Z  WARN faf_app::infra::discord: Discord rich presence disconnected reason=Discord is not running
2026-09-30T09:06:28.792860Z  WARN faf_app::infra::discord: Discord rich presence disconnected reason=Discord is not running
2026-09-30T09:06:43.807907Z  WARN faf_app::infra::discord: Discord rich presence disconnected reason=Discord is not running
2026-09-30T09:06:58.812100Z  WARN faf_app::infra::discord: Discord rich presence disconnected reason=Discord is not running
2026-09-30T09:07:13.823717Z  WARN faf_app::infra::discord: Discord rich presence disconnected reason=Discord is not running
2026-09-30T09:07:28.834769Z  WARN faf_app::infra::discord: Discord rich presence disconnected reason=Discord is not running
2026-09-30T09:07:43.839717Z  WARN faf_app::infra::discord: Discord rich presence disconnected reason=Discord is not running
2026-09-30T09:07:58.845807Z  WARN faf_app::infra::discord: Discord rich presence disconnected reason=Discord is not running
2026-09-30T09:08:13.855811Z  WARN faf_app::infra::discord: Discord rich presence disconnected reason=Discord is not running
2026-09-30T09:08:28.866189Z  WARN faf_app::infra::discord: Discord rich presence disconnected reason=Discord is not running
2026-09-30T09:08:43.881700Z  WARN faf_app::infra::discord: Discord rich presence disconnected reason=Discord is not running
2026-09-30T09:08:58.893189Z  WARN faf_app::infra::discord: Discord rich presence disconnected reason=Discord is not running
2026-09-30T09:09:13.909345Z  WARN faf_app::infra::discord: Discord rich presence disconnected reason=Discord is not running
2026-09-30T09:09:28.922093Z  WARN faf_app::infra::discord: Discord rich presence disconnected reason=Discord is not running
2026-09-30T09:09:43.930044Z  WARN faf_app::infra::discord: Discord rich presence disconnected reason=Discord is not running
2026-09-30T09:09:58.934227Z  WARN faf_app::infra::discord: Discord rich presence disconnected reason=Discord is not running
2026-09-30T09:10:13.936678Z  WARN faf_app::infra::discord: Discord rich presence disconnected reason=Discord is not running
2026-09-30T09:10:28.944169Z  WARN faf_app::infra::discord: Discord rich presence disconnected reason=Discord is not running
2026-09-30T09:13:38.969655Z  WARN faf_app::infra::discord: Discord rich presence disconnected reason=Discord is not running
2026-09-30T09:13:41.220084Z  INFO faf_app::infra::irc: chat WebSocket connected
2026-09-30T09:13:48.973637Z  WARN faf_app::infra::lobby_ws: the lobby server went silent through two keepalive periods; treating the connection as dead
2026-09-30T09:13:48.973658Z  INFO faf_app::infra::lobby_ws: lobby connection closed
2026-09-30T09:13:49.327612Z  INFO faf_app::infra::lobby_ws: lobby WebSocket connected
2026-09-30T09:13:49.379973Z  INFO faf_app::infra::lobby_ws: lobby notice received style=Info text=You are using an unofficial client version! Some features might not work as expected. If you experience any problems please download the latest version of the official client from <a href="https://www.faforever.com">https://www.faforever.com</a>
2026-09-30T09:13:52.997546Z  INFO faf_app::infra::lobby_ws: lobby authenticated
2026-09-30T09:13:53.976192Z  WARN faf_app::infra::discord: Discord rich presence disconnected reason=Discord is not running
2026-09-30T09:14:08.991137Z  WARN faf_app::infra::discord: Discord rich presence disconnected reason=Discord is not running
2026-09-30T09:14:24.001578Z  WARN faf_app::infra::discord: Discord rich presence disconnected reason=Discord is not running
2026-09-30T09:14:39.013392Z  WARN faf_app::infra::discord: Discord rich presence disconnected reason=Discord is not running
2026-09-30T09:14:54.018903Z  WARN faf_app::infra::discord: Discord rich presence disconnected reason=Discord is not running
2026-09-30T09:15:09.023759Z  WARN faf_app::infra::discord: Discord rich presence disconnected reason=Discord is not running
2026-09-30T09:15:24.038727Z  WARN faf_app::infra::discord: Discord rich presence disconnected reason=Discord is not running
2026-09-30T09:15:39.053093Z  WARN faf_app::infra::discord: Discord rich presence disconnected reason=Discord is not running
2026-09-30T09:15:54.057144Z  WARN faf_app::infra::discord: Discord rich presence disconnected reason=Discord is not running
2026-09-30T09:16:09.058566Z  WARN faf_app::infra::discord: Discord rich presence disconnected reason=Discord is not running
2026-09-30T09:16:24.073078Z  WARN faf_app::infra::discord: Discord rich presence disconnected reason=Discord is not running
2026-09-30T09:16:39.081376Z  WARN faf_app::infra::discord: Discord rich presence disconnected reason=Discord is not running
2026-09-30T09:16:54.088036Z  WARN faf_app::infra::discord: Discord rich presence disconnected reason=Discord is not running
2026-09-30T09:17:09.092634Z  WARN faf_app::infra::discord: Discord rich presence disconnected reason=Discord is not running
2026-09-30T09:17:24.095511Z  WARN faf_app::infra::discord: Discord rich presence disconnected reason=Discord is not running
2026-09-30T09:17:39.103077Z  WARN faf_app::infra::discord: Discord rich presence disconnected reason=Discord is not running
2026-09-30T09:17:54.117457Z  WARN faf_app::infra::discord: Discord rich presence disconnected reason=Discord is not running
2026-09-30T09:18:09.124646Z  WARN faf_app::infra::discord: Discord rich presence disconnected reason=Discord is not running
2026-09-30T09:18:24.139306Z  WARN faf_app::infra::discord: Discord rich presence disconnected reason=Discord is not running
2026-09-30T09:18:39.147695Z  WARN faf_app::infra::discord: Discord rich presence disconnected reason=Discord is not running
2026-09-30T09:18:54.149682Z  WARN faf_app::infra::discord: Discord rich presence disconnected reason=Discord is not running
2026-09-30T09:19:09.164596Z  WARN faf_app::infra::discord: Discord rich presence disconnected reason=Discord is not running
2026-09-30T09:19:24.168617Z  WARN faf_app::infra::discord: Discord rich presence disconnected reason=Discord is not running
2026-09-30T09:19:39.170175Z  WARN faf_app::infra::discord: Discord rich presence disconnected reason=Discord is not running
2026-09-30T09:19:54.182109Z  WARN faf_app::infra::discord: Discord rich presence disconnected reason=Discord is not running
2026-09-30T09:20:09.192783Z  WARN faf_app::infra::discord: Discord rich presence disconnected reason=Discord is not running
2026-09-30T09:20:24.200590Z  WARN faf_app::infra::discord: Discord rich presence disconnected reason=Discord is not running
2026-09-30T09:20:39.204638Z  WARN faf_app::infra::discord: Discord rich presence disconnected reason=Discord is not running
2026-09-30T09:20:54.215826Z  WARN faf_app::infra::discord: Discord rich presence disconnected reason=Discord is not running
2026-09-30T09:21:09.226124Z  WARN faf_app::infra::discord: Discord rich presence disconnected reason=Discord is not running
2026-09-30T09:21:24.240572Z  WARN faf_app::infra::discord: Discord rich presence disconnected reason=Discord is not running
2026-09-30T09:21:39.248740Z  WARN faf_app::infra::discord: Discord rich presence disconnected reason=Discord is not running
2026-09-30T09:21:54.261952Z  WARN faf_app::infra::discord: Discord rich presence disconnected reason=Discord is not running
2026-09-30T09:22:09.268495Z  WARN faf_app::infra::discord: Discord rich presence disconnected reason=Discord is not running
2026-09-30T09:22:24.282930Z  WARN faf_app::infra::discord: Discord rich presence disconnected reason=Discord is not running
2026-09-30T09:22:39.296287Z  WARN faf_app::infra::discord: Discord rich presence disconnected reason=Discord is not running
2026-09-30T09:22:54.305089Z  WARN faf_app::infra::discord: Discord rich presence disconnected reason=Discord is not running
2026-09-30T09:23:09.314405Z  WARN faf_app::infra::discord: Discord rich presence disconnected reason=Discord is not running
2026-09-30T09:23:24.319547Z  WARN faf_app::infra::discord: Discord rich presence disconnected reason=Discord is not running
2026-09-30T09:23:39.321134Z  WARN faf_app::infra::discord: Discord rich presence disconnected reason=Discord is not running
2026-09-30T09:23:54.324327Z  WARN faf_app::infra::discord: Discord rich presence disconnected reason=Discord is not running
2026-09-30T09:24:09.331556Z  WARN faf_app::infra::discord: Discord rich presence disconnected reason=Discord is not running
2026-09-30T09:24:24.333903Z  WARN faf_app::infra::discord: Discord rich presence disconnected reason=Discord is not running
2026-09-30T09:24:39.338915Z  WARN faf_app::infra::discord: Discord rich presence disconnected reason=Discord is not running
2026-09-30T09:24:54.341543Z  WARN faf_app::infra::discord: Discord rich presence disconnected reason=Discord is not running
2026-09-30T09:25:09.357442Z  WARN faf_app::infra::discord: Discord rich presence disconnected reason=Discord is not running
2026-09-30T09:25:24.373828Z  WARN faf_app::infra::discord: Discord rich presence disconnected reason=Discord is not running
2026-09-30T09:25:39.381055Z  WARN faf_app::infra::discord: Discord rich presence disconnected reason=Discord is not running
2026-09-30T09:25:54.389219Z  WARN faf_app::infra::discord: Discord rich presence disconnected reason=Discord is not running
2026-09-30T09:26:09.390665Z  WARN faf_app::infra::discord: Discord rich presence disconnected reason=Discord is not running
2026-09-30T09:26:24.395597Z  WARN faf_app::infra::discord: Discord rich presence disconnected reason=Discord is not running
2026-09-30T09:26:39.396641Z  WARN faf_app::infra::discord: Discord rich presence disconnected reason=Discord is not running
2026-09-30T09:26:54.407004Z  WARN faf_app::infra::discord: Discord rich presence disconnected reason=Discord is not running
2026-09-30T09:27:09.419418Z  WARN faf_app::infra::discord: Discord rich presence disconnected reason=Discord is not running
2026-09-30T09:27:24.435787Z  WARN faf_app::infra::discord: Discord rich presence disconnected reason=Discord is not running
2026-09-30T09:27:39.441992Z  WARN faf_app::infra::discord: Discord rich presence disconnected reason=Discord is not running
2026-09-30T09:27:54.450646Z  WARN faf_app::infra::discord: Discord rich presence disconnected reason=Discord is not running
2026-09-30T09:28:09.453242Z  WARN faf_app::infra::discord: Discord rich presence disconnected reason=Discord is not running
2026-09-30T09:28:24.462932Z  WARN faf_app::infra::discord: Discord rich presence disconnected reason=Discord is not running
2026-09-30T09:28:39.475818Z  WARN faf_app::infra::discord: Discord rich presence disconnected reason=Discord is not running
2026-09-30T09:28:54.481751Z  WARN faf_app::infra::discord: Discord rich presence disconnected reason=Discord is not running
2026-09-30T09:29:09.493665Z  WARN faf_app::infra::discord: Discord rich presence disconnected reason=Discord is not running
2026-09-30T09:29:17.387344Z  INFO faf_app::infra::game_updater: resolved retail FA install for fa_path path=C:\Program Files (x86)\Steam\steamapps\common\Supreme Commander Forged Alliance
2026-09-30T09:29:17.445677Z  INFO faf_app::infra::lobby_ws: lobby issued game launch game_id=27877771
2026-09-30T09:29:17.445815Z  INFO faf_app::infra::ice_select: starting selected ICE backend backend="Java (faf-ice-adapter)"
2026-09-30T09:29:24.497194Z  WARN faf_app::infra::discord: Discord rich presence disconnected reason=Discord is not running
2026-09-30T09:29:27.522854Z  INFO faf_app::infra::ice_java: starting Java ICE adapter game_id=27877771 rpc_port=61228 gpgnet_port=61229
2026-09-30T09:29:29.107715Z  INFO faf_app::infra::replay_recorder: recording this game's replay port=61233 game_id=27877771
2026-09-30T09:29:29.107840Z  INFO faf_app::infra::game: launching Forged Alliance argument_count=17 wrapper=""
2026-09-30T09:29:35.966314Z  INFO faf_app::infra::ice_java: ICE adapter connection state state="Connected"
2026-09-30T09:29:37.648103Z  INFO faf_app::infra::ice_java: ICE negotiation state remote_player=548000 state="gathering"
2026-09-30T09:29:39.499159Z  WARN faf_app::infra::discord: Discord rich presence disconnected reason=Discord is not running
2026-09-30T09:29:44.956311Z  INFO faf_app::infra::ice_java: ICE negotiation state remote_player=548000 state="awaitingCandidates"
2026-09-30T09:29:44.960571Z  INFO faf_app::infra::ice_java: ICE negotiation state remote_player=548000 state="checking"
2026-09-30T09:29:48.353696Z  INFO faf_app::infra::ice_java: ICE negotiation state remote_player=548000 state="disconnected"
2026-09-30T09:29:48.380346Z  INFO faf_app::infra::ice_java: ICE negotiation state remote_player=548000 state="gathering"
2026-09-30T09:29:50.677663Z  INFO faf_app::infra::ice_java: ICE negotiation state remote_player=548000 state="awaitingCandidates"
2026-09-30T09:29:50.679097Z  INFO faf_app::infra::ice_java: ICE negotiation state remote_player=548000 state="checking"
2026-09-30T09:29:50.895520Z  INFO faf_app::infra::ice_java: ICE peer state remote_player=548000 connected=true
2026-09-30T09:29:50.895573Z  INFO faf_app::infra::ice_java: ICE peer state remote_player=548000 connected=true
2026-09-30T09:29:50.895736Z  INFO faf_app::infra::ice_java: ICE negotiation state remote_player=548000 state="connected"
2026-09-30T09:29:50.895788Z  INFO faf_app::infra::ice_java: ICE negotiation state remote_player=548000 state="connected"
2026-09-30T09:29:54.514126Z  WARN faf_app::infra::discord: Discord rich presence disconnected reason=Discord is not running
2026-09-30T09:30:09.529284Z  WARN faf_app::infra::discord: Discord rich presence disconnected reason=Discord is not running
2026-09-30T09:30:23.982298Z  INFO faf_app::infra::ice_java: ICE negotiation state remote_player=561229 state="gathering"
2026-09-30T09:30:24.540653Z  WARN faf_app::infra::discord: Discord rich presence disconnected reason=Discord is not running
2026-09-30T09:30:26.247787Z  INFO faf_app::infra::ice_java: ICE negotiation state remote_player=561229 state="awaitingCandidates"
2026-09-30T09:30:26.248640Z  INFO faf_app::infra::ice_java: ICE negotiation state remote_player=561229 state="checking"
2026-09-30T09:30:26.809099Z  INFO faf_app::infra::ice_java: ICE peer state remote_player=561229 connected=true
2026-09-30T09:30:26.809230Z  INFO faf_app::infra::ice_java: ICE negotiation state remote_player=561229 state="connected"
2026-09-30T09:30:39.542431Z  WARN faf_app::infra::discord: Discord rich presence disconnected reason=Discord is not running
2026-09-30T09:30:54.547949Z  WARN faf_app::infra::discord: Discord rich presence disconnected reason=Discord is not running
2026-09-30T09:31:09.562730Z  WARN faf_app::infra::discord: Discord rich presence disconnected reason=Discord is not running
2026-09-30T09:31:14.378805Z  INFO faf_app::infra::game_updater: resolved retail FA install for fa_path path=C:\Program Files (x86)\Steam\steamapps\common\Supreme Commander Forged Alliance
2026-09-30T09:31:14.379302Z  INFO faf_app::infra::replay: generating map required by replay playback map_name="neroxis_map_generator_1.21.2_33njh3j6h5dpi_bqfq"
2026-09-30T09:31:16.752250Z  INFO faf_app::infra::game: launching Forged Alliance argument_count=9 wrapper=""
2026-09-30T09:31:24.571966Z  WARN faf_app::infra::discord: Discord rich presence disconnected reason=Discord is not running
2026-09-30T09:31:39.575189Z  WARN faf_app::infra::discord: Discord rich presence disconnected reason=Discord is not running
2026-09-30T09:31:54.591999Z  WARN faf_app::infra::discord: Discord rich presence disconnected reason=Discord is not running
2026-09-30T09:32:09.592519Z  WARN faf_app::infra::discord: Discord rich presence disconnected reason=Discord is not running
2026-09-30T09:32:24.606233Z  WARN faf_app::infra::discord: Discord rich presence disconnected reason=Discord is not running
2026-09-30T09:32:39.620152Z  WARN faf_app::infra::discord: Discord rich presence disconnected reason=Discord is not running
2026-09-30T09:32:54.636097Z  WARN faf_app::infra::discord: Discord rich presence disconnected reason=Discord is not running
2026-09-30T09:33:09.645330Z  WARN faf_app::infra::discord: Discord rich presence disconnected reason=Discord is not running
2026-09-30T09:33:24.656449Z  WARN faf_app::infra::discord: Discord rich presence disconnected reason=Discord is not running
2026-09-30T09:33:39.663875Z  WARN faf_app::infra::discord: Discord rich presence disconnected reason=Discord is not running
2026-09-30T09:33:54.667797Z  WARN faf_app::infra::discord: Discord rich presence disconnected reason=Discord is not running
2026-09-30T09:34:09.672498Z  WARN faf_app::infra::discord: Discord rich presence disconnected reason=Discord is not running
2026-09-30T09:34:24.676308Z  WARN faf_app::infra::discord: Discord rich presence disconnected reason=Discord is not running
2026-09-30T09:34:39.684137Z  WARN faf_app::infra::discord: Discord rich presence disconnected reason=Discord is not running
2026-09-30T09:34:54.687192Z  WARN faf_app::infra::discord: Discord rich presence disconnected reason=Discord is not running
2026-09-30T09:35:09.700610Z  WARN faf_app::infra::discord: Discord rich presence disconnected reason=Discord is not running
2026-09-30T09:35:24.701346Z  WARN faf_app::infra::discord: Discord rich presence disconnected reason=Discord is not running
2026-09-30T09:35:39.714895Z  WARN faf_app::infra::discord: Discord rich presence disconnected reason=Discord is not running
2026-09-30T09:35:54.720109Z  WARN faf_app::infra::discord: Discord rich presence disconnected reason=Discord is not running
2026-09-30T09:36:09.728357Z  WARN faf_app::infra::discord: Discord rich presence disconnected reason=Discord is not running
2026-09-30T09:36:24.732349Z  WARN faf_app::infra::discord: Discord rich presence disconnected reason=Discord is not running
2026-09-30T09:36:39.745655Z  WARN faf_app::infra::discord: Discord rich presence disconnected reason=Discord is not running
2026-09-30T09:36:54.750354Z  WARN faf_app::infra::discord: Discord rich presence disconnected reason=Discord is not running
2026-09-30T09:37:09.761324Z  WARN faf_app::infra::discord: Discord rich presence disconnected reason=Discord is not running
2026-09-30T09:37:24.764775Z  WARN faf_app::infra::discord: Discord rich presence disconnected reason=Discord is not running
2026-09-30T09:37:39.766082Z  WARN faf_app::infra::discord: Discord rich presence disconnected reason=Discord is not running
2026-09-30T09:37:54.776680Z  WARN faf_app::infra::discord: Discord rich presence disconnected reason=Discord is not running
2026-09-30T09:38:09.791224Z  WARN faf_app::infra::discord: Discord rich presence disconnected reason=Discord is not running
2026-09-30T09:38:24.808724Z  WARN faf_app::infra::discord: Discord rich presence disconnected reason=Discord is not running
2026-09-30T09:38:39.815270Z  WARN faf_app::infra::discord: Discord rich presence disconnected reason=Discord is not running
2026-09-30T09:38:54.820950Z  WARN faf_app::infra::discord: Discord rich presence disconnected reason=Discord is not running
2026-09-30T09:39:09.824844Z  WARN faf_app::infra::discord: Discord rich presence disconnected reason=Discord is not running
2026-09-30T09:39:24.835381Z  WARN faf_app::infra::discord: Discord rich presence disconnected reason=Discord is not running
2026-09-30T09:39:39.840993Z  WARN faf_app::infra::discord: Discord rich presence disconnected reason=Discord is not running
2026-09-30T09:39:54.844749Z  WARN faf_app::infra::discord: Discord rich presence disconnected reason=Discord is not running
2026-09-30T09:40:09.859459Z  WARN faf_app::infra::discord: Discord rich presence disconnected reason=Discord is not running
2026-09-30T09:40:24.863869Z  WARN faf_app::infra::discord: Discord rich presence disconnected reason=Discord is not running
2026-09-30T09:40:39.874867Z  WARN faf_app::infra::discord: Discord rich presence disconnected reason=Discord is not running
2026-09-30T09:40:54.877229Z  WARN faf_app::infra::discord: Discord rich presence disconnected reason=Discord is not running
2026-09-30T09:41:09.890734Z  WARN faf_app::infra::discord: Discord rich presence disconnected reason=Discord is not running
2026-09-30T09:41:24.893117Z  WARN faf_app::infra::discord: Discord rich presence disconnected reason=Discord is not running
2026-09-30T09:41:39.908164Z  WARN faf_app::infra::discord: Discord rich presence disconnected reason=Discord is not running
2026-09-30T09:41:54.919727Z  WARN faf_app::infra::discord: Discord rich presence disconnected reason=Discord is not running
2026-09-30T09:42:09.930431Z  WARN faf_app::infra::discord: Discord rich presence disconnected reason=Discord is not running
2026-09-30T09:42:24.936835Z  WARN faf_app::infra::discord: Discord rich presence disconnected reason=Discord is not running
2026-09-30T09:42:39.949266Z  WARN faf_app::infra::discord: Discord rich presence disconnected reason=Discord is not running
2026-09-30T09:42:54.963942Z  WARN faf_app::infra::discord: Discord rich presence disconnected reason=Discord is not running
2026-09-30T09:43:09.972916Z  WARN faf_app::infra::discord: Discord rich presence disconnected reason=Discord is not running
2026-09-30T09:43:24.984648Z  WARN faf_app::infra::discord: Discord rich presence disconnected reason=Discord is not running
2026-09-30T09:43:39.992720Z  WARN faf_app::infra::discord: Discord rich presence disconnected reason=Discord is not running
2026-09-30T09:43:54.999116Z  WARN faf_app::infra::discord: Discord rich presence disconnected reason=Discord is not running
2026-09-30T09:44:10.015399Z  WARN faf_app::infra::discord: Discord rich presence disconnected reason=Discord is not running
2026-09-30T09:44:25.027606Z  WARN faf_app::infra::discord: Discord rich presence disconnected reason=Discord is not running
2026-09-30T09:44:40.043350Z  WARN faf_app::infra::discord: Discord rich presence disconnected reason=Discord is not running
2026-09-30T09:44:55.053359Z  WARN faf_app::infra::discord: Discord rich presence disconnected reason=Discord is not running
2026-09-30T09:45:05.416485Z  INFO faf_app::infra::ice_java: ICE adapter connection state state="Disconnected"
2026-09-30T09:45:05.421631Z  INFO faf_app::infra::ice_java: ICE peer state remote_player=548000 connected=false
2026-09-30T09:45:05.421847Z  INFO faf_app::infra::ice_java: ICE negotiation state remote_player=548000 state="disconnected"
2026-09-30T09:45:05.929389Z  INFO faf_app::services::launcher: the game process exited; releasing the launch
2026-09-30T09:45:05.960196Z  WARN faf_app::infra::ice_java: Java ICE adapter notification stream ended
2026-09-30T09:45:06.596990Z  INFO faf_app::services::launcher: launcher: game exit cleanup complete
2026-09-30T09:45:10.068284Z  WARN faf_app::infra::discord: Discord rich presence disconnected reason=Discord is not running
2026-09-30T09:45:25.081978Z  WARN faf_app::infra::discord: Discord rich presence disconnected reason=Discord is not running
2026-09-30T09:45:40.095702Z  WARN faf_app::infra::discord: Discord rich presence disconnected reason=Discord is not running
2026-09-30T09:45:55.096719Z  WARN faf_app::infra::discord: Discord rich presence disconnected reason=Discord is not running
2026-09-30T09:46:10.106451Z  WARN faf_app::infra::discord: Discord rich presence disconnected reason=Discord is not running
2026-09-30T09:46:25.117096Z  WARN faf_app::infra::discord: Discord rich presence disconnected reason=Discord is not running
2026-09-30T09:46:40.121868Z  WARN faf_app::infra::discord: Discord rich presence disconnected reason=Discord is not running
2026-09-30T09:46:55.134819Z  WARN faf_app::infra::discord: Discord rich presence disconnected reason=Discord is not running
2026-09-30T09:47:10.142457Z  WARN faf_app::infra::discord: Discord rich presence disconnected reason=Discord is not running
2026-09-30T09:47:25.157251Z  WARN faf_app::infra::discord: Discord rich presence disconnected reason=Discord is not running
2026-09-30T09:47:40.160348Z  WARN faf_app::infra::discord: Discord rich presence disconnected reason=Discord is not running
2026-09-30T09:47:55.166984Z  WARN faf_app::infra::discord: Discord rich presence disconnected reason=Discord is not running
2026-09-30T09:48:10.182577Z  WARN faf_app::infra::discord: Discord rich presence disconnected reason=Discord is not running
2026-09-30T09:48:25.190510Z  WARN faf_app::infra::discord: Discord rich presence disconnected reason=Discord is not running
2026-09-30T09:48:40.206364Z  WARN faf_app::infra::discord: Discord rich presence disconnected reason=Discord is not running
2026-09-30T09:48:55.208803Z  WARN faf_app::infra::discord: Discord rich presence disconnected reason=Discord is not running
2026-09-30T09:49:10.224922Z  WARN faf_app::infra::discord: Discord rich presence disconnected reason=Discord is not running
2026-09-30T09:49:25.230957Z  WARN faf_app::infra::discord: Discord rich presence disconnected reason=Discord is not running
2026-09-30T09:49:33.035528Z  INFO faf_app::infra::lobby_ws: lobby issued game launch game_id=27877837
2026-09-30T09:49:34.624158Z  INFO faf_app::infra::game_updater: resolved retail FA install for fa_path path=C:\Program Files (x86)\Steam\steamapps\common\Supreme Commander Forged Alliance
2026-09-30T09:49:34.624990Z  INFO faf_app::infra::ice_select: starting selected ICE backend backend="Java (faf-ice-adapter)"
2026-09-30T09:49:40.240287Z  WARN faf_app::infra::discord: Discord rich presence disconnected reason=Discord is not running
2026-09-30T09:49:44.689253Z  INFO faf_app::infra::ice_java: starting Java ICE adapter game_id=27877837 rpc_port=53346 gpgnet_port=53347
2026-09-30T09:49:45.716936Z  INFO faf_app::infra::replay_recorder: recording this game's replay port=53351 game_id=27877837
2026-09-30T09:49:45.717037Z  INFO faf_app::infra::game: launching Forged Alliance argument_count=24 wrapper=""
2026-09-30T09:49:51.642842Z  INFO faf_app::infra::ice_java: ICE adapter connection state state="Connected"
2026-09-30T09:49:55.250016Z  WARN faf_app::infra::discord: Discord rich presence disconnected reason=Discord is not running
2026-09-30T09:50:10.260365Z  WARN faf_app::infra::discord: Discord rich presence disconnected reason=Discord is not running
2026-09-30T09:50:21.184685Z  INFO faf_app::infra::ice_java: ICE negotiation state remote_player=112454 state="gathering"
2026-09-30T09:50:25.272927Z  WARN faf_app::infra::discord: Discord rich presence disconnected reason=Discord is not running
2026-09-30T09:50:28.503630Z  INFO faf_app::infra::ice_java: ICE negotiation state remote_player=112454 state="awaitingCandidates"
2026-09-30T09:50:30.706067Z  INFO faf_app::infra::ice_java: ICE negotiation state remote_player=112454 state="checking"
2026-09-30T09:50:31.319711Z  INFO faf_app::infra::ice_java: ICE peer state remote_player=112454 connected=true
2026-09-30T09:50:31.319883Z  INFO faf_app::infra::ice_java: ICE negotiation state remote_player=112454 state="connected"
2026-09-30T09:50:40.275288Z  WARN faf_app::infra::discord: Discord rich presence disconnected reason=Discord is not running
2026-09-30T09:50:55.290086Z  WARN faf_app::infra::discord: Discord rich presence disconnected reason=Discord is not running
2026-09-30T09:51:10.301995Z  WARN faf_app::infra::discord: Discord rich presence disconnected reason=Discord is not running
2026-09-30T09:51:25.314581Z  WARN faf_app::infra::discord: Discord rich presence disconnected reason=Discord is not running
2026-09-30T09:51:40.322860Z  WARN faf_app::infra::discord: Discord rich presence disconnected reason=Discord is not running
2026-09-30T09:51:55.337101Z  WARN faf_app::infra::discord: Discord rich presence disconnected reason=Discord is not running
2026-09-30T09:52:10.348231Z  WARN faf_app::infra::discord: Discord rich presence disconnected reason=Discord is not running
2026-09-30T09:52:25.363704Z  WARN faf_app::infra::discord: Discord rich presence disconnected reason=Discord is not running
2026-09-30T09:52:40.365681Z  WARN faf_app::infra::discord: Discord rich presence disconnected reason=Discord is not running
2026-09-30T09:52:55.372230Z  WARN faf_app::infra::discord: Discord rich presence disconnected reason=Discord is not running
2026-09-30T09:53:10.384108Z  WARN faf_app::infra::discord: Discord rich presence disconnected reason=Discord is not running
2026-09-30T09:53:25.393536Z  WARN faf_app::infra::discord: Discord rich presence disconnected reason=Discord is not running
2026-09-30T09:53:40.407672Z  WARN faf_app::infra::discord: Discord rich presence disconnected reason=Discord is not running
2026-09-30T09:53:55.418533Z  WARN faf_app::infra::discord: Discord rich presence disconnected reason=Discord is not running
2026-09-30T09:54:10.429030Z  WARN faf_app::infra::discord: Discord rich presence disconnected reason=Discord is not running
2026-09-30T09:54:25.437361Z  WARN faf_app::infra::discord: Discord rich presence disconnected reason=Discord is not running
2026-09-30T09:54:40.440352Z  WARN faf_app::infra::discord: Discord rich presence disconnected reason=Discord is not running
2026-09-30T09:54:55.455952Z  WARN faf_app::infra::discord: Discord rich presence disconnected reason=Discord is not running
2026-09-30T09:55:07.198303Z  INFO faf_app::infra::replay_recorder: replay recorded path=C:\ProgramData\FAForever\replays\27877837-DillyDally.fafreplay raw_bytes=70579 bytes=10736 complete=true
2026-09-30T09:55:07.198537Z  INFO faf_app::infra::replay_relay: replay uploaded to FAF game_id=27877837 bytes=70612
2026-09-30T09:55:09.422582Z  INFO faf_app::infra::ice_java: ICE adapter connection state state="Disconnected"
2026-09-30T09:55:09.997327Z  INFO faf_app::services::launcher: the game process exited; releasing the launch
2026-09-30T09:55:10.061612Z  WARN faf_app::infra::ice_java: Java ICE adapter notification stream ended
2026-09-30T09:55:10.304400Z  INFO faf_app::services::launcher: launcher: game exit cleanup complete
2026-09-30T09:55:10.466588Z  WARN faf_app::infra::discord: Discord rich presence disconnected reason=Discord is not running
2026-09-30T09:55:25.477117Z  WARN faf_app::infra::discord: Discord rich presence disconnected reason=Discord is not running
2026-09-30T09:55:40.485304Z  WARN faf_app::infra::discord: Discord rich presence disconnected reason=Discord is not running
2026-09-30T09:55:55.495142Z  WARN faf_app::infra::discord: Discord rich presence disconnected reason=Discord is not running
2026-09-30T09:56:08.371851Z  INFO faforever_rust_client_lib::diagnostics: client diagnostics initialized retained_files=7 max_file_bytes=10485760
2026-09-30T09:56:08.374413Z  WARN faf_app::infra::discord: Discord rich presence disconnected reason=Discord is not running
2026-09-30T09:56:09.738438Z  INFO faf_app::infra::irc: chat WebSocket connected
2026-09-30T09:56:09.748214Z  INFO faf_app::infra::lobby_ws: lobby WebSocket connected
2026-09-30T09:56:09.800789Z  INFO faf_app::infra::lobby_ws: lobby notice received style=Info text=You are using an unofficial client version! Some features might not work as expected. If you experience any problems please download the latest version of the official client from <a href="https://www.faforever.com">https://www.faforever.com</a>
2026-09-30T09:56:12.044718Z  INFO faf_app::infra::lobby_ws: lobby authenticated
2026-09-30T09:56:23.388894Z  WARN faf_app::infra::discord: Discord rich presence disconnected reason=Discord is not running
2026-09-30T09:56:38.400852Z  WARN faf_app::infra::discord: Discord rich presence disconnected reason=Discord is not running
2026-09-30T09:56:53.405609Z  WARN faf_app::infra::discord: Discord rich presence disconnected reason=Discord is not running
2026-09-30T09:57:08.413553Z  WARN faf_app::infra::discord: Discord rich presence disconnected reason=Discord is not running
2026-09-30T10:23:00.450231Z  INFO faforever_rust_client_lib::diagnostics: client diagnostics initialized retained_files=7 max_file_bytes=10485760
2026-09-30T10:23:00.452659Z  WARN faf_app::infra::discord: Discord rich presence disconnected reason=Discord is not running
2026-09-30T10:23:01.696130Z  INFO faf_app::infra::lobby_ws: lobby WebSocket connected
2026-09-30T10:23:01.727358Z  INFO faf_app::infra::irc: chat WebSocket connected
2026-09-30T10:23:01.730126Z  INFO faf_app::infra::lobby_ws: lobby notice received style=Info text=You are using an unofficial client version! Some features might not work as expected. If you experience any problems please download the latest version of the official client from <a href="https://www.faforever.com">https://www.faforever.com</a>
2026-09-30T10:23:03.953110Z  INFO faf_app::infra::lobby_ws: lobby authenticated
2026-09-30T10:23:15.453999Z  WARN faf_app::infra::discord: Discord rich presence disconnected reason=Discord is not running
2026-09-30T10:23:30.456089Z  WARN faf_app::infra::discord: Discord rich presence disconnected reason=Discord is not running
2026-09-30T10:23:45.470570Z  WARN faf_app::infra::discord: Discord rich presence disconnected reason=Discord is not running
2026-09-30T10:24:49.419428Z  INFO faforever_rust_client_lib::diagnostics: client diagnostics initialized retained_files=7 max_file_bytes=10485760
2026-09-30T10:24:49.421030Z  WARN faf_app::infra::discord: Discord rich presence disconnected reason=Discord is not running
2026-09-30T10:24:50.844410Z  INFO faf_app::infra::lobby_ws: lobby WebSocket connected
2026-09-30T10:24:50.873588Z  INFO faf_app::infra::irc: chat WebSocket connected
2026-09-30T10:24:50.878733Z  INFO faf_app::infra::lobby_ws: lobby notice received style=Info text=You are using an unofficial client version! Some features might not work as expected. If you experience any problems please download the latest version of the official client from <a href="https://www.faforever.com">https://www.faforever.com</a>
2026-09-30T10:24:53.155324Z  INFO faf_app::infra::lobby_ws: lobby authenticated
2026-09-30T10:25:04.429772Z  WARN faf_app::infra::discord: Discord rich presence disconnected reason=Discord is not running
2026-09-30T10:25:19.431359Z  WARN faf_app::infra::discord: Discord rich presence disconnected reason=Discord is not running
2026-09-30T10:25:34.439012Z  WARN faf_app::infra::discord: Discord rich presence disconnected reason=Discord is not running
2026-09-30T10:25:49.449707Z  WARN faf_app::infra::discord: Discord rich presence disconnected reason=Discord is not running
2026-09-30T10:26:04.457543Z  WARN faf_app::infra::discord: Discord rich presence disconnected reason=Discord is not running
2026-09-30T10:26:14.961882Z  INFO faf_app::infra::game_updater: resolved retail FA install for fa_path path=C:\Program Files (x86)\Steam\steamapps\common\Supreme Commander Forged Alliance
2026-09-30T10:26:15.360265Z  INFO faf_app::infra::game: launching Forged Alliance argument_count=9 wrapper=""
2026-09-30T10:26:19.466135Z  WARN faf_app::infra::discord: Discord rich presence disconnected reason=Discord is not running
2026-09-30T10:26:34.472414Z  WARN faf_app::infra::discord: Discord rich presence disconnected reason=Discord is not running
2026-09-30T10:26:49.486950Z  WARN faf_app::infra::discord: Discord rich presence disconnected reason=Discord is not running
2026-09-30T10:27:04.491173Z  WARN faf_app::infra::discord: Discord rich presence disconnected reason=Discord is not running
2026-09-30T10:27:19.495879Z  WARN faf_app::infra::discord: Discord rich presence disconnected reason=Discord is not running
2026-09-30T10:27:34.509545Z  WARN faf_app::infra::discord: Discord rich presence disconnected reason=Discord is not running
2026-09-30T10:27:49.524915Z  WARN faf_app::infra::discord: Discord rich presence disconnected reason=Discord is not running
2026-09-30T10:28:04.539734Z  WARN faf_app::infra::discord: Discord rich presence disconnected reason=Discord is not running
2026-09-30T10:28:19.544553Z  WARN faf_app::infra::discord: Discord rich presence disconnected reason=Discord is not running
2026-09-30T10:28:34.557756Z  WARN faf_app::infra::discord: Discord rich presence disconnected reason=Discord is not running
2026-09-30T10:28:49.573163Z  WARN faf_app::infra::discord: Discord rich presence disconnected reason=Discord is not running
2026-09-30T10:29:04.580274Z  WARN faf_app::infra::discord: Discord rich presence disconnected reason=Discord is not running
2026-09-30T10:29:19.592161Z  WARN faf_app::infra::discord: Discord rich presence disconnected reason=Discord is not running
2026-09-30T10:29:34.595224Z  WARN faf_app::infra::discord: Discord rich presence disconnected reason=Discord is not running
2026-09-30T10:29:49.609153Z  WARN faf_app::infra::discord: Discord rich presence disconnected reason=Discord is not running
2026-09-30T10:30:04.619383Z  WARN faf_app::infra::discord: Discord rich presence disconnected reason=Discord is not running
2026-09-30T10:30:19.630411Z  WARN faf_app::infra::discord: Discord rich presence disconnected reason=Discord is not running
2026-09-30T10:30:34.681652Z  WARN faf_app::infra::discord: Discord rich presence disconnected reason=Discord is not running
2026-09-30T10:30:49.713345Z  WARN faf_app::infra::discord: Discord rich presence disconnected reason=Discord is not running
2026-09-30T10:31:04.716101Z  WARN faf_app::infra::discord: Discord rich presence disconnected reason=Discord is not running
2026-09-30T10:31:19.731117Z  WARN faf_app::infra::discord: Discord rich presence disconnected reason=Discord is not running
2026-09-30T10:31:34.742650Z  WARN faf_app::infra::discord: Discord rich presence disconnected reason=Discord is not running
2026-09-30T10:31:49.758586Z  WARN faf_app::infra::discord: Discord rich presence disconnected reason=Discord is not running
2026-09-30T10:32:03.224161Z  INFO faf_app::infra::game_updater: resolved retail FA install for fa_path path=C:\Program Files (x86)\Steam\steamapps\common\Supreme Commander Forged Alliance
2026-09-30T10:32:03.264757Z  INFO faf_app::infra::lobby_ws: lobby issued game launch game_id=27877826
2026-09-30T10:32:03.264811Z  INFO faf_app::infra::ice_select: starting selected ICE backend backend="Java (faf-ice-adapter)"
2026-09-30T10:32:04.765638Z  WARN faf_app::infra::discord: Discord rich presence disconnected reason=Discord is not running
2026-09-30T10:32:13.401981Z  INFO faf_app::infra::ice_java: starting Java ICE adapter game_id=27877826 rpc_port=55096 gpgnet_port=55097
2026-09-30T10:32:15.026491Z  INFO faf_app::infra::replay_recorder: recording this game's replay port=55101 game_id=27877826
2026-09-30T10:32:15.026572Z  INFO faf_app::infra::game: launching Forged Alliance argument_count=17 wrapper=""
2026-09-30T10:32:19.781443Z  WARN faf_app::infra::discord: Discord rich presence disconnected reason=Discord is not running
2026-09-30T10:32:21.233704Z  INFO faf_app::infra::ice_java: ICE adapter connection state state="Connected"
2026-09-30T10:32:21.591004Z  INFO faf_app::infra::ice_java: ICE negotiation state remote_player=189288 state="gathering"
2026-09-30T10:32:21.593294Z  INFO faf_app::infra::ice_java: ICE negotiation state remote_player=362198 state="gathering"
2026-09-30T10:32:21.593451Z  INFO faf_app::infra::ice_java: ICE negotiation state remote_player=127717 state="gathering"
2026-09-30T10:32:21.598072Z  INFO faf_app::infra::ice_java: ICE negotiation state remote_player=318638 state="gathering"
2026-09-30T10:32:21.600459Z  INFO faf_app::infra::ice_java: ICE negotiation state remote_player=375806 state="gathering"
2026-09-30T10:32:21.610072Z  INFO faf_app::infra::ice_java: ICE negotiation state remote_player=377633 state="gathering"
2026-09-30T10:32:23.971779Z  INFO faf_app::infra::ice_java: ICE negotiation state remote_player=565758 state="gathering"
2026-09-30T10:32:28.816873Z  INFO faf_app::infra::ice_java: ICE negotiation state remote_player=127717 state="awaitingCandidates"
2026-09-30T10:32:28.816913Z  INFO faf_app::infra::ice_java: ICE negotiation state remote_player=362198 state="awaitingCandidates"
2026-09-30T10:32:28.816939Z  INFO faf_app::infra::ice_java: ICE negotiation state remote_player=565758 state="awaitingCandidates"
2026-09-30T10:32:28.817238Z  INFO faf_app::infra::ice_java: ICE negotiation state remote_player=375806 state="awaitingCandidates"
2026-09-30T10:32:28.817243Z  INFO faf_app::infra::ice_java: ICE negotiation state remote_player=318638 state="awaitingCandidates"
2026-09-30T10:32:28.822245Z  INFO faf_app::infra::ice_java: ICE negotiation state remote_player=565758 state="checking"
2026-09-30T10:32:28.822422Z  INFO faf_app::infra::ice_java: ICE negotiation state remote_player=189288 state="awaitingCandidates"
2026-09-30T10:32:28.822467Z  INFO faf_app::infra::ice_java: ICE negotiation state remote_player=377633 state="awaitingCandidates"
2026-09-30T10:32:29.023068Z  INFO faf_app::infra::ice_java: ICE negotiation state remote_player=377633 state="checking"
2026-09-30T10:32:29.125966Z  INFO faf_app::infra::ice_java: ICE negotiation state remote_player=127717 state="checking"
2026-09-30T10:32:29.350682Z  INFO faf_app::infra::ice_java: ICE peer state remote_player=377633 connected=true
2026-09-30T10:32:29.350806Z  INFO faf_app::infra::ice_java: ICE negotiation state remote_player=377633 state="connected"
2026-09-30T10:32:29.374657Z  INFO faf_app::infra::ice_java: ICE negotiation state remote_player=189288 state="checking"
2026-09-30T10:32:29.430154Z  INFO faf_app::infra::ice_java: ICE peer state remote_player=127717 connected=true
2026-09-30T10:32:29.430268Z  INFO faf_app::infra::ice_java: ICE negotiation state remote_player=127717 state="connected"
2026-09-30T10:32:29.439065Z  INFO faf_app::infra::ice_java: ICE negotiation state remote_player=375806 state="checking"
2026-09-30T10:32:29.646512Z  INFO faf_app::infra::ice_java: ICE peer state remote_player=565758 connected=true
2026-09-30T10:32:29.646691Z  INFO faf_app::infra::ice_java: ICE negotiation state remote_player=565758 state="connected"
2026-09-30T10:32:30.130453Z  INFO faf_app::infra::ice_java: ICE negotiation state remote_player=362198 state="checking"
2026-09-30T10:32:30.228357Z  INFO faf_app::infra::ice_java: ICE peer state remote_player=189288 connected=true
2026-09-30T10:32:30.228480Z  INFO faf_app::infra::ice_java: ICE negotiation state remote_player=189288 state="connected"
2026-09-30T10:32:30.317118Z  INFO faf_app::infra::ice_java: ICE peer state remote_player=375806 connected=true
2026-09-30T10:32:30.317290Z  INFO faf_app::infra::ice_java: ICE negotiation state remote_player=375806 state="connected"
2026-09-30T10:32:30.792774Z  INFO faf_app::infra::ice_java: ICE peer state remote_player=362198 connected=true
2026-09-30T10:32:30.792885Z  INFO faf_app::infra::ice_java: ICE negotiation state remote_player=362198 state="connected"
2026-09-30T10:32:31.166546Z  INFO faf_app::infra::ice_java: ICE negotiation state remote_player=318638 state="checking"
2026-09-30T10:32:31.516222Z  INFO faf_app::infra::ice_java: ICE peer state remote_player=318638 connected=true
2026-09-30T10:32:31.516314Z  INFO faf_app::infra::ice_java: ICE negotiation state remote_player=318638 state="connected"
2026-09-30T10:32:34.792143Z  WARN faf_app::infra::discord: Discord rich presence disconnected reason=Discord is not running
2026-09-30T10:32:49.797857Z  WARN faf_app::infra::discord: Discord rich presence disconnected reason=Discord is not running
2026-09-30T10:33:04.809746Z  WARN faf_app::infra::discord: Discord rich presence disconnected reason=Discord is not running
2026-09-30T10:33:19.814219Z  WARN faf_app::infra::discord: Discord rich presence disconnected reason=Discord is not running
2026-09-30T10:33:28.973752Z  INFO faf_app::infra::ice_java: ICE negotiation state remote_player=233772 state="gathering"
2026-09-30T10:33:31.224480Z  INFO faf_app::infra::ice_java: ICE negotiation state remote_player=233772 state="awaitingCandidates"
2026-09-30T10:33:31.225087Z  INFO faf_app::infra::ice_java: ICE negotiation state remote_player=233772 state="checking"
2026-09-30T10:33:31.377383Z  INFO faf_app::infra::ice_java: ICE peer state remote_player=233772 connected=true
2026-09-30T10:33:31.377481Z  INFO faf_app::infra::ice_java: ICE negotiation state remote_player=233772 state="connected"
2026-09-30T10:33:34.827184Z  WARN faf_app::infra::discord: Discord rich presence disconnected reason=Discord is not running
2026-09-30T10:33:49.841891Z  WARN faf_app::infra::discord: Discord rich presence disconnected reason=Discord is not running
2026-09-30T10:34:04.843369Z  WARN faf_app::infra::discord: Discord rich presence disconnected reason=Discord is not running
2026-09-30T10:34:19.857856Z  WARN faf_app::infra::discord: Discord rich presence disconnected reason=Discord is not running
2026-09-30T10:34:34.862665Z  WARN faf_app::infra::discord: Discord rich presence disconnected reason=Discord is not running
2026-09-30T10:34:49.870293Z  WARN faf_app::infra::discord: Discord rich presence disconnected reason=Discord is not running
2026-09-30T10:35:04.879003Z  WARN faf_app::infra::discord: Discord rich presence disconnected reason=Discord is not running
2026-09-30T10:35:19.883940Z  WARN faf_app::infra::discord: Discord rich presence disconnected reason=Discord is not running
2026-09-30T10:35:34.891727Z  WARN faf_app::infra::discord: Discord rich presence disconnected reason=Discord is not running
2026-09-30T10:35:49.906704Z  WARN faf_app::infra::discord: Discord rich presence disconnected reason=Discord is not running
2026-09-30T10:36:04.911654Z  WARN faf_app::infra::discord: Discord rich presence disconnected reason=Discord is not running
2026-09-30T10:36:19.925581Z  WARN faf_app::infra::discord: Discord rich presence disconnected reason=Discord is not running
2026-09-30T10:36:34.936033Z  WARN faf_app::infra::discord: Discord rich presence disconnected reason=Discord is not running
2026-09-30T10:36:49.946944Z  WARN faf_app::infra::discord: Discord rich presence disconnected reason=Discord is not running
2026-09-30T10:37:04.952856Z  WARN faf_app::infra::discord: Discord rich presence disconnected reason=Discord is not running
2026-09-30T10:37:19.963468Z  WARN faf_app::infra::discord: Discord rich presence disconnected reason=Discord is not running
2026-09-30T10:37:34.968909Z  WARN faf_app::infra::discord: Discord rich presence disconnected reason=Discord is not running
2026-09-30T10:37:49.971550Z  WARN faf_app::infra::discord: Discord rich presence disconnected reason=Discord is not running
2026-09-30T10:38:04.978250Z  WARN faf_app::infra::discord: Discord rich presence disconnected reason=Discord is not running
2026-09-30T10:38:19.992528Z  WARN faf_app::infra::discord: Discord rich presence disconnected reason=Discord is not running
2026-09-30T10:38:35.002655Z  WARN faf_app::infra::discord: Discord rich presence disconnected reason=Discord is not running
2026-09-30T10:38:50.004730Z  WARN faf_app::infra::discord: Discord rich presence disconnected reason=Discord is not running
2026-09-30T10:39:05.007767Z  WARN faf_app::infra::discord: Discord rich presence disconnected reason=Discord is not running
2026-09-30T10:39:20.012607Z  WARN faf_app::infra::discord: Discord rich presence disconnected reason=Discord is not running
2026-09-30T10:39:35.016090Z  WARN faf_app::infra::discord: Discord rich presence disconnected reason=Discord is not running
2026-09-30T10:39:50.029499Z  WARN faf_app::infra::discord: Discord rich presence disconnected reason=Discord is not running
2026-09-30T10:40:05.037159Z  WARN faf_app::infra::discord: Discord rich presence disconnected reason=Discord is not running
2026-09-30T10:40:20.041433Z  WARN faf_app::infra::discord: Discord rich presence disconnected reason=Discord is not running
2026-09-30T10:40:35.044611Z  WARN faf_app::infra::discord: Discord rich presence disconnected reason=Discord is not running
2026-09-30T10:40:50.053605Z  WARN faf_app::infra::discord: Discord rich presence disconnected reason=Discord is not running
2026-09-30T10:41:05.067152Z  WARN faf_app::infra::discord: Discord rich presence disconnected reason=Discord is not running
2026-09-30T10:41:20.072549Z  WARN faf_app::infra::discord: Discord rich presence disconnected reason=Discord is not running
2026-09-30T10:41:35.082099Z  WARN faf_app::infra::discord: Discord rich presence disconnected reason=Discord is not running
2026-09-30T10:41:50.082671Z  WARN faf_app::infra::discord: Discord rich presence disconnected reason=Discord is not running
2026-09-30T10:42:05.089126Z  WARN faf_app::infra::discord: Discord rich presence disconnected reason=Discord is not running
2026-09-30T10:42:20.100087Z  WARN faf_app::infra::discord: Discord rich presence disconnected reason=Discord is not running
2026-09-30T10:42:35.102463Z  WARN faf_app::infra::discord: Discord rich presence disconnected reason=Discord is not running
2026-09-30T10:42:50.106223Z  WARN faf_app::infra::discord: Discord rich presence disconnected reason=Discord is not running
2026-09-30T10:43:05.107492Z  WARN faf_app::infra::discord: Discord rich presence disconnected reason=Discord is not running
2026-09-30T10:43:20.111631Z  WARN faf_app::infra::discord: Discord rich presence disconnected reason=Discord is not running
2026-09-30T10:43:35.116732Z  WARN faf_app::infra::discord: Discord rich presence disconnected reason=Discord is not running
2026-09-30T10:43:50.131348Z  WARN faf_app::infra::discord: Discord rich presence disconnected reason=Discord is not running
2026-09-30T10:44:05.144276Z  WARN faf_app::infra::discord: Discord rich presence disconnected reason=Discord is not running
2026-09-30T10:44:20.147879Z  WARN faf_app::infra::discord: Discord rich presence disconnected reason=Discord is not running
2026-09-30T10:44:35.161521Z  WARN faf_app::infra::discord: Discord rich presence disconnected reason=Discord is not running
2026-09-30T10:44:50.174381Z  WARN faf_app::infra::discord: Discord rich presence disconnected reason=Discord is not running
2026-09-30T10:45:05.182957Z  WARN faf_app::infra::discord: Discord rich presence disconnected reason=Discord is not running
2026-09-30T10:45:20.196207Z  WARN faf_app::infra::discord: Discord rich presence disconnected reason=Discord is not running
2026-09-30T10:45:35.199547Z  WARN faf_app::infra::discord: Discord rich presence disconnected reason=Discord is not running
2026-09-30T10:45:50.209354Z  WARN faf_app::infra::discord: Discord rich presence disconnected reason=Discord is not running
2026-09-30T10:46:05.222967Z  WARN faf_app::infra::discord: Discord rich presence disconnected reason=Discord is not running
2026-09-30T10:46:20.238733Z  WARN faf_app::infra::discord: Discord rich presence disconnected reason=Discord is not running
2026-09-30T10:46:35.245656Z  WARN faf_app::infra::discord: Discord rich presence disconnected reason=Discord is not running
2026-09-30T10:46:50.250277Z  WARN faf_app::infra::discord: Discord rich presence disconnected reason=Discord is not running
2026-09-30T10:47:05.259640Z  WARN faf_app::infra::discord: Discord rich presence disconnected reason=Discord is not running
2026-09-30T10:47:20.273943Z  WARN faf_app::infra::discord: Discord rich presence disconnected reason=Discord is not running
2026-09-30T10:47:35.288939Z  WARN faf_app::infra::discord: Discord rich presence disconnected reason=Discord is not running
2026-09-30T10:47:50.301432Z  WARN faf_app::infra::discord: Discord rich presence disconnected reason=Discord is not running
2026-09-30T10:48:05.304734Z  WARN faf_app::infra::discord: Discord rich presence disconnected reason=Discord is not running
2026-09-30T10:48:20.307948Z  WARN faf_app::infra::discord: Discord rich presence disconnected reason=Discord is not running
2026-09-30T10:48:35.309698Z  WARN faf_app::infra::discord: Discord rich presence disconnected reason=Discord is not running
2026-09-30T10:48:50.321471Z  WARN faf_app::infra::discord: Discord rich presence disconnected reason=Discord is not running
2026-09-30T10:49:05.328122Z  WARN faf_app::infra::discord: Discord rich presence disconnected reason=Discord is not running
2026-09-30T10:49:20.339978Z  WARN faf_app::infra::discord: Discord rich presence disconnected reason=Discord is not running
2026-09-30T10:49:35.345619Z  WARN faf_app::infra::discord: Discord rich presence disconnected reason=Discord is not running
2026-09-30T10:49:50.359537Z  WARN faf_app::infra::discord: Discord rich presence disconnected reason=Discord is not running
2026-09-30T10:50:05.368435Z  WARN faf_app::infra::discord: Discord rich presence disconnected reason=Discord is not running
2026-09-30T10:50:20.383715Z  WARN faf_app::infra::discord: Discord rich presence disconnected reason=Discord is not running
2026-09-30T10:50:35.398900Z  WARN faf_app::infra::discord: Discord rich presence disconnected reason=Discord is not running
2026-09-30T10:50:50.399663Z  WARN faf_app::infra::discord: Discord rich presence disconnected reason=Discord is not running
2026-09-30T10:51:05.402477Z  WARN faf_app::infra::discord: Discord rich presence disconnected reason=Discord is not running
2026-09-30T10:51:20.414777Z  WARN faf_app::infra::discord: Discord rich presence disconnected reason=Discord is not running
2026-09-30T10:51:35.419109Z  WARN faf_app::infra::discord: Discord rich presence disconnected reason=Discord is not running
2026-09-30T10:51:50.434640Z  WARN faf_app::infra::discord: Discord rich presence disconnected reason=Discord is not running
2026-09-30T10:52:05.439105Z  WARN faf_app::infra::discord: Discord rich presence disconnected reason=Discord is not running
2026-09-30T10:52:20.444895Z  WARN faf_app::infra::discord: Discord rich presence disconnected reason=Discord is not running
2026-09-30T10:52:35.458195Z  WARN faf_app::infra::discord: Discord rich presence disconnected reason=Discord is not running
2026-09-30T10:52:50.466192Z  WARN faf_app::infra::discord: Discord rich presence disconnected reason=Discord is not running
2026-09-30T10:53:05.478613Z  WARN faf_app::infra::discord: Discord rich presence disconnected reason=Discord is not running
2026-09-30T10:53:20.491549Z  WARN faf_app::infra::discord: Discord rich presence disconnected reason=Discord is not running
2026-09-30T10:53:35.502557Z  WARN faf_app::infra::discord: Discord rich presence disconnected reason=Discord is not running
2026-09-30T10:53:50.509993Z  WARN faf_app::infra::discord: Discord rich presence disconnected reason=Discord is not running
2026-09-30T10:54:05.520497Z  WARN faf_app::infra::discord: Discord rich presence disconnected reason=Discord is not running
2026-09-30T10:54:20.523744Z  WARN faf_app::infra::discord: Discord rich presence disconnected reason=Discord is not running
2026-09-30T10:54:35.535146Z  WARN faf_app::infra::discord: Discord rich presence disconnected reason=Discord is not running
2026-09-30T10:54:50.549514Z  WARN faf_app::infra::discord: Discord rich presence disconnected reason=Discord is not running
2026-09-30T10:55:05.558862Z  WARN faf_app::infra::discord: Discord rich presence disconnected reason=Discord is not running
2026-09-30T10:55:20.573110Z  WARN faf_app::infra::discord: Discord rich presence disconnected reason=Discord is not running
2026-09-30T10:55:35.578449Z  WARN faf_app::infra::discord: Discord rich presence disconnected reason=Discord is not running
2026-09-30T10:55:50.590480Z  WARN faf_app::infra::discord: Discord rich presence disconnected reason=Discord is not running
2026-09-30T10:56:05.594649Z  WARN faf_app::infra::discord: Discord rich presence disconnected reason=Discord is not running
2026-09-30T10:56:20.610104Z  WARN faf_app::infra::discord: Discord rich presence disconnected reason=Discord is not running
2026-09-30T10:56:35.614171Z  WARN faf_app::infra::discord: Discord rich presence disconnected reason=Discord is not running
2026-09-30T10:56:50.622335Z  WARN faf_app::infra::discord: Discord rich presence disconnected reason=Discord is not running
2026-09-30T10:57:05.637173Z  WARN faf_app::infra::discord: Discord rich presence disconnected reason=Discord is not running
2026-09-30T10:57:20.648926Z  WARN faf_app::infra::discord: Discord rich presence disconnected reason=Discord is not running
2026-09-30T10:57:35.665479Z  WARN faf_app::infra::discord: Discord rich presence disconnected reason=Discord is not running
2026-09-30T10:57:50.681578Z  WARN faf_app::infra::discord: Discord rich presence disconnected reason=Discord is not running
2026-09-30T10:58:05.687712Z  WARN faf_app::infra::discord: Discord rich presence disconnected reason=Discord is not running
2026-09-30T10:58:20.694957Z  WARN faf_app::infra::discord: Discord rich presence disconnected reason=Discord is not running
2026-09-30T10:58:35.708145Z  WARN faf_app::infra::discord: Discord rich presence disconnected reason=Discord is not running
2026-09-30T10:58:50.713661Z  WARN faf_app::infra::discord: Discord rich presence disconnected reason=Discord is not running
2026-09-30T10:59:05.727705Z  WARN faf_app::infra::discord: Discord rich presence disconnected reason=Discord is not running
2026-09-30T10:59:20.733297Z  WARN faf_app::infra::discord: Discord rich presence disconnected reason=Discord is not running
2026-09-30T10:59:35.745064Z  WARN faf_app::infra::discord: Discord rich presence disconnected reason=Discord is not running
2026-09-30T10:59:50.752744Z  WARN faf_app::infra::discord: Discord rich presence disconnected reason=Discord is not running
2026-09-30T11:00:05.756365Z  WARN faf_app::infra::discord: Discord rich presence disconnected reason=Discord is not running
2026-09-30T11:00:20.758011Z  WARN faf_app::infra::discord: Discord rich presence disconnected reason=Discord is not running
2026-09-30T11:00:35.772455Z  WARN faf_app::infra::discord: Discord rich presence disconnected reason=Discord is not running
2026-09-30T11:00:50.780536Z  WARN faf_app::infra::discord: Discord rich presence disconnected reason=Discord is not running
2026-09-30T11:01:05.785472Z  WARN faf_app::infra::discord: Discord rich presence disconnected reason=Discord is not running
2026-09-30T11:01:20.796101Z  WARN faf_app::infra::discord: Discord rich presence disconnected reason=Discord is not running
2026-09-30T11:01:35.801659Z  WARN faf_app::infra::discord: Discord rich presence disconnected reason=Discord is not running
2026-09-30T11:01:50.810837Z  WARN faf_app::infra::discord: Discord rich presence disconnected reason=Discord is not running
2026-09-30T11:02:05.814094Z  WARN faf_app::infra::discord: Discord rich presence disconnected reason=Discord is not running
2026-09-30T11:02:20.816921Z  WARN faf_app::infra::discord: Discord rich presence disconnected reason=Discord is not running
2026-09-30T11:02:35.821021Z  WARN faf_app::infra::discord: Discord rich presence disconnected reason=Discord is not running
2026-09-30T11:02:50.827489Z  WARN faf_app::infra::discord: Discord rich presence disconnected reason=Discord is not running
2026-09-30T11:03:05.831426Z  WARN faf_app::infra::discord: Discord rich presence disconnected reason=Discord is not running
2026-09-30T11:03:20.834167Z  WARN faf_app::infra::discord: Discord rich presence disconnected reason=Discord is not running
2026-09-30T11:03:35.846087Z  WARN faf_app::infra::discord: Discord rich presence disconnected reason=Discord is not running
2026-09-30T11:03:50.862092Z  WARN faf_app::infra::discord: Discord rich presence disconnected reason=Discord is not running
2026-09-30T11:04:05.864181Z  WARN faf_app::infra::discord: Discord rich presence disconnected reason=Discord is not running
2026-09-30T11:04:20.867551Z  WARN faf_app::infra::discord: Discord rich presence disconnected reason=Discord is not running
2026-09-30T11:04:35.869224Z  WARN faf_app::infra::discord: Discord rich presence disconnected reason=Discord is not running
2026-09-30T11:04:50.878244Z  WARN faf_app::infra::discord: Discord rich presence disconnected reason=Discord is not running
2026-09-30T11:05:05.892423Z  WARN faf_app::infra::discord: Discord rich presence disconnected reason=Discord is not running
2026-09-30T11:05:20.906911Z  WARN faf_app::infra::discord: Discord rich presence disconnected reason=Discord is not running
2026-09-30T11:05:35.910737Z  WARN faf_app::infra::discord: Discord rich presence disconnected reason=Discord is not running
2026-09-30T11:05:50.925365Z  WARN faf_app::infra::discord: Discord rich presence disconnected reason=Discord is not running
2026-09-30T11:06:05.929756Z  WARN faf_app::infra::discord: Discord rich presence disconnected reason=Discord is not running
2026-09-30T11:06:20.931831Z  WARN faf_app::infra::discord: Discord rich presence disconnected reason=Discord is not running
2026-09-30T11:06:35.946469Z  WARN faf_app::infra::discord: Discord rich presence disconnected reason=Discord is not running
2026-09-30T11:06:50.953300Z  WARN faf_app::infra::discord: Discord rich presence disconnected reason=Discord is not running
2026-09-30T11:07:05.966169Z  WARN faf_app::infra::discord: Discord rich presence disconnected reason=Discord is not running
2026-09-30T11:07:20.972297Z  WARN faf_app::infra::discord: Discord rich presence disconnected reason=Discord is not running
2026-09-30T11:07:35.983674Z  WARN faf_app::infra::discord: Discord rich presence disconnected reason=Discord is not running
2026-09-30T11:07:50.990039Z  WARN faf_app::infra::discord: Discord rich presence disconnected reason=Discord is not running
2026-09-30T11:08:05.995241Z  WARN faf_app::infra::discord: Discord rich presence disconnected reason=Discord is not running
2026-09-30T11:08:20.996972Z  WARN faf_app::infra::discord: Discord rich presence disconnected reason=Discord is not running
2026-09-30T11:08:36.004680Z  WARN faf_app::infra::discord: Discord rich presence disconnected reason=Discord is not running
2026-09-30T11:08:51.012359Z  WARN faf_app::infra::discord: Discord rich presence disconnected reason=Discord is not running
2026-09-30T11:09:06.022229Z  WARN faf_app::infra::discord: Discord rich presence disconnected reason=Discord is not running
2026-09-30T11:09:21.023701Z  WARN faf_app::infra::discord: Discord rich presence disconnected reason=Discord is not running
2026-09-30T11:09:36.026487Z  WARN faf_app::infra::discord: Discord rich presence disconnected reason=Discord is not running
2026-09-30T11:09:51.031645Z  WARN faf_app::infra::discord: Discord rich presence disconnected reason=Discord is not running
2026-09-30T11:10:06.034434Z  WARN faf_app::infra::discord: Discord rich presence disconnected reason=Discord is not running
2026-09-30T11:10:21.038118Z  WARN faf_app::infra::discord: Discord rich presence disconnected reason=Discord is not running
2026-09-30T11:10:36.038614Z  WARN faf_app::infra::discord: Discord rich presence disconnected reason=Discord is not running
2026-09-30T11:10:51.051946Z  WARN faf_app::infra::discord: Discord rich presence disconnected reason=Discord is not running
2026-09-30T11:11:06.056484Z  WARN faf_app::infra::discord: Discord rich presence disconnected reason=Discord is not running
2026-09-30T11:11:21.070550Z  WARN faf_app::infra::discord: Discord rich presence disconnected reason=Discord is not running
2026-09-30T11:11:36.084862Z  WARN faf_app::infra::discord: Discord rich presence disconnected reason=Discord is not running
2026-09-30T11:11:51.086261Z  WARN faf_app::infra::discord: Discord rich presence disconnected reason=Discord is not running
2026-09-30T11:11:54.257039Z  INFO faf_app::infra::replay_recorder: replay recorded path=C:\ProgramData\FAForever\replays\27877826-DillyDally.fafreplay raw_bytes=2503454 bytes=322964 complete=true
2026-09-30T11:11:54.257306Z  INFO faf_app::infra::replay_relay: replay uploaded to FAF game_id=27877826 bytes=2503487
2026-09-30T11:11:54.786717Z  INFO faf_app::infra::ice_java: ICE adapter connection state state="Disconnected"
2026-09-30T11:11:55.794333Z  INFO faf_app::services::launcher: the game process exited; releasing the launch
2026-09-30T11:11:55.818237Z  WARN faf_app::infra::ice_java: Java ICE adapter notification stream ended
2026-09-30T11:11:56.160445Z  INFO faf_app::services::launcher: launcher: game exit cleanup complete
2026-09-30T11:12:06.089505Z  WARN faf_app::infra::discord: Discord rich presence disconnected reason=Discord is not running
2026-09-30T11:12:21.101115Z  WARN faf_app::infra::discord: Discord rich presence disconnected reason=Discord is not running
2026-09-30T11:12:36.111973Z  WARN faf_app::infra::discord: Discord rich presence disconnected reason=Discord is not running
2026-09-30T11:12:51.119937Z  WARN faf_app::infra::discord: Discord rich presence disconnected reason=Discord is not running
2026-09-30T11:13:06.135374Z  WARN faf_app::infra::discord: Discord rich presence disconnected reason=Discord is not running
2026-09-30T11:13:21.145620Z  WARN faf_app::infra::discord: Discord rich presence disconnected reason=Discord is not running
2026-09-30T11:13:36.152202Z  WARN faf_app::infra::discord: Discord rich presence disconnected reason=Discord is not running
2026-09-30T11:13:39.574859Z  INFO faf_app::infra::game_updater: resolved retail FA install for fa_path path=C:\Program Files (x86)\Steam\steamapps\common\Supreme Commander Forged Alliance
2026-09-30T11:13:39.997145Z  INFO faf_app::infra::game: launching Forged Alliance argument_count=9 wrapper=""
2026-09-30T11:13:51.166275Z  WARN faf_app::infra::discord: Discord rich presence disconnected reason=Discord is not running
2026-09-30T11:14:06.167529Z  WARN faf_app::infra::discord: Discord rich presence disconnected reason=Discord is not running
2026-09-30T11:14:21.177571Z  WARN faf_app::infra::discord: Discord rich presence disconnected reason=Discord is not running
2026-09-30T11:14:36.184141Z  WARN faf_app::infra::discord: Discord rich presence disconnected reason=Discord is not running
2026-09-30T11:14:51.186857Z  WARN faf_app::infra::discord: Discord rich presence disconnected reason=Discord is not running
2026-09-30T11:15:06.196093Z  WARN faf_app::infra::discord: Discord rich presence disconnected reason=Discord is not running
2026-09-30T11:15:21.200511Z  WARN faf_app::infra::discord: Discord rich presence disconnected reason=Discord is not running
2026-09-30T11:15:36.213242Z  WARN faf_app::infra::discord: Discord rich presence disconnected reason=Discord is not running
2026-09-30T11:15:51.228422Z  WARN faf_app::infra::discord: Discord rich presence disconnected reason=Discord is not running
2026-09-30T11:16:06.229740Z  WARN faf_app::infra::discord: Discord rich presence disconnected reason=Discord is not running
2026-09-30T11:16:21.239700Z  WARN faf_app::infra::discord: Discord rich presence disconnected reason=Discord is not running
2026-09-30T11:16:36.256083Z  WARN faf_app::infra::discord: Discord rich presence disconnected reason=Discord is not running
2026-09-30T11:16:51.263866Z  WARN faf_app::infra::discord: Discord rich presence disconnected reason=Discord is not running
2026-09-30T11:17:06.276955Z  WARN faf_app::infra::discord: Discord rich presence disconnected reason=Discord is not running
2026-09-30T11:17:21.286755Z  WARN faf_app::infra::discord: Discord rich presence disconnected reason=Discord is not running
2026-09-30T11:17:36.298524Z  WARN faf_app::infra::discord: Discord rich presence disconnected reason=Discord is not running
2026-09-30T11:17:51.308399Z  WARN faf_app::infra::discord: Discord rich presence disconnected reason=Discord is not running
2026-09-30T11:18:06.310361Z  WARN faf_app::infra::discord: Discord rich presence disconnected reason=Discord is not running
2026-09-30T11:18:21.324613Z  WARN faf_app::infra::discord: Discord rich presence disconnected reason=Discord is not running
2026-09-30T11:18:36.337360Z  WARN faf_app::infra::discord: Discord rich presence disconnected reason=Discord is not running
2026-09-30T11:18:51.345863Z  WARN faf_app::infra::discord: Discord rich presence disconnected reason=Discord is not running
2026-09-30T11:19:06.356968Z  WARN faf_app::infra::discord: Discord rich presence disconnected reason=Discord is not running
2026-09-30T11:19:21.363961Z  WARN faf_app::infra::discord: Discord rich presence disconnected reason=Discord is not running
2026-09-30T11:19:36.368389Z  WARN faf_app::infra::discord: Discord rich presence disconnected reason=Discord is not running
2026-09-30T11:19:51.385322Z  WARN faf_app::infra::discord: Discord rich presence disconnected reason=Discord is not running
2026-09-30T11:20:06.387752Z  WARN faf_app::infra::discord: Discord rich presence disconnected reason=Discord is not running
2026-09-30T11:20:21.398457Z  WARN faf_app::infra::discord: Discord rich presence disconnected reason=Discord is not running
2026-09-30T11:20:36.412939Z  WARN faf_app::infra::discord: Discord rich presence disconnected reason=Discord is not running
2026-09-30T11:20:51.414290Z  WARN faf_app::infra::discord: Discord rich presence disconnected reason=Discord is not running
2026-09-30T11:21:06.436407Z  WARN faf_app::infra::discord: Discord rich presence disconnected reason=Discord is not running
2026-09-30T11:21:21.451297Z  WARN faf_app::infra::discord: Discord rich presence disconnected reason=Discord is not running
2026-09-30T11:21:36.465427Z  WARN faf_app::infra::discord: Discord rich presence disconnected reason=Discord is not running
2026-09-30T11:21:51.477194Z  WARN faf_app::infra::discord: Discord rich presence disconnected reason=Discord is not running
2026-09-30T11:22:06.489854Z  WARN faf_app::infra::discord: Discord rich presence disconnected reason=Discord is not running
2026-09-30T11:22:21.505858Z  WARN faf_app::infra::discord: Discord rich presence disconnected reason=Discord is not running
2026-09-30T11:22:36.510457Z  WARN faf_app::infra::discord: Discord rich presence disconnected reason=Discord is not running
2026-09-30T11:22:51.524791Z  WARN faf_app::infra::discord: Discord rich presence disconnected reason=Discord is not running
2026-09-30T11:23:06.535493Z  WARN faf_app::infra::discord: Discord rich presence disconnected reason=Discord is not running
2026-09-30T11:23:21.542171Z  WARN faf_app::infra::discord: Discord rich presence disconnected reason=Discord is not running
2026-09-30T11:23:36.543867Z  WARN faf_app::infra::discord: Discord rich presence disconnected reason=Discord is not running
2026-09-30T11:23:51.557210Z  WARN faf_app::infra::discord: Discord rich presence disconnected reason=Discord is not running
2026-09-30T11:24:06.566243Z  WARN faf_app::infra::discord: Discord rich presence disconnected reason=Discord is not running
2026-09-30T11:24:21.569435Z  WARN faf_app::infra::discord: Discord rich presence disconnected reason=Discord is not running
2026-09-30T11:24:36.571036Z  WARN faf_app::infra::discord: Discord rich presence disconnected reason=Discord is not running
2026-09-30T11:24:51.582941Z  WARN faf_app::infra::discord: Discord rich presence disconnected reason=Discord is not running
2026-09-30T11:25:06.584084Z  WARN faf_app::infra::discord: Discord rich presence disconnected reason=Discord is not running
2026-09-30T11:25:21.590872Z  WARN faf_app::infra::discord: Discord rich presence disconnected reason=Discord is not running
2026-09-30T11:25:36.594343Z  WARN faf_app::infra::discord: Discord rich presence disconnected reason=Discord is not running
2026-09-30T11:25:51.604123Z  WARN faf_app::infra::discord: Discord rich presence disconnected reason=Discord is not running
2026-09-30T11:26:06.619678Z  WARN faf_app::infra::discord: Discord rich presence disconnected reason=Discord is not running
2026-09-30T11:26:21.631559Z  WARN faf_app::infra::discord: Discord rich presence disconnected reason=Discord is not running
2026-09-30T11:26:36.634349Z  WARN faf_app::infra::discord: Discord rich presence disconnected reason=Discord is not running
2026-09-30T11:26:51.637721Z  WARN faf_app::infra::discord: Discord rich presence disconnected reason=Discord is not running
2026-09-30T11:27:06.638600Z  WARN faf_app::infra::discord: Discord rich presence disconnected reason=Discord is not running
2026-09-30T11:27:21.643932Z  WARN faf_app::infra::discord: Discord rich presence disconnected reason=Discord is not running
2026-09-30T11:27:36.657364Z  WARN faf_app::infra::discord: Discord rich presence disconnected reason=Discord is not running
2026-09-30T11:27:51.663971Z  WARN faf_app::infra::discord: Discord rich presence disconnected reason=Discord is not running
2026-09-30T11:28:06.675638Z  WARN faf_app::infra::discord: Discord rich presence disconnected reason=Discord is not running
2026-09-30T11:28:21.681811Z  WARN faf_app::infra::discord: Discord rich presence disconnected reason=Discord is not running
2026-09-30T11:28:36.691067Z  WARN faf_app::infra::discord: Discord rich presence disconnected reason=Discord is not running
2026-09-30T11:28:51.695833Z  WARN faf_app::infra::discord: Discord rich presence disconnected reason=Discord is not running
2026-09-30T11:29:06.710351Z  WARN faf_app::infra::discord: Discord rich presence disconnected reason=Discord is not running
2026-09-30T11:29:21.719000Z  WARN faf_app::infra::discord: Discord rich presence disconnected reason=Discord is not running
2026-09-30T11:29:36.729839Z  WARN faf_app::infra::discord: Discord rich presence disconnected reason=Discord is not running
2026-09-30T11:29:51.737141Z  WARN faf_app::infra::discord: Discord rich presence disconnected reason=Discord is not running
2026-09-30T11:30:06.740151Z  WARN faf_app::infra::discord: Discord rich presence disconnected reason=Discord is not running
2026-09-30T11:30:21.748284Z  WARN faf_app::infra::discord: Discord rich presence disconnected reason=Discord is not running
2026-09-30T11:30:36.759252Z  WARN faf_app::infra::discord: Discord rich presence disconnected reason=Discord is not running
2026-09-30T11:30:51.763620Z  WARN faf_app::infra::discord: Discord rich presence disconnected reason=Discord is not running
2026-09-30T11:31:06.765312Z  WARN faf_app::infra::discord: Discord rich presence disconnected reason=Discord is not running
2026-09-30T11:31:21.780437Z  WARN faf_app::infra::discord: Discord rich presence disconnected reason=Discord is not running
2026-09-30T11:31:36.794364Z  WARN faf_app::infra::discord: Discord rich presence disconnected reason=Discord is not running
2026-09-30T11:31:51.804465Z  WARN faf_app::infra::discord: Discord rich presence disconnected reason=Discord is not running
2026-09-30T11:32:06.820511Z  WARN faf_app::infra::discord: Discord rich presence disconnected reason=Discord is not running
2026-09-30T11:32:21.931584Z  WARN faf_app::infra::discord: Discord rich presence disconnected reason=Discord is not running
2026-09-30T11:32:36.932844Z  WARN faf_app::infra::discord: Discord rich presence disconnected reason=Discord is not running
2026-09-30T11:32:42.032612Z  INFO faf_app::infra::lobby_ws: lobby connection closed
2026-09-30T11:32:42.586301Z  INFO faf_app::infra::lobby_ws: lobby WebSocket connected
2026-09-30T11:32:42.638765Z  INFO faf_app::infra::lobby_ws: lobby notice received style=Info text=You are using an unofficial client version! Some features might not work as expected. If you experience any problems please download the latest version of the official client from <a href="https://www.faforever.com">https://www.faforever.com</a>
2026-09-30T11:32:44.872491Z  INFO faf_app::infra::lobby_ws: lobby authenticated
2026-09-30T11:32:51.941915Z  WARN faf_app::infra::discord: Discord rich presence disconnected reason=Discord is not running
2026-09-30T11:33:06.946208Z  WARN faf_app::infra::discord: Discord rich presence disconnected reason=Discord is not running
2026-09-30T11:33:21.961495Z  WARN faf_app::infra::discord: Discord rich presence disconnected reason=Discord is not running
2026-09-30T11:33:36.966495Z  WARN faf_app::infra::discord: Discord rich presence disconnected reason=Discord is not running
2026-09-30T11:33:51.974065Z  WARN faf_app::infra::discord: Discord rich presence disconnected reason=Discord is not running
2026-09-30T11:34:06.988782Z  WARN faf_app::infra::discord: Discord rich presence disconnected reason=Discord is not running
2026-09-30T11:34:21.994217Z  WARN faf_app::infra::discord: Discord rich presence disconnected reason=Discord is not running
2026-09-30T11:34:36.995003Z  WARN faf_app::infra::discord: Discord rich presence disconnected reason=Discord is not running
2026-09-30T11:34:52.010414Z  WARN faf_app::infra::discord: Discord rich presence disconnected reason=Discord is not running
2026-09-30T11:35:07.021070Z  WARN faf_app::infra::discord: Discord rich presence disconnected reason=Discord is not running
2026-09-30T11:35:22.026422Z  WARN faf_app::infra::discord: Discord rich presence disconnected reason=Discord is not running
2026-09-30T11:35:37.040830Z  WARN faf_app::infra::discord: Discord rich presence disconnected reason=Discord is not running
2026-09-30T11:35:52.055304Z  WARN faf_app::infra::discord: Discord rich presence disconnected reason=Discord is not running
2026-09-30T11:36:07.058402Z  WARN faf_app::infra::discord: Discord rich presence disconnected reason=Discord is not running
2026-09-30T11:36:22.069498Z  WARN faf_app::infra::discord: Discord rich presence disconnected reason=Discord is not running
2026-09-30T11:36:37.075590Z  WARN faf_app::infra::discord: Discord rich presence disconnected reason=Discord is not running
2026-09-30T11:36:52.085577Z  WARN faf_app::infra::discord: Discord rich presence disconnected reason=Discord is not running
2026-09-30T11:37:07.087346Z  WARN faf_app::infra::discord: Discord rich presence disconnected reason=Discord is not running
2026-09-30T11:37:22.088338Z  WARN faf_app::infra::discord: Discord rich presence disconnected reason=Discord is not running
2026-09-30T11:37:37.093529Z  WARN faf_app::infra::discord: Discord rich presence disconnected reason=Discord is not running
2026-09-30T11:37:52.098241Z  WARN faf_app::infra::discord: Discord rich presence disconnected reason=Discord is not running
2026-09-30T11:38:07.109913Z  WARN faf_app::infra::discord: Discord rich presence disconnected reason=Discord is not running
2026-09-30T11:38:22.120348Z  WARN faf_app::infra::discord: Discord rich presence disconnected reason=Discord is not running
2026-09-30T11:38:37.135098Z  WARN faf_app::infra::discord: Discord rich presence disconnected reason=Discord is not running
2026-09-30T11:38:52.143487Z  WARN faf_app::infra::discord: Discord rich presence disconnected reason=Discord is not running
2026-09-30T11:39:07.150174Z  WARN faf_app::infra::discord: Discord rich presence disconnected reason=Discord is not running
2026-09-30T11:39:22.159080Z  WARN faf_app::infra::discord: Discord rich presence disconnected reason=Discord is not running
2026-09-30T11:39:37.163595Z  WARN faf_app::infra::discord: Discord rich presence disconnected reason=Discord is not running
2026-09-30T11:39:52.167045Z  WARN faf_app::infra::discord: Discord rich presence disconnected reason=Discord is not running
2026-09-30T11:40:07.182250Z  WARN faf_app::infra::discord: Discord rich presence disconnected reason=Discord is not running
2026-09-30T11:40:22.195247Z  WARN faf_app::infra::discord: Discord rich presence disconnected reason=Discord is not running
2026-09-30T11:40:37.197595Z  WARN faf_app::infra::discord: Discord rich presence disconnected reason=Discord is not running
2026-09-30T11:40:52.199423Z  WARN faf_app::infra::discord: Discord rich presence disconnected reason=Discord is not running
2026-09-30T11:41:07.211716Z  WARN faf_app::infra::discord: Discord rich presence disconnected reason=Discord is not running
2026-09-30T11:41:22.213887Z  WARN faf_app::infra::discord: Discord rich presence disconnected reason=Discord is not running
2026-09-30T11:41:37.216286Z  WARN faf_app::infra::discord: Discord rich presence disconnected reason=Discord is not running
2026-09-30T11:41:52.222108Z  WARN faf_app::infra::discord: Discord rich presence disconnected reason=Discord is not running
2026-09-30T11:42:07.233856Z  WARN faf_app::infra::discord: Discord rich presence disconnected reason=Discord is not running
2026-09-30T11:42:22.241629Z  WARN faf_app::infra::discord: Discord rich presence disconnected reason=Discord is not running
2026-09-30T11:42:37.250256Z  WARN faf_app::infra::discord: Discord rich presence disconnected reason=Discord is not running
2026-09-30T11:42:52.257981Z  WARN faf_app::infra::discord: Discord rich presence disconnected reason=Discord is not running
2026-09-30T11:43:07.268186Z  WARN faf_app::infra::discord: Discord rich presence disconnected reason=Discord is not running
2026-09-30T11:43:22.282634Z  WARN faf_app::infra::discord: Discord rich presence disconnected reason=Discord is not running
2026-09-30T11:43:37.284613Z  WARN faf_app::infra::discord: Discord rich presence disconnected reason=Discord is not running
2026-09-30T11:43:52.294794Z  WARN faf_app::infra::discord: Discord rich presence disconnected reason=Discord is not running
2026-09-30T11:44:07.300171Z  WARN faf_app::infra::discord: Discord rich presence disconnected reason=Discord is not running
2026-09-30T11:44:22.310496Z  WARN faf_app::infra::discord: Discord rich presence disconnected reason=Discord is not running
2026-09-30T11:44:37.313312Z  WARN faf_app::infra::discord: Discord rich presence disconnected reason=Discord is not running
2026-09-30T11:44:52.316003Z  WARN faf_app::infra::discord: Discord rich presence disconnected reason=Discord is not running
2026-09-30T11:45:07.320351Z  WARN faf_app::infra::discord: Discord rich presence disconnected reason=Discord is not running
2026-09-30T11:45:22.335726Z  WARN faf_app::infra::discord: Discord rich presence disconnected reason=Discord is not running
2026-09-30T11:45:37.339376Z  WARN faf_app::infra::discord: Discord rich presence disconnected reason=Discord is not running
2026-09-30T11:45:52.351769Z  WARN faf_app::infra::discord: Discord rich presence disconnected reason=Discord is not running
2026-09-30T11:46:07.359449Z  WARN faf_app::infra::discord: Discord rich presence disconnected reason=Discord is not running
2026-09-30T11:46:22.362844Z  WARN faf_app::infra::discord: Discord rich presence disconnected reason=Discord is not running
2026-09-30T11:46:37.369325Z  WARN faf_app::infra::discord: Discord rich presence disconnected reason=Discord is not running
2026-09-30T11:46:52.373699Z  WARN faf_app::infra::discord: Discord rich presence disconnected reason=Discord is not running
2026-09-30T11:47:07.387792Z  WARN faf_app::infra::discord: Discord rich presence disconnected reason=Discord is not running
2026-09-30T11:47:22.389856Z  WARN faf_app::infra::discord: Discord rich presence disconnected reason=Discord is not running
2026-09-30T11:47:37.403442Z  WARN faf_app::infra::discord: Discord rich presence disconnected reason=Discord is not running
2026-09-30T11:47:52.412089Z  WARN faf_app::infra::discord: Discord rich presence disconnected reason=Discord is not running
2026-09-30T11:48:07.412782Z  WARN faf_app::infra::discord: Discord rich presence disconnected reason=Discord is not running
2026-09-30T11:48:22.416824Z  WARN faf_app::infra::discord: Discord rich presence disconnected reason=Discord is not running
2026-09-30T11:48:37.424234Z  WARN faf_app::infra::discord: Discord rich presence disconnected reason=Discord is not running
2026-09-30T11:48:52.438275Z  WARN faf_app::infra::discord: Discord rich presence disconnected reason=Discord is not running
2026-09-30T11:49:07.442807Z  WARN faf_app::infra::discord: Discord rich presence disconnected reason=Discord is not running
2026-09-30T11:49:22.454323Z  WARN faf_app::infra::discord: Discord rich presence disconnected reason=Discord is not running
2026-09-30T11:49:37.462623Z  WARN faf_app::infra::discord: Discord rich presence disconnected reason=Discord is not running
2026-09-30T11:49:52.475219Z  WARN faf_app::infra::discord: Discord rich presence disconnected reason=Discord is not running
2026-09-30T11:50:07.488803Z  WARN faf_app::infra::discord: Discord rich presence disconnected reason=Discord is not running
2026-09-30T11:50:22.491218Z  WARN faf_app::infra::discord: Discord rich presence disconnected reason=Discord is not running
2026-09-30T11:50:37.500413Z  WARN faf_app::infra::discord: Discord rich presence disconnected reason=Discord is not running
2026-09-30T11:50:52.509989Z  WARN faf_app::infra::discord: Discord rich presence disconnected reason=Discord is not running
2026-09-30T11:51:07.525057Z  WARN faf_app::infra::discord: Discord rich presence disconnected reason=Discord is not running
2026-09-30T11:51:22.528515Z  WARN faf_app::infra::discord: Discord rich presence disconnected reason=Discord is not running
2026-09-30T11:51:37.545582Z  WARN faf_app::infra::discord: Discord rich presence disconnected reason=Discord is not running
2026-09-30T11:51:52.554978Z  WARN faf_app::infra::discord: Discord rich presence disconnected reason=Discord is not running
2026-09-30T11:52:07.561731Z  WARN faf_app::infra::discord: Discord rich presence disconnected reason=Discord is not running
2026-09-30T11:52:22.565168Z  WARN faf_app::infra::discord: Discord rich presence disconnected reason=Discord is not running
2026-09-30T11:52:37.569708Z  WARN faf_app::infra::discord: Discord rich presence disconnected reason=Discord is not running
2026-09-30T11:52:52.586033Z  WARN faf_app::infra::discord: Discord rich presence disconnected reason=Discord is not running
2026-09-30T11:53:07.601201Z  WARN faf_app::infra::discord: Discord rich presence disconnected reason=Discord is not running
2026-09-30T11:53:22.606377Z  WARN faf_app::infra::discord: Discord rich presence disconnected reason=Discord is not running
2026-09-30T11:53:37.625591Z  WARN faf_app::infra::discord: Discord rich presence disconnected reason=Discord is not running
2026-09-30T11:53:52.629722Z  WARN faf_app::infra::discord: Discord rich presence disconnected reason=Discord is not running
2026-09-30T11:54:07.630746Z  WARN faf_app::infra::discord: Discord rich presence disconnected reason=Discord is not running
2026-09-30T11:54:22.633922Z  WARN faf_app::infra::discord: Discord rich presence disconnected reason=Discord is not running
2026-09-30T11:54:37.636468Z  WARN faf_app::infra::discord: Discord rich presence disconnected reason=Discord is not running
2026-09-30T11:54:52.642407Z  WARN faf_app::infra::discord: Discord rich presence disconnected reason=Discord is not running
2026-09-30T11:55:07.657125Z  WARN faf_app::infra::discord: Discord rich presence disconnected reason=Discord is not running
2026-09-30T11:55:22.671311Z  WARN faf_app::infra::discord: Discord rich presence disconnected reason=Discord is not running
2026-09-30T11:55:37.675811Z  WARN faf_app::infra::discord: Discord rich presence disconnected reason=Discord is not running
2026-09-30T11:55:52.690704Z  WARN faf_app::infra::discord: Discord rich presence disconnected reason=Discord is not running
2026-09-30T11:56:07.700965Z  WARN faf_app::infra::discord: Discord rich presence disconnected reason=Discord is not running
2026-09-30T11:56:22.715922Z  WARN faf_app::infra::discord: Discord rich presence disconnected reason=Discord is not running
2026-09-30T11:56:37.718396Z  WARN faf_app::infra::discord: Discord rich presence disconnected reason=Discord is not running
2026-09-30T11:56:52.722252Z  WARN faf_app::infra::discord: Discord rich presence disconnected reason=Discord is not running
2026-09-30T11:57:07.724723Z  WARN faf_app::infra::discord: Discord rich presence disconnected reason=Discord is not running
2026-09-30T11:57:22.734782Z  WARN faf_app::infra::discord: Discord rich presence disconnected reason=Discord is not running
2026-09-30T11:57:37.747577Z  WARN faf_app::infra::discord: Discord rich presence disconnected reason=Discord is not running
2026-09-30T11:57:52.756448Z  WARN faf_app::infra::discord: Discord rich presence disconnected reason=Discord is not running
2026-09-30T11:58:07.758805Z  WARN faf_app::infra::discord: Discord rich presence disconnected reason=Discord is not running
2026-09-30T11:58:22.767915Z  WARN faf_app::infra::discord: Discord rich presence disconnected reason=Discord is not running
2026-09-30T11:58:37.775754Z  WARN faf_app::infra::discord: Discord rich presence disconnected reason=Discord is not running
2026-09-30T11:58:52.778814Z  WARN faf_app::infra::discord: Discord rich presence disconnected reason=Discord is not running
2026-09-30T11:59:07.793368Z  WARN faf_app::infra::discord: Discord rich presence disconnected reason=Discord is not running
2026-09-30T11:59:22.807707Z  WARN faf_app::infra::discord: Discord rich presence disconnected reason=Discord is not running
2026-09-30T11:59:37.816751Z  WARN faf_app::infra::discord: Discord rich presence disconnected reason=Discord is not running
2026-09-30T11:59:52.821548Z  WARN faf_app::infra::discord: Discord rich presence disconnected reason=Discord is not running
2026-09-30T12:00:07.835075Z  WARN faf_app::infra::discord: Discord rich presence disconnected reason=Discord is not running
2026-09-30T12:00:22.840690Z  WARN faf_app::infra::discord: Discord rich presence disconnected reason=Discord is not running
2026-09-30T12:00:37.854419Z  WARN faf_app::infra::discord: Discord rich presence disconnected reason=Discord is not running
2026-09-30T12:00:52.869648Z  WARN faf_app::infra::discord: Discord rich presence disconnected reason=Discord is not running
2026-09-30T12:01:07.874248Z  WARN faf_app::infra::discord: Discord rich presence disconnected reason=Discord is not running
2026-09-30T12:01:22.888010Z  WARN faf_app::infra::discord: Discord rich presence disconnected reason=Discord is not running
2026-09-30T12:01:37.894006Z  WARN faf_app::infra::discord: Discord rich presence disconnected reason=Discord is not running
2026-09-30T12:01:52.896305Z  WARN faf_app::infra::discord: Discord rich presence disconnected reason=Discord is not running
2026-09-30T12:02:07.909250Z  WARN faf_app::infra::discord: Discord rich presence disconnected reason=Discord is not running
2026-09-30T12:02:22.911057Z  WARN faf_app::infra::discord: Discord rich presence disconnected reason=Discord is not running
2026-09-30T12:02:37.917275Z  WARN faf_app::infra::discord: Discord rich presence disconnected reason=Discord is not running
2026-09-30T12:02:52.929323Z  WARN faf_app::infra::discord: Discord rich presence disconnected reason=Discord is not running
2026-09-30T12:03:07.932334Z  WARN faf_app::infra::discord: Discord rich presence disconnected reason=Discord is not running
2026-09-30T12:03:22.943056Z  WARN faf_app::infra::discord: Discord rich presence disconnected reason=Discord is not running
2026-09-30T12:03:37.957688Z  WARN faf_app::infra::discord: Discord rich presence disconnected reason=Discord is not running
2026-09-30T12:03:52.963833Z  WARN faf_app::infra::discord: Discord rich presence disconnected reason=Discord is not running
2026-09-30T12:04:07.967154Z  WARN faf_app::infra::discord: Discord rich presence disconnected reason=Discord is not running
2026-09-30T12:04:22.973003Z  WARN faf_app::infra::discord: Discord rich presence disconnected reason=Discord is not running
2026-09-30T12:04:37.981758Z  WARN faf_app::infra::discord: Discord rich presence disconnected reason=Discord is not running
2026-09-30T12:04:52.997174Z  WARN faf_app::infra::discord: Discord rich presence disconnected reason=Discord is not running
2026-09-30T12:05:08.000470Z  WARN faf_app::infra::discord: Discord rich presence disconnected reason=Discord is not running
2026-09-30T12:05:23.010095Z  WARN faf_app::infra::discord: Discord rich presence disconnected reason=Discord is not running
2026-09-30T12:05:38.020852Z  WARN faf_app::infra::discord: Discord rich presence disconnected reason=Discord is not running
2026-09-30T12:05:53.022681Z  WARN faf_app::infra::discord: Discord rich presence disconnected reason=Discord is not running
2026-09-30T12:06:08.024168Z  WARN faf_app::infra::discord: Discord rich presence disconnected reason=Discord is not running
2026-09-30T12:06:23.032861Z  WARN faf_app::infra::discord: Discord rich presence disconnected reason=Discord is not running
2026-09-30T12:06:38.042754Z  WARN faf_app::infra::discord: Discord rich presence disconnected reason=Discord is not running
2026-09-30T12:06:53.055034Z  WARN faf_app::infra::discord: Discord rich presence disconnected reason=Discord is not running
2026-09-30T12:07:08.070346Z  WARN faf_app::infra::discord: Discord rich presence disconnected reason=Discord is not running
2026-09-30T12:07:23.085065Z  WARN faf_app::infra::discord: Discord rich presence disconnected reason=Discord is not running
2026-09-30T12:07:38.092642Z  WARN faf_app::infra::discord: Discord rich presence disconnected reason=Discord is not running
2026-09-30T12:07:53.094764Z  WARN faf_app::infra::discord: Discord rich presence disconnected reason=Discord is not running
2026-09-30T12:08:08.106196Z  WARN faf_app::infra::discord: Discord rich presence disconnected reason=Discord is not running
2026-09-30T12:08:23.107193Z  WARN faf_app::infra::discord: Discord rich presence disconnected reason=Discord is not running
2026-09-30T12:08:38.116040Z  WARN faf_app::infra::discord: Discord rich presence disconnected reason=Discord is not running
2026-09-30T12:08:53.129571Z  WARN faf_app::infra::discord: Discord rich presence disconnected reason=Discord is not running
2026-09-30T12:09:08.135278Z  WARN faf_app::infra::discord: Discord rich presence disconnected reason=Discord is not running
2026-09-30T12:09:23.151027Z  WARN faf_app::infra::discord: Discord rich presence disconnected reason=Discord is not running
2026-09-30T12:09:38.156142Z  WARN faf_app::infra::discord: Discord rich presence disconnected reason=Discord is not running
2026-09-30T12:09:53.160463Z  WARN faf_app::infra::discord: Discord rich presence disconnected reason=Discord is not running
2026-09-30T12:10:08.172401Z  WARN faf_app::infra::discord: Discord rich presence disconnected reason=Discord is not running
2026-09-30T12:10:23.182251Z  WARN faf_app::infra::discord: Discord rich presence disconnected reason=Discord is not running
2026-09-30T12:10:38.188619Z  WARN faf_app::infra::discord: Discord rich presence disconnected reason=Discord is not running
2026-09-30T12:10:53.204994Z  WARN faf_app::infra::discord: Discord rich presence disconnected reason=Discord is not running
2026-09-30T12:11:08.211817Z  WARN faf_app::infra::discord: Discord rich presence disconnected reason=Discord is not running
2026-09-30T12:11:23.218336Z  WARN faf_app::infra::discord: Discord rich presence disconnected reason=Discord is not running
2026-09-30T12:11:38.221622Z  WARN faf_app::infra::discord: Discord rich presence disconnected reason=Discord is not running
2026-09-30T12:11:53.236605Z  WARN faf_app::infra::discord: Discord rich presence disconnected reason=Discord is not running
2026-09-30T12:12:08.240939Z  WARN faf_app::infra::discord: Discord rich presence disconnected reason=Discord is not running
2026-09-30T12:12:23.252070Z  WARN faf_app::infra::discord: Discord rich presence disconnected reason=Discord is not running
2026-09-30T12:12:38.262818Z  WARN faf_app::infra::discord: Discord rich presence disconnected reason=Discord is not running
2026-09-30T12:12:53.266738Z  WARN faf_app::infra::discord: Discord rich presence disconnected reason=Discord is not running
2026-09-30T12:13:08.282649Z  WARN faf_app::infra::discord: Discord rich presence disconnected reason=Discord is not running
2026-09-30T12:13:23.297784Z  WARN faf_app::infra::discord: Discord rich presence disconnected reason=Discord is not running
2026-09-30T12:13:38.301173Z  WARN faf_app::infra::discord: Discord rich presence disconnected reason=Discord is not running
2026-09-30T12:13:53.310965Z  WARN faf_app::infra::discord: Discord rich presence disconnected reason=Discord is not running
2026-09-30T12:14:08.314522Z  WARN faf_app::infra::discord: Discord rich presence disconnected reason=Discord is not running
2026-09-30T12:14:23.324507Z  WARN faf_app::infra::discord: Discord rich presence disconnected reason=Discord is not running
2026-09-30T12:14:38.326730Z  WARN faf_app::infra::discord: Discord rich presence disconnected reason=Discord is not running
2026-09-30T12:14:53.337590Z  WARN faf_app::infra::discord: Discord rich presence disconnected reason=Discord is not running
2026-09-30T12:15:08.352332Z  WARN faf_app::infra::discord: Discord rich presence disconnected reason=Discord is not running
2026-09-30T12:15:23.376415Z  WARN faf_app::infra::discord: Discord rich presence disconnected reason=Discord is not running
2026-09-30T12:15:38.378247Z  WARN faf_app::infra::discord: Discord rich presence disconnected reason=Discord is not running
2026-09-30T12:15:53.393786Z  WARN faf_app::infra::discord: Discord rich presence disconnected reason=Discord is not running
2026-09-30T12:16:08.405670Z  WARN faf_app::infra::discord: Discord rich presence disconnected reason=Discord is not running
2026-09-30T12:16:23.420038Z  WARN faf_app::infra::discord: Discord rich presence disconnected reason=Discord is not running
2026-09-30T12:16:38.427384Z  WARN faf_app::infra::discord: Discord rich presence disconnected reason=Discord is not running
2026-09-30T12:16:53.438457Z  WARN faf_app::infra::discord: Discord rich presence disconnected reason=Discord is not running
2026-09-30T12:17:08.455076Z  WARN faf_app::infra::discord: Discord rich presence disconnected reason=Discord is not running
2026-09-30T12:17:23.465008Z  WARN faf_app::infra::discord: Discord rich presence disconnected reason=Discord is not running
2026-09-30T12:17:38.479511Z  WARN faf_app::infra::discord: Discord rich presence disconnected reason=Discord is not running
2026-09-30T12:17:53.485019Z  WARN faf_app::infra::discord: Discord rich presence disconnected reason=Discord is not running
2026-09-30T12:18:08.498503Z  WARN faf_app::infra::discord: Discord rich presence disconnected reason=Discord is not running
2026-09-30T12:18:23.513745Z  WARN faf_app::infra::discord: Discord rich presence disconnected reason=Discord is not running
2026-09-30T12:18:38.516412Z  WARN faf_app::infra::discord: Discord rich presence disconnected reason=Discord is not running
2026-09-30T12:18:53.529747Z  WARN faf_app::infra::discord: Discord rich presence disconnected reason=Discord is not running
2026-09-30T12:19:08.546376Z  WARN faf_app::infra::discord: Discord rich presence disconnected reason=Discord is not running
2026-09-30T12:19:23.557247Z  WARN faf_app::infra::discord: Discord rich presence disconnected reason=Discord is not running
2026-09-30T12:19:38.567349Z  WARN faf_app::infra::discord: Discord rich presence disconnected reason=Discord is not running
2026-09-30T12:19:53.574766Z  WARN faf_app::infra::discord: Discord rich presence disconnected reason=Discord is not running
2026-09-30T12:20:08.587554Z  WARN faf_app::infra::discord: Discord rich presence disconnected reason=Discord is not running
2026-09-30T12:20:23.601585Z  WARN faf_app::infra::discord: Discord rich presence disconnected reason=Discord is not running
2026-09-30T12:20:38.614463Z  WARN faf_app::infra::discord: Discord rich presence disconnected reason=Discord is not running
2026-09-30T12:20:53.618728Z  WARN faf_app::infra::discord: Discord rich presence disconnected reason=Discord is not running
2026-09-30T12:21:08.630872Z  WARN faf_app::infra::discord: Discord rich presence disconnected reason=Discord is not running
2026-09-30T12:21:23.633347Z  WARN faf_app::infra::discord: Discord rich presence disconnected reason=Discord is not running
2026-09-30T12:21:38.644421Z  WARN faf_app::infra::discord: Discord rich presence disconnected reason=Discord is not running
2026-09-30T12:21:53.649957Z  WARN faf_app::infra::discord: Discord rich presence disconnected reason=Discord is not running
2026-09-30T12:22:08.656621Z  WARN faf_app::infra::discord: Discord rich presence disconnected reason=Discord is not running
2026-09-30T12:22:23.663415Z  WARN faf_app::infra::discord: Discord rich presence disconnected reason=Discord is not running
2026-09-30T12:22:38.669354Z  WARN faf_app::infra::discord: Discord rich presence disconnected reason=Discord is not running
2026-09-30T12:22:53.676019Z  WARN faf_app::infra::discord: Discord rich presence disconnected reason=Discord is not running
2026-09-30T12:23:08.680650Z  WARN faf_app::infra::discord: Discord rich presence disconnected reason=Discord is not running
2026-09-30T12:23:23.689816Z  WARN faf_app::infra::discord: Discord rich presence disconnected reason=Discord is not running
2026-09-30T12:23:38.691793Z  WARN faf_app::infra::discord: Discord rich presence disconnected reason=Discord is not running
2026-09-30T12:23:53.707056Z  WARN faf_app::infra::discord: Discord rich presence disconnected reason=Discord is not running
2026-09-30T12:24:08.707652Z  WARN faf_app::infra::discord: Discord rich presence disconnected reason=Discord is not running
2026-09-30T12:24:23.720532Z  WARN faf_app::infra::discord: Discord rich presence disconnected reason=Discord is not running
2026-09-30T12:24:38.730076Z  WARN faf_app::infra::discord: Discord rich presence disconnected reason=Discord is not running
2026-09-30T12:24:53.741096Z  WARN faf_app::infra::discord: Discord rich presence disconnected reason=Discord is not running
2026-09-30T12:25:08.747724Z  WARN faf_app::infra::discord: Discord rich presence disconnected reason=Discord is not running
2026-09-30T12:25:23.748525Z  WARN faf_app::infra::discord: Discord rich presence disconnected reason=Discord is not running
2026-09-30T12:25:38.754797Z  WARN faf_app::infra::discord: Discord rich presence disconnected reason=Discord is not running
2026-09-30T12:25:53.759474Z  WARN faf_app::infra::discord: Discord rich presence disconnected reason=Discord is not running
2026-09-30T12:26:08.774616Z  WARN faf_app::infra::discord: Discord rich presence disconnected reason=Discord is not running
2026-09-30T12:26:23.782849Z  WARN faf_app::infra::discord: Discord rich presence disconnected reason=Discord is not running
2026-09-30T12:26:38.795205Z  WARN faf_app::infra::discord: Discord rich presence disconnected reason=Discord is not running
2026-09-30T12:26:53.809410Z  WARN faf_app::infra::discord: Discord rich presence disconnected reason=Discord is not running
2026-09-30T12:27:08.821422Z  WARN faf_app::infra::discord: Discord rich presence disconnected reason=Discord is not running
2026-09-30T12:27:23.830363Z  WARN faf_app::infra::discord: Discord rich presence disconnected reason=Discord is not running
2026-09-30T12:27:38.839996Z  WARN faf_app::infra::discord: Discord rich presence disconnected reason=Discord is not running
2026-09-30T12:27:53.850037Z  WARN faf_app::infra::discord: Discord rich presence disconnected reason=Discord is not running
2026-09-30T12:28:08.860914Z  WARN faf_app::infra::discord: Discord rich presence disconnected reason=Discord is not running
2026-09-30T12:28:23.871433Z  WARN faf_app::infra::discord: Discord rich presence disconnected reason=Discord is not running
2026-09-30T12:28:38.878557Z  WARN faf_app::infra::discord: Discord rich presence disconnected reason=Discord is not running
2026-09-30T12:28:53.885279Z  WARN faf_app::infra::discord: Discord rich presence disconnected reason=Discord is not running
2026-09-30T12:29:08.894998Z  WARN faf_app::infra::discord: Discord rich presence disconnected reason=Discord is not running
2026-09-30T12:29:23.899724Z  WARN faf_app::infra::discord: Discord rich presence disconnected reason=Discord is not running
2026-09-30T12:29:38.922374Z  WARN faf_app::infra::discord: Discord rich presence disconnected reason=Discord is not running
2026-09-30T12:29:53.926156Z  WARN faf_app::infra::discord: Discord rich presence disconnected reason=Discord is not running
2026-09-30T12:30:08.932892Z  WARN faf_app::infra::discord: Discord rich presence disconnected reason=Discord is not running
2026-09-30T12:30:23.942745Z  WARN faf_app::infra::discord: Discord rich presence disconnected reason=Discord is not running
2026-09-30T12:30:38.955838Z  WARN faf_app::infra::discord: Discord rich presence disconnected reason=Discord is not running
2026-09-30T12:30:53.963101Z  WARN faf_app::infra::discord: Discord rich presence disconnected reason=Discord is not running
2026-09-30T12:31:08.964235Z  WARN faf_app::infra::discord: Discord rich presence disconnected reason=Discord is not running
2026-09-30T12:31:23.974651Z  WARN faf_app::infra::discord: Discord rich presence disconnected reason=Discord is not running
2026-09-30T12:31:38.977420Z  WARN faf_app::infra::discord: Discord rich presence disconnected reason=Discord is not running
2026-09-30T12:31:53.978760Z  WARN faf_app::infra::discord: Discord rich presence disconnected reason=Discord is not running
2026-09-30T12:32:08.992574Z  WARN faf_app::infra::discord: Discord rich presence disconnected reason=Discord is not running
2026-09-30T12:32:24.002805Z  WARN faf_app::infra::discord: Discord rich presence disconnected reason=Discord is not running
2026-09-30T12:32:39.016489Z  WARN faf_app::infra::discord: Discord rich presence disconnected reason=Discord is not running
2026-09-30T12:32:54.029345Z  WARN faf_app::infra::discord: Discord rich presence disconnected reason=Discord is not running
2026-09-30T12:33:09.044196Z  WARN faf_app::infra::discord: Discord rich presence disconnected reason=Discord is not running
2026-09-30T12:33:24.051901Z  WARN faf_app::infra::discord: Discord rich presence disconnected reason=Discord is not running
2026-09-30T12:33:39.062676Z  WARN faf_app::infra::discord: Discord rich presence disconnected reason=Discord is not running
2026-09-30T12:33:54.076922Z  WARN faf_app::infra::discord: Discord rich presence disconnected reason=Discord is not running
2026-09-30T12:34:09.078410Z  WARN faf_app::infra::discord: Discord rich presence disconnected reason=Discord is not running
2026-09-30T12:34:24.086034Z  WARN faf_app::infra::discord: Discord rich presence disconnected reason=Discord is not running
2026-09-30T12:34:39.101891Z  WARN faf_app::infra::discord: Discord rich presence disconnected reason=Discord is not running
2026-09-30T12:34:54.118377Z  WARN faf_app::infra::discord: Discord rich presence disconnected reason=Discord is not running
2026-09-30T12:35:09.121547Z  WARN faf_app::infra::discord: Discord rich presence disconnected reason=Discord is not running
2026-09-30T12:35:24.138334Z  WARN faf_app::infra::discord: Discord rich presence disconnected reason=Discord is not running
2026-09-30T12:35:39.146175Z  WARN faf_app::infra::discord: Discord rich presence disconnected reason=Discord is not running
2026-09-30T12:35:54.155949Z  WARN faf_app::infra::discord: Discord rich presence disconnected reason=Discord is not running
2026-09-30T12:36:09.161137Z  WARN faf_app::infra::discord: Discord rich presence disconnected reason=Discord is not running
2026-09-30T12:36:24.165193Z  WARN faf_app::infra::discord: Discord rich presence disconnected reason=Discord is not running
2026-09-30T12:36:39.169843Z  WARN faf_app::infra::discord: Discord rich presence disconnected reason=Discord is not running
2026-09-30T12:36:54.178659Z  WARN faf_app::infra::discord: Discord rich presence disconnected reason=Discord is not running
2026-09-30T12:37:09.181029Z  WARN faf_app::infra::discord: Discord rich presence disconnected reason=Discord is not running
2026-09-30T12:37:24.186884Z  WARN faf_app::infra::discord: Discord rich presence disconnected reason=Discord is not running
2026-09-30T12:37:39.192570Z  WARN faf_app::infra::discord: Discord rich presence disconnected reason=Discord is not running
2026-09-30T12:37:54.203017Z  WARN faf_app::infra::discord: Discord rich presence disconnected reason=Discord is not running
2026-09-30T12:38:09.212789Z  WARN faf_app::infra::discord: Discord rich presence disconnected reason=Discord is not running
2026-09-30T12:38:24.218167Z  WARN faf_app::infra::discord: Discord rich presence disconnected reason=Discord is not running
2026-09-30T12:38:39.222069Z  WARN faf_app::infra::discord: Discord rich presence disconnected reason=Discord is not running
2026-09-30T12:38:54.231381Z  WARN faf_app::infra::discord: Discord rich presence disconnected reason=Discord is not running
2026-09-30T12:39:09.236996Z  WARN faf_app::infra::discord: Discord rich presence disconnected reason=Discord is not running
2026-09-30T12:39:24.241902Z  WARN faf_app::infra::discord: Discord rich presence disconnected reason=Discord is not running
2026-09-30T12:39:39.255736Z  WARN faf_app::infra::discord: Discord rich presence disconnected reason=Discord is not running
2026-09-30T12:39:54.269476Z  WARN faf_app::infra::discord: Discord rich presence disconnected reason=Discord is not running
2026-09-30T12:40:09.279100Z  WARN faf_app::infra::discord: Discord rich presence disconnected reason=Discord is not running
2026-09-30T12:40:24.280315Z  WARN faf_app::infra::discord: Discord rich presence disconnected reason=Discord is not running
2026-09-30T12:40:39.291471Z  WARN faf_app::infra::discord: Discord rich presence disconnected reason=Discord is not running
2026-09-30T12:40:54.300445Z  WARN faf_app::infra::discord: Discord rich presence disconnected reason=Discord is not running
2026-09-30T12:41:09.316039Z  WARN faf_app::infra::discord: Discord rich presence disconnected reason=Discord is not running
2026-09-30T12:41:24.325634Z  WARN faf_app::infra::discord: Discord rich presence disconnected reason=Discord is not running
2026-09-30T12:41:39.332870Z  WARN faf_app::infra::discord: Discord rich presence disconnected reason=Discord is not running
2026-09-30T12:41:54.342229Z  WARN faf_app::infra::discord: Discord rich presence disconnected reason=Discord is not running
2026-09-30T12:42:09.348419Z  WARN faf_app::infra::discord: Discord rich presence disconnected reason=Discord is not running
2026-09-30T12:42:24.360819Z  WARN faf_app::infra::discord: Discord rich presence disconnected reason=Discord is not running
2026-09-30T12:42:39.371011Z  WARN faf_app::infra::discord: Discord rich presence disconnected reason=Discord is not running
2026-09-30T12:42:54.379401Z  WARN faf_app::infra::discord: Discord rich presence disconnected reason=Discord is not running
2026-09-30T12:43:09.394164Z  WARN faf_app::infra::discord: Discord rich presence disconnected reason=Discord is not running
2026-09-30T12:43:24.424050Z  WARN faf_app::infra::discord: Discord rich presence disconnected reason=Discord is not running
2026-09-30T12:43:39.428565Z  WARN faf_app::infra::discord: Discord rich presence disconnected reason=Discord is not running
2026-09-30T12:43:54.443965Z  WARN faf_app::infra::discord: Discord rich presence disconnected reason=Discord is not running
2026-09-30T12:44:09.454059Z  WARN faf_app::infra::discord: Discord rich presence disconnected reason=Discord is not running
2026-09-30T12:44:24.464660Z  WARN faf_app::infra::discord: Discord rich presence disconnected reason=Discord is not running
2026-09-30T12:44:39.480074Z  WARN faf_app::infra::discord: Discord rich presence disconnected reason=Discord is not running
2026-09-30T12:44:54.495186Z  WARN faf_app::infra::discord: Discord rich presence disconnected reason=Discord is not running
2026-09-30T12:45:09.499804Z  WARN faf_app::infra::discord: Discord rich presence disconnected reason=Discord is not running
2026-09-30T12:45:24.509949Z  WARN faf_app::infra::discord: Discord rich presence disconnected reason=Discord is not running
2026-09-30T12:45:39.524063Z  WARN faf_app::infra::discord: Discord rich presence disconnected reason=Discord is not running
2026-09-30T12:45:54.539299Z  WARN faf_app::infra::discord: Discord rich presence disconnected reason=Discord is not running
2026-09-30T12:46:09.541440Z  WARN faf_app::infra::discord: Discord rich presence disconnected reason=Discord is not running
2026-09-30T12:46:24.548983Z  WARN faf_app::infra::discord: Discord rich presence disconnected reason=Discord is not running
2026-09-30T12:46:39.562596Z  WARN faf_app::infra::discord: Discord rich presence disconnected reason=Discord is not running
2026-09-30T12:46:54.567573Z  WARN faf_app::infra::discord: Discord rich presence disconnected reason=Discord is not running
2026-09-30T12:47:09.570395Z  WARN faf_app::infra::discord: Discord rich presence disconnected reason=Discord is not running
2026-09-30T12:47:24.585106Z  WARN faf_app::infra::discord: Discord rich presence disconnected reason=Discord is not running
2026-09-30T12:47:39.595750Z  WARN faf_app::infra::discord: Discord rich presence disconnected reason=Discord is not running
2026-09-30T12:47:54.604006Z  WARN faf_app::infra::discord: Discord rich presence disconnected reason=Discord is not running
2026-09-30T12:48:09.606045Z  WARN faf_app::infra::discord: Discord rich presence disconnected reason=Discord is not running
2026-09-30T12:48:24.617987Z  WARN faf_app::infra::discord: Discord rich presence disconnected reason=Discord is not running
2026-09-30T12:48:39.620634Z  WARN faf_app::infra::discord: Discord rich presence disconnected reason=Discord is not running
2026-09-30T12:48:54.630260Z  WARN faf_app::infra::discord: Discord rich presence disconnected reason=Discord is not running
2026-09-30T12:49:09.640021Z  WARN faf_app::infra::discord: Discord rich presence disconnected reason=Discord is not running
2026-09-30T12:49:24.645036Z  WARN faf_app::infra::discord: Discord rich presence disconnected reason=Discord is not running
2026-09-30T12:49:39.647005Z  WARN faf_app::infra::discord: Discord rich presence disconnected reason=Discord is not running
2026-09-30T12:49:54.656198Z  WARN faf_app::infra::discord: Discord rich presence disconnected reason=Discord is not running
2026-09-30T12:50:09.657642Z  WARN faf_app::infra::discord: Discord rich presence disconnected reason=Discord is not running
2026-09-30T12:50:24.668848Z  WARN faf_app::infra::discord: Discord rich presence disconnected reason=Discord is not running
2026-09-30T12:50:39.677463Z  WARN faf_app::infra::discord: Discord rich presence disconnected reason=Discord is not running
2026-09-30T12:50:54.692952Z  WARN faf_app::infra::discord: Discord rich presence disconnected reason=Discord is not running
2026-09-30T12:51:09.708004Z  WARN faf_app::infra::discord: Discord rich presence disconnected reason=Discord is not running
2026-09-30T12:51:24.721069Z  WARN faf_app::infra::discord: Discord rich presence disconnected reason=Discord is not running
2026-09-30T12:51:39.730006Z  WARN faf_app::infra::discord: Discord rich presence disconnected reason=Discord is not running
2026-09-30T12:51:54.732328Z  WARN faf_app::infra::discord: Discord rich presence disconnected reason=Discord is not running
2026-09-30T12:52:09.742595Z  WARN faf_app::infra::discord: Discord rich presence disconnected reason=Discord is not running
2026-09-30T12:52:24.747818Z  WARN faf_app::infra::discord: Discord rich presence disconnected reason=Discord is not running
2026-09-30T12:52:39.760072Z  WARN faf_app::infra::discord: Discord rich presence disconnected reason=Discord is not running
2026-09-30T12:52:54.770855Z  WARN faf_app::infra::discord: Discord rich presence disconnected reason=Discord is not running
2026-09-30T12:53:09.781299Z  WARN faf_app::infra::discord: Discord rich presence disconnected reason=Discord is not running
2026-09-30T12:53:24.787058Z  WARN faf_app::infra::discord: Discord rich presence disconnected reason=Discord is not running
2026-09-30T12:53:39.797847Z  WARN faf_app::infra::discord: Discord rich presence disconnected reason=Discord is not running
2026-09-30T12:53:54.804858Z  WARN faf_app::infra::discord: Discord rich presence disconnected reason=Discord is not running
2026-09-30T12:54:09.806190Z  WARN faf_app::infra::discord: Discord rich presence disconnected reason=Discord is not running
2026-09-30T12:54:24.810086Z  WARN faf_app::infra::discord: Discord rich presence disconnected reason=Discord is not running
2026-09-30T12:54:39.814843Z  WARN faf_app::infra::discord: Discord rich presence disconnected reason=Discord is not running
2026-09-30T12:54:54.830422Z  WARN faf_app::infra::discord: Discord rich presence disconnected reason=Discord is not running
2026-09-30T12:55:09.834171Z  WARN faf_app::infra::discord: Discord rich presence disconnected reason=Discord is not running
2026-09-30T12:55:24.838800Z  WARN faf_app::infra::discord: Discord rich presence disconnected reason=Discord is not running
2026-09-30T12:55:39.853154Z  WARN faf_app::infra::discord: Discord rich presence disconnected reason=Discord is not running
2026-09-30T12:55:54.853572Z  WARN faf_app::infra::discord: Discord rich presence disconnected reason=Discord is not running
2026-09-30T12:56:09.869064Z  WARN faf_app::infra::discord: Discord rich presence disconnected reason=Discord is not running
2026-09-30T12:56:24.882084Z  WARN faf_app::infra::discord: Discord rich presence disconnected reason=Discord is not running
2026-09-30T12:56:39.889601Z  WARN faf_app::infra::discord: Discord rich presence disconnected reason=Discord is not running
2026-09-30T12:56:54.900872Z  WARN faf_app::infra::discord: Discord rich presence disconnected reason=Discord is not running
2026-09-30T12:57:09.901629Z  WARN faf_app::infra::discord: Discord rich presence disconnected reason=Discord is not running
2026-09-30T12:57:24.906980Z  WARN faf_app::infra::discord: Discord rich presence disconnected reason=Discord is not running
2026-09-30T12:57:39.916714Z  WARN faf_app::infra::discord: Discord rich presence disconnected reason=Discord is not running
2026-09-30T12:57:54.930821Z  WARN faf_app::infra::discord: Discord rich presence disconnected reason=Discord is not running
2026-09-30T12:58:09.934522Z  WARN faf_app::infra::discord: Discord rich presence disconnected reason=Discord is not running
2026-09-30T12:58:24.943933Z  WARN faf_app::infra::discord: Discord rich presence disconnected reason=Discord is not running
2026-09-30T12:58:39.957361Z  WARN faf_app::infra::discord: Discord rich presence disconnected reason=Discord is not running
2026-09-30T12:58:54.969691Z  WARN faf_app::infra::discord: Discord rich presence disconnected reason=Discord is not running
2026-09-30T12:59:09.973827Z  WARN faf_app::infra::discord: Discord rich presence disconnected reason=Discord is not running
2026-09-30T12:59:24.984114Z  WARN faf_app::infra::discord: Discord rich presence disconnected reason=Discord is not running
2026-09-30T12:59:39.999660Z  WARN faf_app::infra::discord: Discord rich presence disconnected reason=Discord is not running
2026-09-30T12:59:55.012175Z  WARN faf_app::infra::discord: Discord rich presence disconnected reason=Discord is not running
2026-09-30T13:00:10.023499Z  WARN faf_app::infra::discord: Discord rich presence disconnected reason=Discord is not running
2026-09-30T13:00:25.039674Z  WARN faf_app::infra::discord: Discord rich presence disconnected reason=Discord is not running
2026-09-30T13:00:40.047557Z  WARN faf_app::infra::discord: Discord rich presence disconnected reason=Discord is not running
2026-09-30T13:00:55.061158Z  WARN faf_app::infra::discord: Discord rich presence disconnected reason=Discord is not running
2026-09-30T13:01:10.070995Z  WARN faf_app::infra::discord: Discord rich presence disconnected reason=Discord is not running
2026-09-30T13:01:25.084870Z  WARN faf_app::infra::discord: Discord rich presence disconnected reason=Discord is not running
2026-09-30T13:01:40.086410Z  WARN faf_app::infra::discord: Discord rich presence disconnected reason=Discord is not running
2026-09-30T13:01:55.096141Z  WARN faf_app::infra::discord: Discord rich presence disconnected reason=Discord is not running
2026-09-30T13:02:10.109122Z  WARN faf_app::infra::discord: Discord rich presence disconnected reason=Discord is not running
2026-09-30T13:02:25.121225Z  WARN faf_app::infra::discord: Discord rich presence disconnected reason=Discord is not running
2026-09-30T13:02:40.130509Z  WARN faf_app::infra::discord: Discord rich presence disconnected reason=Discord is not running
2026-09-30T13:02:55.135394Z  WARN faf_app::infra::discord: Discord rich presence disconnected reason=Discord is not running
2026-09-30T13:03:10.141772Z  WARN faf_app::infra::discord: Discord rich presence disconnected reason=Discord is not running
2026-09-30T13:03:25.143918Z  WARN faf_app::infra::discord: Discord rich presence disconnected reason=Discord is not running
2026-09-30T13:03:40.156558Z  WARN faf_app::infra::discord: Discord rich presence disconnected reason=Discord is not running
2026-09-30T13:03:55.170818Z  WARN faf_app::infra::discord: Discord rich presence disconnected reason=Discord is not running
2026-09-30T13:04:10.180510Z  WARN faf_app::infra::discord: Discord rich presence disconnected reason=Discord is not running
2026-09-30T13:04:25.197461Z  WARN faf_app::infra::discord: Discord rich presence disconnected reason=Discord is not running
2026-09-30T13:04:40.208944Z  WARN faf_app::infra::discord: Discord rich presence disconnected reason=Discord is not running
2026-09-30T13:04:55.224877Z  WARN faf_app::infra::discord: Discord rich presence disconnected reason=Discord is not running
2026-09-30T13:05:10.237253Z  WARN faf_app::infra::discord: Discord rich presence disconnected reason=Discord is not running
2026-09-30T13:05:25.250291Z  WARN faf_app::infra::discord: Discord rich presence disconnected reason=Discord is not running
2026-09-30T13:05:40.263135Z  WARN faf_app::infra::discord: Discord rich presence disconnected reason=Discord is not running
2026-09-30T13:05:55.275545Z  WARN faf_app::infra::discord: Discord rich presence disconnected reason=Discord is not running
2026-09-30T13:06:10.288867Z  WARN faf_app::infra::discord: Discord rich presence disconnected reason=Discord is not running
2026-09-30T13:06:25.299606Z  WARN faf_app::infra::discord: Discord rich presence disconnected reason=Discord is not running
2026-09-30T13:06:40.310505Z  WARN faf_app::infra::discord: Discord rich presence disconnected reason=Discord is not running
2026-09-30T13:06:55.322603Z  WARN faf_app::infra::discord: Discord rich presence disconnected reason=Discord is not running
2026-09-30T13:07:10.338183Z  WARN faf_app::infra::discord: Discord rich presence disconnected reason=Discord is not running
2026-09-30T13:07:25.341766Z  WARN faf_app::infra::discord: Discord rich presence disconnected reason=Discord is not running
2026-09-30T13:07:40.357701Z  WARN faf_app::infra::discord: Discord rich presence disconnected reason=Discord is not running
2026-09-30T13:07:55.367057Z  WARN faf_app::infra::discord: Discord rich presence disconnected reason=Discord is not running
2026-09-30T13:08:10.373676Z  WARN faf_app::infra::discord: Discord rich presence disconnected reason=Discord is not running
2026-09-30T13:08:25.379025Z  WARN faf_app::infra::discord: Discord rich presence disconnected reason=Discord is not running
2026-09-30T13:08:40.390786Z  WARN faf_app::infra::discord: Discord rich presence disconnected reason=Discord is not running
2026-09-30T13:08:55.402694Z  WARN faf_app::infra::discord: Discord rich presence disconnected reason=Discord is not running
2026-09-30T13:09:10.405152Z  WARN faf_app::infra::discord: Discord rich presence disconnected reason=Discord is not running
2026-09-30T13:09:25.409907Z  WARN faf_app::infra::discord: Discord rich presence disconnected reason=Discord is not running
2026-09-30T13:09:40.422261Z  WARN faf_app::infra::discord: Discord rich presence disconnected reason=Discord is not running
2026-09-30T13:09:55.435247Z  WARN faf_app::infra::discord: Discord rich presence disconnected reason=Discord is not running
2026-09-30T13:10:10.444253Z  WARN faf_app::infra::discord: Discord rich presence disconnected reason=Discord is not running
2026-09-30T13:10:25.449481Z  WARN faf_app::infra::discord: Discord rich presence disconnected reason=Discord is not running
2026-09-30T13:10:40.461840Z  WARN faf_app::infra::discord: Discord rich presence disconnected reason=Discord is not running
2026-09-30T13:10:55.465158Z  WARN faf_app::infra::discord: Discord rich presence disconnected reason=Discord is not running
2026-09-30T13:11:10.480978Z  WARN faf_app::infra::discord: Discord rich presence disconnected reason=Discord is not running
2026-09-30T13:11:25.492629Z  WARN faf_app::infra::discord: Discord rich presence disconnected reason=Discord is not running
2026-09-30T13:11:40.506535Z  WARN faf_app::infra::discord: Discord rich presence disconnected reason=Discord is not running
2026-09-30T13:11:55.513217Z  WARN faf_app::infra::discord: Discord rich presence disconnected reason=Discord is not running
2026-09-30T13:12:10.519864Z  WARN faf_app::infra::discord: Discord rich presence disconnected reason=Discord is not running
2026-09-30T13:12:25.533718Z  WARN faf_app::infra::discord: Discord rich presence disconnected reason=Discord is not running
2026-09-30T13:12:40.545973Z  WARN faf_app::infra::discord: Discord rich presence disconnected reason=Discord is not running
2026-09-30T13:12:55.548908Z  WARN faf_app::infra::discord: Discord rich presence disconnected reason=Discord is not running
2026-09-30T13:13:10.563945Z  WARN faf_app::infra::discord: Discord rich presence disconnected reason=Discord is not running
2026-09-30T13:13:25.572396Z  WARN faf_app::infra::discord: Discord rich presence disconnected reason=Discord is not running
2026-09-30T13:13:40.590515Z  WARN faf_app::infra::discord: Discord rich presence disconnected reason=Discord is not running
2026-09-30T13:13:55.600958Z  WARN faf_app::infra::discord: Discord rich presence disconnected reason=Discord is not running
2026-09-30T13:14:10.616778Z  WARN faf_app::infra::discord: Discord rich presence disconnected reason=Discord is not running
2026-09-30T13:14:25.626669Z  WARN faf_app::infra::discord: Discord rich presence disconnected reason=Discord is not running
2026-09-30T13:14:40.637092Z  WARN faf_app::infra::discord: Discord rich presence disconnected reason=Discord is not running
2026-09-30T13:14:55.639407Z  WARN faf_app::infra::discord: Discord rich presence disconnected reason=Discord is not running
2026-09-30T13:15:10.647732Z  WARN faf_app::infra::discord: Discord rich presence disconnected reason=Discord is not running
2026-09-30T13:15:25.650225Z  WARN faf_app::infra::discord: Discord rich presence disconnected reason=Discord is not running
2026-09-30T13:15:40.659992Z  WARN faf_app::infra::discord: Discord rich presence disconnected reason=Discord is not running
2026-09-30T13:15:55.675869Z  WARN faf_app::infra::discord: Discord rich presence disconnected reason=Discord is not running
2026-09-30T13:16:10.681601Z  WARN faf_app::infra::discord: Discord rich presence disconnected reason=Discord is not running
2026-09-30T13:16:25.682830Z  WARN faf_app::infra::discord: Discord rich presence disconnected reason=Discord is not running
2026-09-30T13:16:40.690942Z  WARN faf_app::infra::discord: Discord rich presence disconnected reason=Discord is not running
2026-09-30T13:16:55.694938Z  WARN faf_app::infra::discord: Discord rich presence disconnected reason=Discord is not running
2026-09-30T13:17:10.707561Z  WARN faf_app::infra::discord: Discord rich presence disconnected reason=Discord is not running
2026-09-30T13:17:25.717305Z  WARN faf_app::infra::discord: Discord rich presence disconnected reason=Discord is not running
2026-09-30T13:17:40.722895Z  WARN faf_app::infra::discord: Discord rich presence disconnected reason=Discord is not running
2026-09-30T13:17:55.736655Z  WARN faf_app::infra::discord: Discord rich presence disconnected reason=Discord is not running
2026-09-30T13:18:10.746806Z  WARN faf_app::infra::discord: Discord rich presence disconnected reason=Discord is not running
2026-09-30T13:18:25.759254Z  WARN faf_app::infra::discord: Discord rich presence disconnected reason=Discord is not running
2026-09-30T13:18:40.763176Z  WARN faf_app::infra::discord: Discord rich presence disconnected reason=Discord is not running
2026-09-30T13:18:55.773141Z  WARN faf_app::infra::discord: Discord rich presence disconnected reason=Discord is not running
2026-09-30T13:19:10.782798Z  WARN faf_app::infra::discord: Discord rich presence disconnected reason=Discord is not running
2026-09-30T13:19:25.790660Z  WARN faf_app::infra::discord: Discord rich presence disconnected reason=Discord is not running
2026-09-30T13:19:40.802352Z  WARN faf_app::infra::discord: Discord rich presence disconnected reason=Discord is not running
2026-09-30T13:19:55.818207Z  WARN faf_app::infra::discord: Discord rich presence disconnected reason=Discord is not running
2026-09-30T13:20:10.829038Z  WARN faf_app::infra::discord: Discord rich presence disconnected reason=Discord is not running
2026-09-30T13:20:25.844122Z  WARN faf_app::infra::discord: Discord rich presence disconnected reason=Discord is not running
2026-09-30T13:20:40.853726Z  WARN faf_app::infra::discord: Discord rich presence disconnected reason=Discord is not running
2026-09-30T13:20:55.864290Z  WARN faf_app::infra::discord: Discord rich presence disconnected reason=Discord is not running
2026-09-30T13:21:10.871862Z  WARN faf_app::infra::discord: Discord rich presence disconnected reason=Discord is not running
2026-09-30T13:21:25.881672Z  WARN faf_app::infra::discord: Discord rich presence disconnected reason=Discord is not running
2026-09-30T13:21:40.889367Z  WARN faf_app::infra::discord: Discord rich presence disconnected reason=Discord is not running
2026-09-30T13:21:55.904404Z  WARN faf_app::infra::discord: Discord rich presence disconnected reason=Discord is not running
2026-09-30T13:22:10.919024Z  WARN faf_app::infra::discord: Discord rich presence disconnected reason=Discord is not running
2026-09-30T13:22:25.927276Z  WARN faf_app::infra::discord: Discord rich presence disconnected reason=Discord is not running
2026-09-30T13:22:40.930472Z  WARN faf_app::infra::discord: Discord rich presence disconnected reason=Discord is not running
2026-09-30T13:22:55.935147Z  WARN faf_app::infra::discord: Discord rich presence disconnected reason=Discord is not running
2026-09-30T13:23:10.937203Z  WARN faf_app::infra::discord: Discord rich presence disconnected reason=Discord is not running
2026-09-30T13:23:25.948392Z  WARN faf_app::infra::discord: Discord rich presence disconnected reason=Discord is not running
2026-09-30T13:23:40.964661Z  WARN faf_app::infra::discord: Discord rich presence disconnected reason=Discord is not running
2026-09-30T13:23:55.979675Z  WARN faf_app::infra::discord: Discord rich presence disconnected reason=Discord is not running
2026-09-30T13:24:10.992885Z  WARN faf_app::infra::discord: Discord rich presence disconnected reason=Discord is not running
2026-09-30T13:24:25.998596Z  WARN faf_app::infra::discord: Discord rich presence disconnected reason=Discord is not running
2026-09-30T13:24:41.007067Z  WARN faf_app::infra::discord: Discord rich presence disconnected reason=Discord is not running
2026-09-30T13:24:56.012475Z  WARN faf_app::infra::discord: Discord rich presence disconnected reason=Discord is not running
2026-09-30T13:25:11.023311Z  WARN faf_app::infra::discord: Discord rich presence disconnected reason=Discord is not running
2026-09-30T13:25:26.033471Z  WARN faf_app::infra::discord: Discord rich presence disconnected reason=Discord is not running
2026-09-30T13:25:41.035813Z  WARN faf_app::infra::discord: Discord rich presence disconnected reason=Discord is not running
2026-09-30T13:25:56.042158Z  WARN faf_app::infra::discord: Discord rich presence disconnected reason=Discord is not running
2026-09-30T13:26:11.047390Z  WARN faf_app::infra::discord: Discord rich presence disconnected reason=Discord is not running
2026-09-30T13:26:26.061346Z  WARN faf_app::infra::discord: Discord rich presence disconnected reason=Discord is not running
2026-09-30T13:26:41.075892Z  WARN faf_app::infra::discord: Discord rich presence disconnected reason=Discord is not running
2026-09-30T13:26:56.085658Z  WARN faf_app::infra::discord: Discord rich presence disconnected reason=Discord is not running
2026-09-30T13:27:11.095008Z  WARN faf_app::infra::discord: Discord rich presence disconnected reason=Discord is not running
2026-09-30T13:27:26.099035Z  WARN faf_app::infra::discord: Discord rich presence disconnected reason=Discord is not running
2026-09-30T13:27:41.108746Z  WARN faf_app::infra::discord: Discord rich presence disconnected reason=Discord is not running
2026-09-30T13:27:56.116562Z  WARN faf_app::infra::discord: Discord rich presence disconnected reason=Discord is not running
2026-09-30T13:28:11.125284Z  WARN faf_app::infra::discord: Discord rich presence disconnected reason=Discord is not running
2026-09-30T13:28:26.135272Z  WARN faf_app::infra::discord: Discord rich presence disconnected reason=Discord is not running
2026-09-30T13:28:41.137053Z  WARN faf_app::infra::discord: Discord rich presence disconnected reason=Discord is not running
2026-09-30T13:28:56.147416Z  WARN faf_app::infra::discord: Discord rich presence disconnected reason=Discord is not running
2026-09-30T13:29:11.161417Z  WARN faf_app::infra::discord: Discord rich presence disconnected reason=Discord is not running
2026-09-30T13:29:26.173262Z  WARN faf_app::infra::discord: Discord rich presence disconnected reason=Discord is not running
2026-09-30T13:29:41.178909Z  WARN faf_app::infra::discord: Discord rich presence disconnected reason=Discord is not running
2026-09-30T13:29:56.188470Z  WARN faf_app::infra::discord: Discord rich presence disconnected reason=Discord is not running
2026-09-30T13:30:11.200896Z  WARN faf_app::infra::discord: Discord rich presence disconnected reason=Discord is not running
2026-09-30T13:30:26.205895Z  WARN faf_app::infra::discord: Discord rich presence disconnected reason=Discord is not running
2026-09-30T13:30:41.214449Z  WARN faf_app::infra::discord: Discord rich presence disconnected reason=Discord is not running
2026-09-30T13:30:56.219672Z  WARN faf_app::infra::discord: Discord rich presence disconnected reason=Discord is not running
2026-09-30T13:31:11.228441Z  WARN faf_app::infra::discord: Discord rich presence disconnected reason=Discord is not running
2026-09-30T13:31:26.235609Z  WARN faf_app::infra::discord: Discord rich presence disconnected reason=Discord is not running
2026-09-30T13:31:41.239049Z  WARN faf_app::infra::discord: Discord rich presence disconnected reason=Discord is not running
2026-09-30T13:31:56.248633Z  WARN faf_app::infra::discord: Discord rich presence disconnected reason=Discord is not running
2026-09-30T13:32:11.257704Z  WARN faf_app::infra::discord: Discord rich presence disconnected reason=Discord is not running
2026-09-30T13:32:26.270531Z  WARN faf_app::infra::discord: Discord rich presence disconnected reason=Discord is not running
2026-09-30T13:32:41.275227Z  WARN faf_app::infra::discord: Discord rich presence disconnected reason=Discord is not running
2026-09-30T13:32:56.287029Z  WARN faf_app::infra::discord: Discord rich presence disconnected reason=Discord is not running
2026-09-30T13:33:11.302550Z  WARN faf_app::infra::discord: Discord rich presence disconnected reason=Discord is not running
2026-09-30T13:33:26.316804Z  WARN faf_app::infra::discord: Discord rich presence disconnected reason=Discord is not running
2026-09-30T13:33:41.323887Z  WARN faf_app::infra::discord: Discord rich presence disconnected reason=Discord is not running
2026-09-30T13:33:56.326821Z  WARN faf_app::infra::discord: Discord rich presence disconnected reason=Discord is not running
2026-09-30T13:34:11.341874Z  WARN faf_app::infra::discord: Discord rich presence disconnected reason=Discord is not running
2026-09-30T13:34:26.345707Z  WARN faf_app::infra::discord: Discord rich presence disconnected reason=Discord is not running
2026-09-30T13:34:41.361229Z  WARN faf_app::infra::discord: Discord rich presence disconnected reason=Discord is not running
2026-09-30T13:34:56.366288Z  WARN faf_app::infra::discord: Discord rich presence disconnected reason=Discord is not running
2026-09-30T13:35:11.372856Z  WARN faf_app::infra::discord: Discord rich presence disconnected reason=Discord is not running
2026-09-30T13:35:26.389411Z  WARN faf_app::infra::discord: Discord rich presence disconnected reason=Discord is not running
2026-09-30T13:35:41.396274Z  WARN faf_app::infra::discord: Discord rich presence disconnected reason=Discord is not running
2026-09-30T13:35:56.397904Z  WARN faf_app::infra::discord: Discord rich presence disconnected reason=Discord is not running
2026-09-30T13:36:11.411743Z  WARN faf_app::infra::discord: Discord rich presence disconnected reason=Discord is not running
2026-09-30T13:36:26.419133Z  WARN faf_app::infra::discord: Discord rich presence disconnected reason=Discord is not running
2026-09-30T13:36:41.422911Z  WARN faf_app::infra::discord: Discord rich presence disconnected reason=Discord is not running
2026-09-30T13:36:56.438552Z  WARN faf_app::infra::discord: Discord rich presence disconnected reason=Discord is not running
2026-09-30T13:37:11.449629Z  WARN faf_app::infra::discord: Discord rich presence disconnected reason=Discord is not running
2026-09-30T13:37:26.456637Z  WARN faf_app::infra::discord: Discord rich presence disconnected reason=Discord is not running
2026-09-30T13:37:41.471968Z  WARN faf_app::infra::discord: Discord rich presence disconnected reason=Discord is not running
2026-09-30T13:37:56.487534Z  WARN faf_app::infra::discord: Discord rich presence disconnected reason=Discord is not running
2026-09-30T13:38:11.495944Z  WARN faf_app::infra::discord: Discord rich presence disconnected reason=Discord is not running
2026-09-30T13:38:26.502880Z  WARN faf_app::infra::discord: Discord rich presence disconnected reason=Discord is not running
2026-09-30T13:38:41.508931Z  WARN faf_app::infra::discord: Discord rich presence disconnected reason=Discord is not running
2026-09-30T13:38:56.510209Z  WARN faf_app::infra::discord: Discord rich presence disconnected reason=Discord is not running
2026-09-30T13:39:11.522185Z  WARN faf_app::infra::discord: Discord rich presence disconnected reason=Discord is not running
2026-09-30T13:39:26.535979Z  WARN faf_app::infra::discord: Discord rich presence disconnected reason=Discord is not running
2026-09-30T13:39:41.543612Z  WARN faf_app::infra::discord: Discord rich presence disconnected reason=Discord is not running
2026-09-30T13:39:56.554522Z  WARN faf_app::infra::discord: Discord rich presence disconnected reason=Discord is not running
2026-09-30T13:40:11.570362Z  WARN faf_app::infra::discord: Discord rich presence disconnected reason=Discord is not running
2026-09-30T13:40:26.586079Z  WARN faf_app::infra::discord: Discord rich presence disconnected reason=Discord is not running
2026-09-30T13:40:41.592585Z  WARN faf_app::infra::discord: Discord rich presence disconnected reason=Discord is not running
2026-09-30T13:40:56.597630Z  WARN faf_app::infra::discord: Discord rich presence disconnected reason=Discord is not running
2026-09-30T13:41:11.608455Z  WARN faf_app::infra::discord: Discord rich presence disconnected reason=Discord is not running
2026-09-30T13:41:26.616114Z  WARN faf_app::infra::discord: Discord rich presence disconnected reason=Discord is not running
2026-09-30T13:41:41.621892Z  WARN faf_app::infra::discord: Discord rich presence disconnected reason=Discord is not running
2026-09-30T13:41:56.635481Z  WARN faf_app::infra::discord: Discord rich presence disconnected reason=Discord is not running
2026-09-30T13:42:11.648448Z  WARN faf_app::infra::discord: Discord rich presence disconnected reason=Discord is not running
2026-09-30T13:42:26.661252Z  WARN faf_app::infra::discord: Discord rich presence disconnected reason=Discord is not running
2026-09-30T13:42:41.675946Z  WARN faf_app::infra::discord: Discord rich presence disconnected reason=Discord is not running
2026-09-30T13:42:56.682736Z  WARN faf_app::infra::discord: Discord rich presence disconnected reason=Discord is not running
2026-09-30T13:43:11.692746Z  WARN faf_app::infra::discord: Discord rich presence disconnected reason=Discord is not running
2026-09-30T13:43:26.695176Z  WARN faf_app::infra::discord: Discord rich presence disconnected reason=Discord is not running
2026-09-30T13:43:41.702259Z  WARN faf_app::infra::discord: Discord rich presence disconnected reason=Discord is not running
2026-09-30T13:43:56.713718Z  WARN faf_app::infra::discord: Discord rich presence disconnected reason=Discord is not running
2026-09-30T13:44:11.720810Z  WARN faf_app::infra::discord: Discord rich presence disconnected reason=Discord is not running
2026-09-30T13:44:26.736683Z  WARN faf_app::infra::discord: Discord rich presence disconnected reason=Discord is not running
2026-09-30T13:44:41.739982Z  WARN faf_app::infra::discord: Discord rich presence disconnected reason=Discord is not running
2026-09-30T13:44:56.749114Z  WARN faf_app::infra::discord: Discord rich presence disconnected reason=Discord is not running
2026-09-30T13:45:11.758744Z  WARN faf_app::infra::discord: Discord rich presence disconnected reason=Discord is not running
2026-09-30T13:45:26.766627Z  WARN faf_app::infra::discord: Discord rich presence disconnected reason=Discord is not running
2026-09-30T13:45:41.772995Z  WARN faf_app::infra::discord: Discord rich presence disconnected reason=Discord is not running
2026-09-30T13:45:56.783400Z  WARN faf_app::infra::discord: Discord rich presence disconnected reason=Discord is not running
2026-09-30T13:46:11.790511Z  WARN faf_app::infra::discord: Discord rich presence disconnected reason=Discord is not running
2026-09-30T13:46:26.794525Z  WARN faf_app::infra::discord: Discord rich presence disconnected reason=Discord is not running
2026-09-30T13:46:41.810510Z  WARN faf_app::infra::discord: Discord rich presence disconnected reason=Discord is not running
2026-09-30T13:46:56.823246Z  WARN faf_app::infra::discord: Discord rich presence disconnected reason=Discord is not running
2026-09-30T13:47:11.828941Z  WARN faf_app::infra::discord: Discord rich presence disconnected reason=Discord is not running
2026-09-30T13:47:26.833631Z  WARN faf_app::infra::discord: Discord rich presence disconnected reason=Discord is not running
2026-09-30T13:47:41.838719Z  WARN faf_app::infra::discord: Discord rich presence disconnected reason=Discord is not running
2026-09-30T13:47:56.853902Z  WARN faf_app::infra::discord: Discord rich presence disconnected reason=Discord is not running
2026-09-30T13:48:11.857418Z  WARN faf_app::infra::discord: Discord rich presence disconnected reason=Discord is not running
2026-09-30T13:48:26.870269Z  WARN faf_app::infra::discord: Discord rich presence disconnected reason=Discord is not running
2026-09-30T13:48:41.883399Z  WARN faf_app::infra::discord: Discord rich presence disconnected reason=Discord is not running
2026-09-30T13:48:56.895936Z  WARN faf_app::infra::discord: Discord rich presence disconnected reason=Discord is not running
2026-09-30T13:49:11.909228Z  WARN faf_app::infra::discord: Discord rich presence disconnected reason=Discord is not running
2026-09-30T13:49:26.925020Z  WARN faf_app::infra::discord: Discord rich presence disconnected reason=Discord is not running
2026-09-30T13:49:41.939048Z  WARN faf_app::infra::discord: Discord rich presence disconnected reason=Discord is not running
2026-09-30T13:49:56.942520Z  WARN faf_app::infra::discord: Discord rich presence disconnected reason=Discord is not running
2026-09-30T13:50:11.952232Z  WARN faf_app::infra::discord: Discord rich presence disconnected reason=Discord is not running
2026-09-30T13:50:26.968131Z  WARN faf_app::infra::discord: Discord rich presence disconnected reason=Discord is not running
2026-09-30T13:50:41.977800Z  WARN faf_app::infra::discord: Discord rich presence disconnected reason=Discord is not running
2026-09-30T13:50:56.986168Z  WARN faf_app::infra::discord: Discord rich presence disconnected reason=Discord is not running
2026-09-30T13:51:11.990347Z  WARN faf_app::infra::discord: Discord rich presence disconnected reason=Discord is not running
2026-09-30T13:51:27.001170Z  WARN faf_app::infra::discord: Discord rich presence disconnected reason=Discord is not running
2026-09-30T13:51:42.009228Z  WARN faf_app::infra::discord: Discord rich presence disconnected reason=Discord is not running
2026-09-30T13:51:57.024691Z  WARN faf_app::infra::discord: Discord rich presence disconnected reason=Discord is not running
2026-09-30T13:52:12.027454Z  WARN faf_app::infra::discord: Discord rich presence disconnected reason=Discord is not running
2026-09-30T13:52:27.040879Z  WARN faf_app::infra::discord: Discord rich presence disconnected reason=Discord is not running
2026-09-30T13:52:42.042883Z  WARN faf_app::infra::discord: Discord rich presence disconnected reason=Discord is not running
2026-09-30T13:52:57.044339Z  WARN faf_app::infra::discord: Discord rich presence disconnected reason=Discord is not running
2026-09-30T13:53:12.045411Z  WARN faf_app::infra::discord: Discord rich presence disconnected reason=Discord is not running
2026-09-30T13:53:27.061737Z  WARN faf_app::infra::discord: Discord rich presence disconnected reason=Discord is not running
2026-09-30T13:53:42.069447Z  WARN faf_app::infra::discord: Discord rich presence disconnected reason=Discord is not running
2026-09-30T13:53:57.075377Z  WARN faf_app::infra::discord: Discord rich presence disconnected reason=Discord is not running
2026-09-30T13:54:12.078089Z  WARN faf_app::infra::discord: Discord rich presence disconnected reason=Discord is not running
2026-09-30T13:54:27.088038Z  WARN faf_app::infra::discord: Discord rich presence disconnected reason=Discord is not running
2026-09-30T13:54:42.101565Z  WARN faf_app::infra::discord: Discord rich presence disconnected reason=Discord is not running
2026-09-30T13:54:57.105547Z  WARN faf_app::infra::discord: Discord rich presence disconnected reason=Discord is not running
2026-09-30T13:55:12.114082Z  WARN faf_app::infra::discord: Discord rich presence disconnected reason=Discord is not running
2026-09-30T13:55:27.115796Z  WARN faf_app::infra::discord: Discord rich presence disconnected reason=Discord is not running
2026-09-30T13:55:42.131918Z  WARN faf_app::infra::discord: Discord rich presence disconnected reason=Discord is not running
2026-09-30T13:55:57.133116Z  WARN faf_app::infra::discord: Discord rich presence disconnected reason=Discord is not running
2026-09-30T13:56:12.134078Z  WARN faf_app::infra::discord: Discord rich presence disconnected reason=Discord is not running
2026-09-30T13:56:27.136899Z  WARN faf_app::infra::discord: Discord rich presence disconnected reason=Discord is not running
2026-09-30T13:56:42.138181Z  WARN faf_app::infra::discord: Discord rich presence disconnected reason=Discord is not running
2026-09-30T13:56:57.144959Z  WARN faf_app::infra::discord: Discord rich presence disconnected reason=Discord is not running
2026-09-30T13:57:12.150457Z  WARN faf_app::infra::discord: Discord rich presence disconnected reason=Discord is not running
2026-09-30T13:57:27.164704Z  WARN faf_app::infra::discord: Discord rich presence disconnected reason=Discord is not running
2026-09-30T13:57:42.171340Z  WARN faf_app::infra::discord: Discord rich presence disconnected reason=Discord is not running
2026-09-30T13:57:57.173921Z  WARN faf_app::infra::discord: Discord rich presence disconnected reason=Discord is not running
2026-09-30T13:58:12.188632Z  WARN faf_app::infra::discord: Discord rich presence disconnected reason=Discord is not running
2026-09-30T13:58:27.195541Z  WARN faf_app::infra::discord: Discord rich presence disconnected reason=Discord is not running
2026-09-30T13:58:42.200417Z  WARN faf_app::infra::discord: Discord rich presence disconnected reason=Discord is not running
2026-09-30T13:58:57.207644Z  WARN faf_app::infra::discord: Discord rich presence disconnected reason=Discord is not running
2026-09-30T13:59:12.223850Z  WARN faf_app::infra::discord: Discord rich presence disconnected reason=Discord is not running
2026-09-30T13:59:27.239570Z  WARN faf_app::infra::discord: Discord rich presence disconnected reason=Discord is not running
2026-09-30T13:59:42.255605Z  WARN faf_app::infra::discord: Discord rich presence disconnected reason=Discord is not running
2026-09-30T13:59:57.270534Z  WARN faf_app::infra::discord: Discord rich presence disconnected reason=Discord is not running
2026-09-30T14:00:12.273076Z  WARN faf_app::infra::discord: Discord rich presence disconnected reason=Discord is not running
2026-09-30T14:00:27.274998Z  WARN faf_app::infra::discord: Discord rich presence disconnected reason=Discord is not running
2026-09-30T14:00:42.283490Z  WARN faf_app::infra::discord: Discord rich presence disconnected reason=Discord is not running
2026-09-30T14:00:57.293319Z  WARN faf_app::infra::discord: Discord rich presence disconnected reason=Discord is not running
2026-09-30T14:01:12.306805Z  WARN faf_app::infra::discord: Discord rich presence disconnected reason=Discord is not running
2026-09-30T14:01:27.320957Z  WARN faf_app::infra::discord: Discord rich presence disconnected reason=Discord is not running
2026-09-30T14:01:42.337403Z  WARN faf_app::infra::discord: Discord rich presence disconnected reason=Discord is not running
2026-09-30T14:01:57.349493Z  WARN faf_app::infra::discord: Discord rich presence disconnected reason=Discord is not running
2026-09-30T14:02:12.357918Z  WARN faf_app::infra::discord: Discord rich presence disconnected reason=Discord is not running
2026-09-30T14:02:27.368004Z  WARN faf_app::infra::discord: Discord rich presence disconnected reason=Discord is not running
2026-09-30T14:02:42.381260Z  WARN faf_app::infra::discord: Discord rich presence disconnected reason=Discord is not running
2026-09-30T14:02:57.389485Z  WARN faf_app::infra::discord: Discord rich presence disconnected reason=Discord is not running
2026-09-30T14:03:12.403787Z  WARN faf_app::infra::discord: Discord rich presence disconnected reason=Discord is not running
2026-09-30T14:03:27.406740Z  WARN faf_app::infra::discord: Discord rich presence disconnected reason=Discord is not running
2026-09-30T14:03:42.419639Z  WARN faf_app::infra::discord: Discord rich presence disconnected reason=Discord is not running
2026-09-30T14:03:57.431930Z  WARN faf_app::infra::discord: Discord rich presence disconnected reason=Discord is not running
2026-09-30T14:04:12.442809Z  WARN faf_app::infra::discord: Discord rich presence disconnected reason=Discord is not running
2026-09-30T14:04:27.456019Z  WARN faf_app::infra::discord: Discord rich presence disconnected reason=Discord is not running
2026-09-30T14:04:42.465408Z  WARN faf_app::infra::discord: Discord rich presence disconnected reason=Discord is not running
2026-09-30T14:04:57.477975Z  WARN faf_app::infra::discord: Discord rich presence disconnected reason=Discord is not running
2026-09-30T14:05:12.478744Z  WARN faf_app::infra::discord: Discord rich presence disconnected reason=Discord is not running
2026-09-30T14:05:27.484099Z  WARN faf_app::infra::discord: Discord rich presence disconnected reason=Discord is not running
2026-09-30T14:05:42.489773Z  WARN faf_app::infra::discord: Discord rich presence disconnected reason=Discord is not running
2026-09-30T14:05:57.498364Z  WARN faf_app::infra::discord: Discord rich presence disconnected reason=Discord is not running
2026-09-30T14:06:12.508329Z  WARN faf_app::infra::discord: Discord rich presence disconnected reason=Discord is not running
2026-09-30T14:06:27.514125Z  WARN faf_app::infra::discord: Discord rich presence disconnected reason=Discord is not running
2026-09-30T14:06:42.522925Z  WARN faf_app::infra::discord: Discord rich presence disconnected reason=Discord is not running
2026-09-30T14:06:57.539787Z  WARN faf_app::infra::discord: Discord rich presence disconnected reason=Discord is not running
2026-09-30T14:07:12.556002Z  WARN faf_app::infra::discord: Discord rich presence disconnected reason=Discord is not running
2026-09-30T14:07:27.570823Z  WARN faf_app::infra::discord: Discord rich presence disconnected reason=Discord is not running
2026-09-30T14:07:42.572966Z  WARN faf_app::infra::discord: Discord rich presence disconnected reason=Discord is not running
2026-09-30T14:07:57.581695Z  WARN faf_app::infra::discord: Discord rich presence disconnected reason=Discord is not running
2026-09-30T14:08:12.595882Z  WARN faf_app::infra::discord: Discord rich presence disconnected reason=Discord is not running
2026-09-30T14:08:27.601801Z  WARN faf_app::infra::discord: Discord rich presence disconnected reason=Discord is not running
2026-09-30T14:08:42.616583Z  WARN faf_app::infra::discord: Discord rich presence disconnected reason=Discord is not running
2026-09-30T14:08:57.632088Z  WARN faf_app::infra::discord: Discord rich presence disconnected reason=Discord is not running
2026-09-30T14:09:12.636219Z  WARN faf_app::infra::discord: Discord rich presence disconnected reason=Discord is not running
2026-09-30T14:09:27.636491Z  WARN faf_app::infra::discord: Discord rich presence disconnected reason=Discord is not running
2026-09-30T14:09:42.642527Z  WARN faf_app::infra::discord: Discord rich presence disconnected reason=Discord is not running
2026-09-30T14:09:57.653567Z  WARN faf_app::infra::discord: Discord rich presence disconnected reason=Discord is not running
2026-09-30T14:10:12.661915Z  WARN faf_app::infra::discord: Discord rich presence disconnected reason=Discord is not running
2026-09-30T14:10:27.665524Z  WARN faf_app::infra::discord: Discord rich presence disconnected reason=Discord is not running
2026-09-30T14:10:42.669920Z  WARN faf_app::infra::discord: Discord rich presence disconnected reason=Discord is not running
2026-09-30T14:10:57.672968Z  WARN faf_app::infra::discord: Discord rich presence disconnected reason=Discord is not running
2026-09-30T14:11:12.687965Z  WARN faf_app::infra::discord: Discord rich presence disconnected reason=Discord is not running
2026-09-30T14:11:27.696189Z  WARN faf_app::infra::discord: Discord rich presence disconnected reason=Discord is not running
2026-09-30T14:11:42.697398Z  WARN faf_app::infra::discord: Discord rich presence disconnected reason=Discord is not running
2026-09-30T14:11:57.711270Z  WARN faf_app::infra::discord: Discord rich presence disconnected reason=Discord is not running
2026-09-30T14:12:12.714070Z  WARN faf_app::infra::discord: Discord rich presence disconnected reason=Discord is not running
2026-09-30T14:12:27.728651Z  WARN faf_app::infra::discord: Discord rich presence disconnected reason=Discord is not running
2026-09-30T14:12:42.741321Z  WARN faf_app::infra::discord: Discord rich presence disconnected reason=Discord is not running
2026-09-30T14:12:57.742150Z  WARN faf_app::infra::discord: Discord rich presence disconnected reason=Discord is not running
2026-09-30T14:13:12.758743Z  WARN faf_app::infra::discord: Discord rich presence disconnected reason=Discord is not running
2026-09-30T14:13:27.760389Z  WARN faf_app::infra::discord: Discord rich presence disconnected reason=Discord is not running
2026-09-30T14:13:42.765623Z  WARN faf_app::infra::discord: Discord rich presence disconnected reason=Discord is not running
2026-09-30T14:13:57.774572Z  WARN faf_app::infra::discord: Discord rich presence disconnected reason=Discord is not running
2026-09-30T14:14:12.787712Z  WARN faf_app::infra::discord: Discord rich presence disconnected reason=Discord is not running
2026-09-30T14:14:27.790530Z  WARN faf_app::infra::discord: Discord rich presence disconnected reason=Discord is not running
2026-09-30T14:14:42.799800Z  WARN faf_app::infra::discord: Discord rich presence disconnected reason=Discord is not running
2026-09-30T14:14:57.813583Z  WARN faf_app::infra::discord: Discord rich presence disconnected reason=Discord is not running
2026-09-30T14:15:12.825343Z  WARN faf_app::infra::discord: Discord rich presence disconnected reason=Discord is not running
2026-09-30T14:15:27.831817Z  WARN faf_app::infra::discord: Discord rich presence disconnected reason=Discord is not running
2026-09-30T14:15:42.841672Z  WARN faf_app::infra::discord: Discord rich presence disconnected reason=Discord is not running
2026-09-30T14:15:57.846246Z  WARN faf_app::infra::discord: Discord rich presence disconnected reason=Discord is not running
2026-09-30T14:16:12.853612Z  WARN faf_app::infra::discord: Discord rich presence disconnected reason=Discord is not running
2026-09-30T14:16:27.855454Z  WARN faf_app::infra::discord: Discord rich presence disconnected reason=Discord is not running
2026-09-30T14:16:42.872119Z  WARN faf_app::infra::discord: Discord rich presence disconnected reason=Discord is not running
2026-09-30T14:16:57.887568Z  WARN faf_app::infra::discord: Discord rich presence disconnected reason=Discord is not running
2026-09-30T14:17:12.896202Z  WARN faf_app::infra::discord: Discord rich presence disconnected reason=Discord is not running
2026-09-30T14:17:27.911056Z  WARN faf_app::infra::discord: Discord rich presence disconnected reason=Discord is not running
2026-09-30T14:17:42.925152Z  WARN faf_app::infra::discord: Discord rich presence disconnected reason=Discord is not running
2026-09-30T14:17:57.939111Z  WARN faf_app::infra::discord: Discord rich presence disconnected reason=Discord is not running
2026-09-30T14:18:12.947414Z  WARN faf_app::infra::discord: Discord rich presence disconnected reason=Discord is not running
2026-09-30T14:18:27.962347Z  WARN faf_app::infra::discord: Discord rich presence disconnected reason=Discord is not running
2026-09-30T14:18:42.976135Z  WARN faf_app::infra::discord: Discord rich presence disconnected reason=Discord is not running
2026-09-30T14:18:57.981515Z  WARN faf_app::infra::discord: Discord rich presence disconnected reason=Discord is not running
2026-09-30T14:19:12.992320Z  WARN faf_app::infra::discord: Discord rich presence disconnected reason=Discord is not running
2026-09-30T14:19:27.999126Z  WARN faf_app::infra::discord: Discord rich presence disconnected reason=Discord is not running
2026-09-30T14:19:43.001097Z  WARN faf_app::infra::discord: Discord rich presence disconnected reason=Discord is not running
2026-09-30T14:19:58.009383Z  WARN faf_app::infra::discord: Discord rich presence disconnected reason=Discord is not running
2026-09-30T14:20:13.024410Z  WARN faf_app::infra::discord: Discord rich presence disconnected reason=Discord is not running
2026-09-30T14:20:28.027071Z  WARN faf_app::infra::discord: Discord rich presence disconnected reason=Discord is not running
2026-09-30T14:20:43.028754Z  WARN faf_app::infra::discord: Discord rich presence disconnected reason=Discord is not running
2026-09-30T14:20:58.039296Z  WARN faf_app::infra::discord: Discord rich presence disconnected reason=Discord is not running
2026-09-30T14:21:13.049170Z  WARN faf_app::infra::discord: Discord rich presence disconnected reason=Discord is not running
2026-09-30T14:21:28.056772Z  WARN faf_app::infra::discord: Discord rich presence disconnected reason=Discord is not running
2026-09-30T14:21:43.067580Z  WARN faf_app::infra::discord: Discord rich presence disconnected reason=Discord is not running
2026-09-30T14:21:58.079453Z  WARN faf_app::infra::discord: Discord rich presence disconnected reason=Discord is not running
2026-09-30T14:22:13.085795Z  WARN faf_app::infra::discord: Discord rich presence disconnected reason=Discord is not running
2026-09-30T14:22:28.087434Z  WARN faf_app::infra::discord: Discord rich presence disconnected reason=Discord is not running
2026-09-30T14:22:43.098330Z  WARN faf_app::infra::discord: Discord rich presence disconnected reason=Discord is not running
2026-09-30T14:22:58.102376Z  WARN faf_app::infra::discord: Discord rich presence disconnected reason=Discord is not running
2026-09-30T14:23:13.109640Z  WARN faf_app::infra::discord: Discord rich presence disconnected reason=Discord is not running
2026-09-30T14:23:28.113774Z  WARN faf_app::infra::discord: Discord rich presence disconnected reason=Discord is not running
2026-09-30T14:23:43.125448Z  WARN faf_app::infra::discord: Discord rich presence disconnected reason=Discord is not running
2026-09-30T14:23:58.138518Z  WARN faf_app::infra::discord: Discord rich presence disconnected reason=Discord is not running
2026-09-30T14:24:13.139940Z  WARN faf_app::infra::discord: Discord rich presence disconnected reason=Discord is not running
2026-09-30T14:24:28.154862Z  WARN faf_app::infra::discord: Discord rich presence disconnected reason=Discord is not running
2026-09-30T14:24:43.167597Z  WARN faf_app::infra::discord: Discord rich presence disconnected reason=Discord is not running
2026-09-30T14:24:58.170783Z  WARN faf_app::infra::discord: Discord rich presence disconnected reason=Discord is not running
2026-09-30T14:25:13.183901Z  WARN faf_app::infra::discord: Discord rich presence disconnected reason=Discord is not running
2026-09-30T14:25:28.189512Z  WARN faf_app::infra::discord: Discord rich presence disconnected reason=Discord is not running
2026-09-30T14:25:43.197224Z  WARN faf_app::infra::discord: Discord rich presence disconnected reason=Discord is not running
2026-09-30T14:25:58.198932Z  WARN faf_app::infra::discord: Discord rich presence disconnected reason=Discord is not running
2026-09-30T14:26:13.211189Z  WARN faf_app::infra::discord: Discord rich presence disconnected reason=Discord is not running
2026-09-30T14:26:28.224231Z  WARN faf_app::infra::discord: Discord rich presence disconnected reason=Discord is not running
2026-09-30T14:26:43.230875Z  WARN faf_app::infra::discord: Discord rich presence disconnected reason=Discord is not running
2026-09-30T14:26:58.234276Z  WARN faf_app::infra::discord: Discord rich presence disconnected reason=Discord is not running
2026-09-30T14:27:13.249449Z  WARN faf_app::infra::discord: Discord rich presence disconnected reason=Discord is not running
2026-09-30T14:27:28.253555Z  WARN faf_app::infra::discord: Discord rich presence disconnected reason=Discord is not running
2026-09-30T14:27:43.268094Z  WARN faf_app::infra::discord: Discord rich presence disconnected reason=Discord is not running
2026-09-30T14:27:58.274797Z  WARN faf_app::infra::discord: Discord rich presence disconnected reason=Discord is not running
2026-09-30T14:28:13.281698Z  WARN faf_app::infra::discord: Discord rich presence disconnected reason=Discord is not running
2026-09-30T14:28:28.296462Z  WARN faf_app::infra::discord: Discord rich presence disconnected reason=Discord is not running
2026-09-30T14:28:43.309466Z  WARN faf_app::infra::discord: Discord rich presence disconnected reason=Discord is not running
2026-09-30T14:28:58.315059Z  WARN faf_app::infra::discord: Discord rich presence disconnected reason=Discord is not running
2026-09-30T14:29:13.326096Z  WARN faf_app::infra::discord: Discord rich presence disconnected reason=Discord is not running
2026-09-30T14:29:28.335006Z  WARN faf_app::infra::discord: Discord rich presence disconnected reason=Discord is not running
2026-09-30T14:29:43.343532Z  WARN faf_app::infra::discord: Discord rich presence disconnected reason=Discord is not running
2026-09-30T14:29:58.354387Z  WARN faf_app::infra::discord: Discord rich presence disconnected reason=Discord is not running
2026-09-30T14:30:13.362601Z  WARN faf_app::infra::discord: Discord rich presence disconnected reason=Discord is not running
2026-09-30T14:30:28.377588Z  WARN faf_app::infra::discord: Discord rich presence disconnected reason=Discord is not running
2026-09-30T14:30:43.393075Z  WARN faf_app::infra::discord: Discord rich presence disconnected reason=Discord is not running
2026-09-30T14:30:58.398012Z  WARN faf_app::infra::discord: Discord rich presence disconnected reason=Discord is not running
2026-09-30T14:31:13.410986Z  WARN faf_app::infra::discord: Discord rich presence disconnected reason=Discord is not running
2026-09-30T14:31:28.417441Z  WARN faf_app::infra::discord: Discord rich presence disconnected reason=Discord is not running
2026-09-30T14:31:43.421067Z  WARN faf_app::infra::discord: Discord rich presence disconnected reason=Discord is not running
2026-09-30T14:31:58.434064Z  WARN faf_app::infra::discord: Discord rich presence disconnected reason=Discord is not running
2026-09-30T14:32:13.436704Z  WARN faf_app::infra::discord: Discord rich presence disconnected reason=Discord is not running
2026-09-30T14:32:28.446531Z  WARN faf_app::infra::discord: Discord rich presence disconnected reason=Discord is not running
2026-09-30T14:32:43.462471Z  WARN faf_app::infra::discord: Discord rich presence disconnected reason=Discord is not running
2026-09-30T14:32:58.475225Z  WARN faf_app::infra::discord: Discord rich presence disconnected reason=Discord is not running
2026-09-30T14:33:13.482117Z  WARN faf_app::infra::discord: Discord rich presence disconnected reason=Discord is not running
2026-09-30T14:33:28.498014Z  WARN faf_app::infra::discord: Discord rich presence disconnected reason=Discord is not running
2026-09-30T14:33:40.699447Z  INFO faf_app::infra::lobby_ws: lobby connection closed
2026-09-30T14:33:41.165441Z  INFO faf_app::infra::lobby_ws: lobby WebSocket connected
2026-09-30T14:33:41.216595Z  INFO faf_app::infra::lobby_ws: lobby notice received style=Info text=You are using an unofficial client version! Some features might not work as expected. If you experience any problems please download the latest version of the official client from <a href="https://www.faforever.com">https://www.faforever.com</a>
2026-09-30T14:33:43.471568Z  INFO faf_app::infra::lobby_ws: lobby authenticated
2026-09-30T14:33:43.500054Z  WARN faf_app::infra::discord: Discord rich presence disconnected reason=Discord is not running
2026-09-30T14:33:58.511224Z  WARN faf_app::infra::discord: Discord rich presence disconnected reason=Discord is not running
2026-09-30T14:34:13.515230Z  WARN faf_app::infra::discord: Discord rich presence disconnected reason=Discord is not running
2026-09-30T14:34:28.516995Z  WARN faf_app::infra::discord: Discord rich presence disconnected reason=Discord is not running
2026-09-30T14:34:43.528912Z  WARN faf_app::infra::discord: Discord rich presence disconnected reason=Discord is not running
2026-09-30T14:34:58.536299Z  WARN faf_app::infra::discord: Discord rich presence disconnected reason=Discord is not running
2026-09-30T14:35:13.542847Z  WARN faf_app::infra::discord: Discord rich presence disconnected reason=Discord is not running
2026-09-30T14:35:28.549872Z  WARN faf_app::infra::discord: Discord rich presence disconnected reason=Discord is not running
2026-09-30T14:35:43.565726Z  WARN faf_app::infra::discord: Discord rich presence disconnected reason=Discord is not running
2026-09-30T14:35:58.568061Z  WARN faf_app::infra::discord: Discord rich presence disconnected reason=Discord is not running
2026-09-30T14:36:13.581182Z  WARN faf_app::infra::discord: Discord rich presence disconnected reason=Discord is not running
2026-09-30T14:36:28.581826Z  WARN faf_app::infra::discord: Discord rich presence disconnected reason=Discord is not running
2026-09-30T14:36:43.586219Z  WARN faf_app::infra::discord: Discord rich presence disconnected reason=Discord is not running
2026-09-30T14:36:58.596195Z  WARN faf_app::infra::discord: Discord rich presence disconnected reason=Discord is not running
2026-09-30T14:37:13.609668Z  WARN faf_app::infra::discord: Discord rich presence disconnected reason=Discord is not running
2026-09-30T14:37:28.623652Z  WARN faf_app::infra::discord: Discord rich presence disconnected reason=Discord is not running
2026-09-30T14:37:43.638374Z  WARN faf_app::infra::discord: Discord rich presence disconnected reason=Discord is not running
2026-09-30T14:37:58.647271Z  WARN faf_app::infra::discord: Discord rich presence disconnected reason=Discord is not running
2026-09-30T14:38:13.656647Z  WARN faf_app::infra::discord: Discord rich presence disconnected reason=Discord is not running
2026-09-30T14:38:28.668861Z  WARN faf_app::infra::discord: Discord rich presence disconnected reason=Discord is not running
2026-09-30T14:38:43.683645Z  WARN faf_app::infra::discord: Discord rich presence disconnected reason=Discord is not running
2026-09-30T14:38:58.693452Z  WARN faf_app::infra::discord: Discord rich presence disconnected reason=Discord is not running
2026-09-30T14:39:13.707646Z  WARN faf_app::infra::discord: Discord rich presence disconnected reason=Discord is not running
2026-09-30T14:39:28.715759Z  WARN faf_app::infra::discord: Discord rich presence disconnected reason=Discord is not running
2026-09-30T14:39:43.717597Z  WARN faf_app::infra::discord: Discord rich presence disconnected reason=Discord is not running
2026-09-30T14:39:58.731565Z  WARN faf_app::infra::discord: Discord rich presence disconnected reason=Discord is not running
2026-09-30T14:40:13.737455Z  WARN faf_app::infra::discord: Discord rich presence disconnected reason=Discord is not running
2026-09-30T14:40:28.741764Z  WARN faf_app::infra::discord: Discord rich presence disconnected reason=Discord is not running
2026-09-30T14:40:43.743486Z  WARN faf_app::infra::discord: Discord rich presence disconnected reason=Discord is not running
2026-09-30T14:40:58.753543Z  WARN faf_app::infra::discord: Discord rich presence disconnected reason=Discord is not running
2026-09-30T14:41:13.763474Z  WARN faf_app::infra::discord: Discord rich presence disconnected reason=Discord is not running
2026-09-30T14:41:28.772059Z  WARN faf_app::infra::discord: Discord rich presence disconnected reason=Discord is not running
2026-09-30T14:41:43.782509Z  WARN faf_app::infra::discord: Discord rich presence disconnected reason=Discord is not running
2026-09-30T14:41:58.790573Z  WARN faf_app::infra::discord: Discord rich presence disconnected reason=Discord is not running
2026-09-30T14:42:13.796437Z  WARN faf_app::infra::discord: Discord rich presence disconnected reason=Discord is not running
2026-09-30T14:42:28.804043Z  WARN faf_app::infra::discord: Discord rich presence disconnected reason=Discord is not running
2026-09-30T14:42:43.819073Z  WARN faf_app::infra::discord: Discord rich presence disconnected reason=Discord is not running
2026-09-30T14:42:58.823866Z  WARN faf_app::infra::discord: Discord rich presence disconnected reason=Discord is not running
2026-09-30T14:43:13.825283Z  WARN faf_app::infra::discord: Discord rich presence disconnected reason=Discord is not running
2026-09-30T14:43:28.835024Z  WARN faf_app::infra::discord: Discord rich presence disconnected reason=Discord is not running
2026-09-30T14:43:43.835812Z  WARN faf_app::infra::discord: Discord rich presence disconnected reason=Discord is not running
2026-09-30T14:43:58.844524Z  WARN faf_app::infra::discord: Discord rich presence disconnected reason=Discord is not running
2026-09-30T14:44:13.859741Z  WARN faf_app::infra::discord: Discord rich presence disconnected reason=Discord is not running
2026-09-30T14:44:28.870700Z  WARN faf_app::infra::discord: Discord rich presence disconnected reason=Discord is not running
2026-09-30T14:44:43.881955Z  WARN faf_app::infra::discord: Discord rich presence disconnected reason=Discord is not running
2026-09-30T14:44:58.889452Z  WARN faf_app::infra::discord: Discord rich presence disconnected reason=Discord is not running
2026-09-30T14:45:13.891314Z  WARN faf_app::infra::discord: Discord rich presence disconnected reason=Discord is not running
2026-09-30T14:45:28.904234Z  WARN faf_app::infra::discord: Discord rich presence disconnected reason=Discord is not running
2026-09-30T14:45:43.905460Z  WARN faf_app::infra::discord: Discord rich presence disconnected reason=Discord is not running
2026-09-30T14:45:58.912421Z  WARN faf_app::infra::discord: Discord rich presence disconnected reason=Discord is not running
2026-09-30T14:46:13.923418Z  WARN faf_app::infra::discord: Discord rich presence disconnected reason=Discord is not running
2026-09-30T14:46:28.934740Z  WARN faf_app::infra::discord: Discord rich presence disconnected reason=Discord is not running
2026-09-30T14:46:43.947638Z  WARN faf_app::infra::discord: Discord rich presence disconnected reason=Discord is not running
2026-09-30T14:46:58.960635Z  WARN faf_app::infra::discord: Discord rich presence disconnected reason=Discord is not running
2026-09-30T14:47:13.965799Z  WARN faf_app::infra::discord: Discord rich presence disconnected reason=Discord is not running
2026-09-30T14:47:28.977293Z  WARN faf_app::infra::discord: Discord rich presence disconnected reason=Discord is not running
2026-09-30T14:47:43.990824Z  WARN faf_app::infra::discord: Discord rich presence disconnected reason=Discord is not running
2026-09-30T14:47:58.999708Z  WARN faf_app::infra::discord: Discord rich presence disconnected reason=Discord is not running
2026-09-30T14:48:14.005182Z  WARN faf_app::infra::discord: Discord rich presence disconnected reason=Discord is not running
2026-09-30T14:48:16.181082Z  INFO faf_app::infra::irc: chat WebSocket connected
2026-09-30T14:48:29.018892Z  WARN faf_app::infra::discord: Discord rich presence disconnected reason=Discord is not running
2026-09-30T14:48:44.031320Z  WARN faf_app::infra::discord: Discord rich presence disconnected reason=Discord is not running
2026-09-30T14:48:59.040505Z  WARN faf_app::infra::discord: Discord rich presence disconnected reason=Discord is not running
2026-09-30T14:49:14.089965Z  WARN faf_app::infra::discord: Discord rich presence disconnected reason=Discord is not running
2026-09-30T14:49:29.092280Z  WARN faf_app::infra::discord: Discord rich presence disconnected reason=Discord is not running
2026-09-30T14:49:44.097800Z  WARN faf_app::infra::discord: Discord rich presence disconnected reason=Discord is not running
2026-09-30T14:49:59.114442Z  WARN faf_app::infra::discord: Discord rich presence disconnected reason=Discord is not running
2026-09-30T14:50:14.117882Z  WARN faf_app::infra::discord: Discord rich presence disconnected reason=Discord is not running
2026-09-30T14:50:29.130215Z  WARN faf_app::infra::discord: Discord rich presence disconnected reason=Discord is not running
2026-09-30T14:50:44.140102Z  WARN faf_app::infra::discord: Discord rich presence disconnected reason=Discord is not running
2026-09-30T14:50:59.140909Z  WARN faf_app::infra::discord: Discord rich presence disconnected reason=Discord is not running
2026-09-30T14:51:14.142384Z  WARN faf_app::infra::discord: Discord rich presence disconnected reason=Discord is not running
2026-09-30T14:51:29.155470Z  WARN faf_app::infra::discord: Discord rich presence disconnected reason=Discord is not running
2026-09-30T14:51:44.167787Z  WARN faf_app::infra::discord: Discord rich presence disconnected reason=Discord is not running
2026-09-30T14:51:59.173994Z  WARN faf_app::infra::discord: Discord rich presence disconnected reason=Discord is not running
2026-09-30T14:52:14.183777Z  WARN faf_app::infra::discord: Discord rich presence disconnected reason=Discord is not running
2026-09-30T14:52:29.197028Z  WARN faf_app::infra::discord: Discord rich presence disconnected reason=Discord is not running
2026-09-30T14:52:44.213218Z  WARN faf_app::infra::discord: Discord rich presence disconnected reason=Discord is not running
2026-09-30T14:52:59.224862Z  WARN faf_app::infra::discord: Discord rich presence disconnected reason=Discord is not running
2026-09-30T14:53:14.240667Z  WARN faf_app::infra::discord: Discord rich presence disconnected reason=Discord is not running
2026-09-30T14:53:29.250376Z  WARN faf_app::infra::discord: Discord rich presence disconnected reason=Discord is not running
2026-09-30T14:53:44.252168Z  WARN faf_app::infra::discord: Discord rich presence disconnected reason=Discord is not running
2026-09-30T14:53:59.255637Z  WARN faf_app::infra::discord: Discord rich presence disconnected reason=Discord is not running
2026-09-30T14:54:14.259351Z  WARN faf_app::infra::discord: Discord rich presence disconnected reason=Discord is not running
2026-09-30T14:54:29.270682Z  WARN faf_app::infra::discord: Discord rich presence disconnected reason=Discord is not running
2026-09-30T14:54:44.275010Z  WARN faf_app::infra::discord: Discord rich presence disconnected reason=Discord is not running
2026-09-30T14:54:59.288852Z  WARN faf_app::infra::discord: Discord rich presence disconnected reason=Discord is not running
2026-09-30T14:55:14.303540Z  WARN faf_app::infra::discord: Discord rich presence disconnected reason=Discord is not running
2026-09-30T14:55:29.313336Z  WARN faf_app::infra::discord: Discord rich presence disconnected reason=Discord is not running
2026-09-30T14:55:44.320045Z  WARN faf_app::infra::discord: Discord rich presence disconnected reason=Discord is not running
2026-09-30T14:55:59.329055Z  WARN faf_app::infra::discord: Discord rich presence disconnected reason=Discord is not running
2026-09-30T14:56:14.337274Z  WARN faf_app::infra::discord: Discord rich presence disconnected reason=Discord is not running
2026-09-30T14:56:29.346262Z  WARN faf_app::infra::discord: Discord rich presence disconnected reason=Discord is not running
2026-09-30T14:56:44.355056Z  WARN faf_app::infra::discord: Discord rich presence disconnected reason=Discord is not running
2026-09-30T14:56:59.363009Z  WARN faf_app::infra::discord: Discord rich presence disconnected reason=Discord is not running
2026-09-30T14:57:14.370656Z  WARN faf_app::infra::discord: Discord rich presence disconnected reason=Discord is not running
2026-09-30T14:57:29.380355Z  WARN faf_app::infra::discord: Discord rich presence disconnected reason=Discord is not running
2026-09-30T14:57:44.391023Z  WARN faf_app::infra::discord: Discord rich presence disconnected reason=Discord is not running
2026-09-30T14:57:59.391524Z  WARN faf_app::infra::discord: Discord rich presence disconnected reason=Discord is not running
2026-09-30T14:58:14.397273Z  WARN faf_app::infra::discord: Discord rich presence disconnected reason=Discord is not running
2026-09-30T14:58:29.401346Z  WARN faf_app::infra::discord: Discord rich presence disconnected reason=Discord is not running
2026-09-30T14:58:44.417086Z  WARN faf_app::infra::discord: Discord rich presence disconnected reason=Discord is not running
2026-09-30T14:58:59.427993Z  WARN faf_app::infra::discord: Discord rich presence disconnected reason=Discord is not running
2026-09-30T14:59:14.431455Z  WARN faf_app::infra::discord: Discord rich presence disconnected reason=Discord is not running
2026-09-30T14:59:29.448030Z  WARN faf_app::infra::discord: Discord rich presence disconnected reason=Discord is not running
2026-09-30T14:59:44.448950Z  WARN faf_app::infra::discord: Discord rich presence disconnected reason=Discord is not running
2026-09-30T14:59:59.457846Z  WARN faf_app::infra::discord: Discord rich presence disconnected reason=Discord is not running
2026-09-30T15:00:14.459396Z  WARN faf_app::infra::discord: Discord rich presence disconnected reason=Discord is not running
2026-09-30T15:00:29.467667Z  WARN faf_app::infra::discord: Discord rich presence disconnected reason=Discord is not running
2026-09-30T15:00:44.479351Z  WARN faf_app::infra::discord: Discord rich presence disconnected reason=Discord is not running
2026-09-30T15:00:59.485768Z  WARN faf_app::infra::discord: Discord rich presence disconnected reason=Discord is not running
2026-09-30T15:01:14.496502Z  WARN faf_app::infra::discord: Discord rich presence disconnected reason=Discord is not running
2026-09-30T15:01:29.504747Z  WARN faf_app::infra::discord: Discord rich presence disconnected reason=Discord is not running
2026-09-30T15:01:44.521828Z  WARN faf_app::infra::discord: Discord rich presence disconnected reason=Discord is not running
2026-09-30T15:01:59.529001Z  WARN faf_app::infra::discord: Discord rich presence disconnected reason=Discord is not running
2026-09-30T15:02:14.532851Z  WARN faf_app::infra::discord: Discord rich presence disconnected reason=Discord is not running
2026-09-30T15:02:29.537395Z  WARN faf_app::infra::discord: Discord rich presence disconnected reason=Discord is not running
2026-09-30T15:02:44.547007Z  WARN faf_app::infra::discord: Discord rich presence disconnected reason=Discord is not running
2026-09-30T15:02:59.579339Z  WARN faf_app::infra::discord: Discord rich presence disconnected reason=Discord is not running
2026-09-30T15:03:14.580942Z  WARN faf_app::infra::discord: Discord rich presence disconnected reason=Discord is not running
2026-09-30T15:03:29.583074Z  WARN faf_app::infra::discord: Discord rich presence disconnected reason=Discord is not running
2026-09-30T15:03:44.594945Z  WARN faf_app::infra::discord: Discord rich presence disconnected reason=Discord is not running
2026-09-30T15:03:59.597058Z  WARN faf_app::infra::discord: Discord rich presence disconnected reason=Discord is not running
2026-09-30T15:04:14.607631Z  WARN faf_app::infra::discord: Discord rich presence disconnected reason=Discord is not running
2026-09-30T15:04:29.620719Z  WARN faf_app::infra::discord: Discord rich presence disconnected reason=Discord is not running
2026-09-30T15:04:44.635582Z  WARN faf_app::infra::discord: Discord rich presence disconnected reason=Discord is not running
2026-09-30T15:04:59.639922Z  WARN faf_app::infra::discord: Discord rich presence disconnected reason=Discord is not running
2026-09-30T15:05:14.646140Z  WARN faf_app::infra::discord: Discord rich presence disconnected reason=Discord is not running
2026-09-30T15:05:29.658354Z  WARN faf_app::infra::discord: Discord rich presence disconnected reason=Discord is not running
2026-09-30T15:05:44.665495Z  WARN faf_app::infra::discord: Discord rich presence disconnected reason=Discord is not running
2026-09-30T15:05:59.667016Z  WARN faf_app::infra::discord: Discord rich presence disconnected reason=Discord is not running
2026-09-30T15:06:14.669029Z  WARN faf_app::infra::discord: Discord rich presence disconnected reason=Discord is not running
2026-09-30T15:06:29.672578Z  WARN faf_app::infra::discord: Discord rich presence disconnected reason=Discord is not running
2026-09-30T15:06:44.675924Z  WARN faf_app::infra::discord: Discord rich presence disconnected reason=Discord is not running
2026-09-30T15:06:59.678570Z  WARN faf_app::infra::discord: Discord rich presence disconnected reason=Discord is not running
2026-09-30T15:07:14.695410Z  WARN faf_app::infra::discord: Discord rich presence disconnected reason=Discord is not running
2026-09-30T15:07:29.699462Z  WARN faf_app::infra::discord: Discord rich presence disconnected reason=Discord is not running
2026-09-30T15:07:44.706164Z  WARN faf_app::infra::discord: Discord rich presence disconnected reason=Discord is not running
2026-09-30T15:07:59.711644Z  WARN faf_app::infra::discord: Discord rich presence disconnected reason=Discord is not running
2026-09-30T15:08:14.717862Z  WARN faf_app::infra::discord: Discord rich presence disconnected reason=Discord is not running
2026-09-30T15:08:29.719934Z  WARN faf_app::infra::discord: Discord rich presence disconnected reason=Discord is not running
2026-09-30T15:08:44.722940Z  WARN faf_app::infra::discord: Discord rich presence disconnected reason=Discord is not running
2026-09-30T15:08:59.737656Z  WARN faf_app::infra::discord: Discord rich presence disconnected reason=Discord is not running
2026-09-30T15:09:14.746595Z  WARN faf_app::infra::discord: Discord rich presence disconnected reason=Discord is not running
2026-09-30T15:09:29.755002Z  WARN faf_app::infra::discord: Discord rich presence disconnected reason=Discord is not running
2026-09-30T15:09:44.761428Z  WARN faf_app::infra::discord: Discord rich presence disconnected reason=Discord is not running
2026-09-30T15:09:59.767665Z  WARN faf_app::infra::discord: Discord rich presence disconnected reason=Discord is not running
2026-09-30T15:10:14.782287Z  WARN faf_app::infra::discord: Discord rich presence disconnected reason=Discord is not running
2026-09-30T15:10:29.785410Z  WARN faf_app::infra::discord: Discord rich presence disconnected reason=Discord is not running
2026-09-30T15:10:44.788789Z  WARN faf_app::infra::discord: Discord rich presence disconnected reason=Discord is not running
2026-09-30T15:10:59.790506Z  WARN faf_app::infra::discord: Discord rich presence disconnected reason=Discord is not running
2026-09-30T15:11:14.797319Z  WARN faf_app::infra::discord: Discord rich presence disconnected reason=Discord is not running
2026-09-30T15:11:29.806292Z  WARN faf_app::infra::discord: Discord rich presence disconnected reason=Discord is not running
2026-09-30T15:11:44.820864Z  WARN faf_app::infra::discord: Discord rich presence disconnected reason=Discord is not running
2026-09-30T15:11:59.836035Z  WARN faf_app::infra::discord: Discord rich presence disconnected reason=Discord is not running
2026-09-30T15:12:14.840577Z  WARN faf_app::infra::discord: Discord rich presence disconnected reason=Discord is not running
2026-09-30T15:12:29.842040Z  WARN faf_app::infra::discord: Discord rich presence disconnected reason=Discord is not running
2026-09-30T15:12:44.852407Z  WARN faf_app::infra::discord: Discord rich presence disconnected reason=Discord is not running
2026-09-30T15:12:59.865025Z  WARN faf_app::infra::discord: Discord rich presence disconnected reason=Discord is not running
2026-09-30T15:13:14.868705Z  WARN faf_app::infra::discord: Discord rich presence disconnected reason=Discord is not running
2026-09-30T15:13:29.876375Z  WARN faf_app::infra::discord: Discord rich presence disconnected reason=Discord is not running
2026-09-30T15:13:44.882070Z  WARN faf_app::infra::discord: Discord rich presence disconnected reason=Discord is not running
2026-09-30T15:13:59.896447Z  WARN faf_app::infra::discord: Discord rich presence disconnected reason=Discord is not running
2026-09-30T15:14:14.899632Z  WARN faf_app::infra::discord: Discord rich presence disconnected reason=Discord is not running
2026-09-30T15:14:29.902675Z  WARN faf_app::infra::discord: Discord rich presence disconnected reason=Discord is not running
2026-09-30T15:14:44.913367Z  WARN faf_app::infra::discord: Discord rich presence disconnected reason=Discord is not running
2026-09-30T15:14:59.927670Z  WARN faf_app::infra::discord: Discord rich presence disconnected reason=Discord is not running
2026-09-30T15:15:14.935976Z  WARN faf_app::infra::discord: Discord rich presence disconnected reason=Discord is not running
2026-09-30T15:15:29.936803Z  WARN faf_app::infra::discord: Discord rich presence disconnected reason=Discord is not running
2026-09-30T15:15:44.946244Z  WARN faf_app::infra::discord: Discord rich presence disconnected reason=Discord is not running
2026-09-30T15:15:59.949452Z  WARN faf_app::infra::discord: Discord rich presence disconnected reason=Discord is not running
2026-09-30T15:16:14.966058Z  WARN faf_app::infra::discord: Discord rich presence disconnected reason=Discord is not running
2026-09-30T15:16:29.977757Z  WARN faf_app::infra::discord: Discord rich presence disconnected reason=Discord is not running
2026-09-30T15:16:44.989645Z  WARN faf_app::infra::discord: Discord rich presence disconnected reason=Discord is not running
2026-09-30T15:16:59.990986Z  WARN faf_app::infra::discord: Discord rich presence disconnected reason=Discord is not running
2026-09-30T15:17:14.998416Z  WARN faf_app::infra::discord: Discord rich presence disconnected reason=Discord is not running
2026-09-30T15:17:30.001511Z  WARN faf_app::infra::discord: Discord rich presence disconnected reason=Discord is not running
2026-09-30T15:17:45.018000Z  WARN faf_app::infra::discord: Discord rich presence disconnected reason=Discord is not running
2026-09-30T15:18:00.027895Z  WARN faf_app::infra::discord: Discord rich presence disconnected reason=Discord is not running
2026-09-30T15:18:15.039962Z  WARN faf_app::infra::discord: Discord rich presence disconnected reason=Discord is not running
2026-09-30T15:18:30.054005Z  WARN faf_app::infra::discord: Discord rich presence disconnected reason=Discord is not running
2026-09-30T15:18:45.069050Z  WARN faf_app::infra::discord: Discord rich presence disconnected reason=Discord is not running
2026-09-30T15:19:00.078602Z  WARN faf_app::infra::discord: Discord rich presence disconnected reason=Discord is not running
2026-09-30T15:19:15.089662Z  WARN faf_app::infra::discord: Discord rich presence disconnected reason=Discord is not running
2026-09-30T15:19:30.099780Z  WARN faf_app::infra::discord: Discord rich presence disconnected reason=Discord is not running
2026-09-30T15:19:45.111824Z  WARN faf_app::infra::discord: Discord rich presence disconnected reason=Discord is not running
2026-09-30T15:20:00.127003Z  WARN faf_app::infra::discord: Discord rich presence disconnected reason=Discord is not running
2026-09-30T15:20:15.138946Z  WARN faf_app::infra::discord: Discord rich presence disconnected reason=Discord is not running
2026-09-30T15:20:30.149929Z  WARN faf_app::infra::discord: Discord rich presence disconnected reason=Discord is not running
2026-09-30T15:20:45.166001Z  WARN faf_app::infra::discord: Discord rich presence disconnected reason=Discord is not running
2026-09-30T15:21:00.174266Z  WARN faf_app::infra::discord: Discord rich presence disconnected reason=Discord is not running
2026-09-30T15:21:15.178908Z  WARN faf_app::infra::discord: Discord rich presence disconnected reason=Discord is not running
2026-09-30T15:21:30.180506Z  WARN faf_app::infra::discord: Discord rich presence disconnected reason=Discord is not running
2026-09-30T15:21:45.184645Z  WARN faf_app::infra::discord: Discord rich presence disconnected reason=Discord is not running
2026-09-30T15:22:00.188295Z  WARN faf_app::infra::discord: Discord rich presence disconnected reason=Discord is not running
2026-09-30T15:22:15.191727Z  WARN faf_app::infra::discord: Discord rich presence disconnected reason=Discord is not running
2026-09-30T15:22:30.198067Z  WARN faf_app::infra::discord: Discord rich presence disconnected reason=Discord is not running
2026-09-30T15:22:45.203711Z  WARN faf_app::infra::discord: Discord rich presence disconnected reason=Discord is not running
2026-09-30T15:23:00.210341Z  WARN faf_app::infra::discord: Discord rich presence disconnected reason=Discord is not running
2026-09-30T15:23:15.218600Z  WARN faf_app::infra::discord: Discord rich presence disconnected reason=Discord is not running
2026-09-30T15:23:30.226277Z  WARN faf_app::infra::discord: Discord rich presence disconnected reason=Discord is not running
2026-09-30T15:23:45.235884Z  WARN faf_app::infra::discord: Discord rich presence disconnected reason=Discord is not running
2026-09-30T15:24:00.238712Z  WARN faf_app::infra::discord: Discord rich presence disconnected reason=Discord is not running
2026-09-30T15:24:15.251033Z  WARN faf_app::infra::discord: Discord rich presence disconnected reason=Discord is not running
2026-09-30T15:24:30.257868Z  WARN faf_app::infra::discord: Discord rich presence disconnected reason=Discord is not running
2026-09-30T15:24:45.262210Z  WARN faf_app::infra::discord: Discord rich presence disconnected reason=Discord is not running
2026-09-30T15:25:00.271836Z  WARN faf_app::infra::discord: Discord rich presence disconnected reason=Discord is not running
2026-09-30T15:25:15.280505Z  WARN faf_app::infra::discord: Discord rich presence disconnected reason=Discord is not running
2026-09-30T15:25:30.289710Z  WARN faf_app::infra::discord: Discord rich presence disconnected reason=Discord is not running
2026-09-30T15:25:45.299170Z  WARN faf_app::infra::discord: Discord rich presence disconnected reason=Discord is not running
2026-09-30T15:26:00.305882Z  WARN faf_app::infra::discord: Discord rich presence disconnected reason=Discord is not running
2026-09-30T15:26:15.310425Z  WARN faf_app::infra::discord: Discord rich presence disconnected reason=Discord is not running
2026-09-30T15:26:30.323019Z  WARN faf_app::infra::discord: Discord rich presence disconnected reason=Discord is not running
2026-09-30T15:26:45.331665Z  WARN faf_app::infra::discord: Discord rich presence disconnected reason=Discord is not running
2026-09-30T15:27:00.339203Z  WARN faf_app::infra::discord: Discord rich presence disconnected reason=Discord is not running
2026-09-30T15:27:15.342323Z  WARN faf_app::infra::discord: Discord rich presence disconnected reason=Discord is not running
2026-09-30T15:27:30.356126Z  WARN faf_app::infra::discord: Discord rich presence disconnected reason=Discord is not running
2026-09-30T15:27:45.370623Z  WARN faf_app::infra::discord: Discord rich presence disconnected reason=Discord is not running
2026-09-30T15:28:00.373025Z  WARN faf_app::infra::discord: Discord rich presence disconnected reason=Discord is not running
2026-09-30T15:28:15.387085Z  WARN faf_app::infra::discord: Discord rich presence disconnected reason=Discord is not running
2026-09-30T15:28:30.402422Z  WARN faf_app::infra::discord: Discord rich presence disconnected reason=Discord is not running
2026-09-30T15:28:45.403805Z  WARN faf_app::infra::discord: Discord rich presence disconnected reason=Discord is not running
2026-09-30T15:29:00.404884Z  WARN faf_app::infra::discord: Discord rich presence disconnected reason=Discord is not running
2026-09-30T15:29:15.418446Z  WARN faf_app::infra::discord: Discord rich presence disconnected reason=Discord is not running
2026-09-30T15:29:30.432807Z  WARN faf_app::infra::discord: Discord rich presence disconnected reason=Discord is not running
2026-09-30T15:29:45.442365Z  WARN faf_app::infra::discord: Discord rich presence disconnected reason=Discord is not running
2026-09-30T15:30:00.443959Z  WARN faf_app::infra::discord: Discord rich presence disconnected reason=Discord is not running
2026-09-30T15:30:15.445394Z  WARN faf_app::infra::discord: Discord rich presence disconnected reason=Discord is not running
2026-09-30T15:30:30.461314Z  WARN faf_app::infra::discord: Discord rich presence disconnected reason=Discord is not running
2026-09-30T15:30:45.472050Z  WARN faf_app::infra::discord: Discord rich presence disconnected reason=Discord is not running
2026-09-30T15:31:00.481482Z  WARN faf_app::infra::discord: Discord rich presence disconnected reason=Discord is not running
2026-09-30T15:31:15.486186Z  WARN faf_app::infra::discord: Discord rich presence disconnected reason=Discord is not running
2026-09-30T15:31:30.497895Z  WARN faf_app::infra::discord: Discord rich presence disconnected reason=Discord is not running
2026-09-30T15:31:45.504095Z  WARN faf_app::infra::discord: Discord rich presence disconnected reason=Discord is not running
2026-09-30T15:32:00.518354Z  WARN faf_app::infra::discord: Discord rich presence disconnected reason=Discord is not running
2026-09-30T15:32:15.522975Z  WARN faf_app::infra::discord: Discord rich presence disconnected reason=Discord is not running
2026-09-30T15:32:30.529888Z  WARN faf_app::infra::discord: Discord rich presence disconnected reason=Discord is not running
2026-09-30T15:32:45.544441Z  WARN faf_app::infra::discord: Discord rich presence disconnected reason=Discord is not running
2026-09-30T15:33:00.551964Z  WARN faf_app::infra::discord: Discord rich presence disconnected reason=Discord is not running
2026-09-30T15:33:15.553652Z  WARN faf_app::infra::discord: Discord rich presence disconnected reason=Discord is not running
2026-09-30T15:33:30.557017Z  WARN faf_app::infra::discord: Discord rich presence disconnected reason=Discord is not running
2026-09-30T15:33:45.568627Z  WARN faf_app::infra::discord: Discord rich presence disconnected reason=Discord is not running
2026-09-30T15:34:00.581117Z  WARN faf_app::infra::discord: Discord rich presence disconnected reason=Discord is not running
2026-09-30T15:34:15.594958Z  WARN faf_app::infra::discord: Discord rich presence disconnected reason=Discord is not running
2026-09-30T15:34:30.599008Z  WARN faf_app::infra::discord: Discord rich presence disconnected reason=Discord is not running
2026-09-30T15:34:45.603941Z  WARN faf_app::infra::discord: Discord rich presence disconnected reason=Discord is not running
2026-09-30T15:35:00.608403Z  WARN faf_app::infra::discord: Discord rich presence disconnected reason=Discord is not running
2026-09-30T15:35:15.619085Z  WARN faf_app::infra::discord: Discord rich presence disconnected reason=Discord is not running
2026-09-30T15:35:30.623702Z  WARN faf_app::infra::discord: Discord rich presence disconnected reason=Discord is not running
2026-09-30T15:35:45.633484Z  WARN faf_app::infra::discord: Discord rich presence disconnected reason=Discord is not running
2026-09-30T15:36:00.642404Z  WARN faf_app::infra::discord: Discord rich presence disconnected reason=Discord is not running
2026-09-30T15:36:15.659319Z  WARN faf_app::infra::discord: Discord rich presence disconnected reason=Discord is not running
2026-09-30T15:36:30.669708Z  WARN faf_app::infra::discord: Discord rich presence disconnected reason=Discord is not running
2026-09-30T15:36:45.677563Z  WARN faf_app::infra::discord: Discord rich presence disconnected reason=Discord is not running
2026-09-30T15:37:00.690277Z  WARN faf_app::infra::discord: Discord rich presence disconnected reason=Discord is not running
2026-09-30T15:37:15.690614Z  WARN faf_app::infra::discord: Discord rich presence disconnected reason=Discord is not running
2026-09-30T15:37:30.696496Z  WARN faf_app::infra::discord: Discord rich presence disconnected reason=Discord is not running
2026-09-30T15:37:45.709225Z  WARN faf_app::infra::discord: Discord rich presence disconnected reason=Discord is not running
2026-09-30T15:38:00.720866Z  WARN faf_app::infra::discord: Discord rich presence disconnected reason=Discord is not running
2026-09-30T15:38:15.736295Z  WARN faf_app::infra::discord: Discord rich presence disconnected reason=Discord is not running
2026-09-30T15:38:30.747858Z  WARN faf_app::infra::discord: Discord rich presence disconnected reason=Discord is not running
2026-09-30T15:38:45.762888Z  WARN faf_app::infra::discord: Discord rich presence disconnected reason=Discord is not running
2026-09-30T15:39:00.775923Z  WARN faf_app::infra::discord: Discord rich presence disconnected reason=Discord is not running
2026-09-30T15:39:15.776850Z  WARN faf_app::infra::discord: Discord rich presence disconnected reason=Discord is not running
2026-09-30T15:39:30.788811Z  WARN faf_app::infra::discord: Discord rich presence disconnected reason=Discord is not running
2026-09-30T15:39:45.790326Z  WARN faf_app::infra::discord: Discord rich presence disconnected reason=Discord is not running
2026-09-30T15:40:00.792304Z  WARN faf_app::infra::discord: Discord rich presence disconnected reason=Discord is not running
2026-09-30T15:40:09.555271Z  INFO faf_app::infra::irc: chat reconnect scheduled delay_seconds=10
2026-09-30T15:40:12.450041Z  INFO faf_app::services::reconnect: reconnecting to chat attempt=1
2026-09-30T15:40:15.802226Z  WARN faf_app::infra::discord: Discord rich presence disconnected reason=Discord is not running
2026-09-30T15:40:20.110242Z  INFO faf_app::infra::irc: chat WebSocket connected
2026-09-30T15:40:30.815893Z  WARN faf_app::infra::discord: Discord rich presence disconnected reason=Discord is not running
2026-09-30T15:40:45.820926Z  WARN faf_app::infra::discord: Discord rich presence disconnected reason=Discord is not running
2026-09-30T15:41:00.826207Z  WARN faf_app::infra::discord: Discord rich presence disconnected reason=Discord is not running
2026-09-30T15:41:15.837037Z  WARN faf_app::infra::discord: Discord rich presence disconnected reason=Discord is not running
2026-09-30T15:41:30.851624Z  WARN faf_app::infra::discord: Discord rich presence disconnected reason=Discord is not running
2026-09-30T15:41:45.855598Z  WARN faf_app::infra::discord: Discord rich presence disconnected reason=Discord is not running
2026-09-30T15:42:00.865653Z  WARN faf_app::infra::discord: Discord rich presence disconnected reason=Discord is not running
2026-09-30T15:42:15.876196Z  WARN faf_app::infra::discord: Discord rich presence disconnected reason=Discord is not running
2026-09-30T15:42:30.877781Z  WARN faf_app::infra::discord: Discord rich presence disconnected reason=Discord is not running
2026-09-30T15:42:45.893791Z  WARN faf_app::infra::discord: Discord rich presence disconnected reason=Discord is not running
2026-09-30T15:43:00.905631Z  WARN faf_app::infra::discord: Discord rich presence disconnected reason=Discord is not running
2026-09-30T15:43:15.915921Z  WARN faf_app::infra::discord: Discord rich presence disconnected reason=Discord is not running
2026-09-30T15:43:30.924076Z  WARN faf_app::infra::discord: Discord rich presence disconnected reason=Discord is not running
2026-09-30T15:43:45.932212Z  WARN faf_app::infra::discord: Discord rich presence disconnected reason=Discord is not running
2026-09-30T15:44:00.933264Z  WARN faf_app::infra::discord: Discord rich presence disconnected reason=Discord is not running
2026-09-30T15:44:15.934043Z  WARN faf_app::infra::discord: Discord rich presence disconnected reason=Discord is not running
2026-09-30T15:44:30.948021Z  WARN faf_app::infra::discord: Discord rich presence disconnected reason=Discord is not running
2026-09-30T15:44:45.960198Z  WARN faf_app::infra::discord: Discord rich presence disconnected reason=Discord is not running
2026-09-30T15:45:00.976347Z  WARN faf_app::infra::discord: Discord rich presence disconnected reason=Discord is not running
2026-09-30T15:45:15.978889Z  WARN faf_app::infra::discord: Discord rich presence disconnected reason=Discord is not running
2026-09-30T15:45:30.987965Z  WARN faf_app::infra::discord: Discord rich presence disconnected reason=Discord is not running
2026-09-30T15:45:45.989453Z  WARN faf_app::infra::discord: Discord rich presence disconnected reason=Discord is not running
2026-09-30T15:46:00.999622Z  WARN faf_app::infra::discord: Discord rich presence disconnected reason=Discord is not running
2026-09-30T15:46:16.003177Z  WARN faf_app::infra::discord: Discord rich presence disconnected reason=Discord is not running
2026-09-30T15:46:31.013267Z  WARN faf_app::infra::discord: Discord rich presence disconnected reason=Discord is not running
2026-09-30T15:46:46.028894Z  WARN faf_app::infra::discord: Discord rich presence disconnected reason=Discord is not running
2026-09-30T15:47:01.036238Z  WARN faf_app::infra::discord: Discord rich presence disconnected reason=Discord is not running
2026-09-30T15:47:16.046227Z  WARN faf_app::infra::discord: Discord rich presence disconnected reason=Discord is not running
2026-09-30T15:47:31.047635Z  WARN faf_app::infra::discord: Discord rich presence disconnected reason=Discord is not running
2026-09-30T15:47:46.063236Z  WARN faf_app::infra::discord: Discord rich presence disconnected reason=Discord is not running
2026-09-30T15:48:01.070705Z  WARN faf_app::infra::discord: Discord rich presence disconnected reason=Discord is not running
2026-09-30T15:48:16.085957Z  WARN faf_app::infra::discord: Discord rich presence disconnected reason=Discord is not running
2026-09-30T15:48:31.100467Z  WARN faf_app::infra::discord: Discord rich presence disconnected reason=Discord is not running
2026-09-30T15:48:46.107291Z  WARN faf_app::infra::discord: Discord rich presence disconnected reason=Discord is not running
2026-09-30T15:49:01.113096Z  WARN faf_app::infra::discord: Discord rich presence disconnected reason=Discord is not running
2026-09-30T15:49:16.128289Z  WARN faf_app::infra::discord: Discord rich presence disconnected reason=Discord is not running
2026-09-30T15:49:31.139080Z  WARN faf_app::infra::discord: Discord rich presence disconnected reason=Discord is not running
2026-09-30T15:49:46.154664Z  WARN faf_app::infra::discord: Discord rich presence disconnected reason=Discord is not running
2026-09-30T15:50:01.164941Z  WARN faf_app::infra::discord: Discord rich presence disconnected reason=Discord is not running
2026-09-30T15:50:16.168274Z  WARN faf_app::infra::discord: Discord rich presence disconnected reason=Discord is not running
2026-09-30T15:50:31.168983Z  WARN faf_app::infra::discord: Discord rich presence disconnected reason=Discord is not running
2026-09-30T15:50:46.182656Z  WARN faf_app::infra::discord: Discord rich presence disconnected reason=Discord is not running
2026-09-30T15:51:01.193436Z  WARN faf_app::infra::discord: Discord rich presence disconnected reason=Discord is not running
2026-09-30T15:51:16.201238Z  WARN faf_app::infra::discord: Discord rich presence disconnected reason=Discord is not running
2026-09-30T15:51:31.212080Z  WARN faf_app::infra::discord: Discord rich presence disconnected reason=Discord is not running
2026-09-30T15:51:46.213970Z  WARN faf_app::infra::discord: Discord rich presence disconnected reason=Discord is not running
2026-09-30T15:52:01.229459Z  WARN faf_app::infra::discord: Discord rich presence disconnected reason=Discord is not running
2026-09-30T15:52:16.242409Z  WARN faf_app::infra::discord: Discord rich presence disconnected reason=Discord is not running
2026-09-30T15:52:31.250424Z  WARN faf_app::infra::discord: Discord rich presence disconnected reason=Discord is not running
2026-09-30T15:52:46.263551Z  WARN faf_app::infra::discord: Discord rich presence disconnected reason=Discord is not running
2026-09-30T15:53:01.279732Z  WARN faf_app::infra::discord: Discord rich presence disconnected reason=Discord is not running
2026-09-30T15:53:16.294815Z  WARN faf_app::infra::discord: Discord rich presence disconnected reason=Discord is not running
2026-09-30T15:53:31.303760Z  WARN faf_app::infra::discord: Discord rich presence disconnected reason=Discord is not running
2026-09-30T15:53:46.312476Z  WARN faf_app::infra::discord: Discord rich presence disconnected reason=Discord is not running
2026-09-30T15:54:01.315211Z  WARN faf_app::infra::discord: Discord rich presence disconnected reason=Discord is not running
2026-09-30T15:54:16.322152Z  WARN faf_app::infra::discord: Discord rich presence disconnected reason=Discord is not running
2026-09-30T15:54:31.331223Z  WARN faf_app::infra::discord: Discord rich presence disconnected reason=Discord is not running
2026-09-30T15:54:46.342432Z  WARN faf_app::infra::discord: Discord rich presence disconnected reason=Discord is not running
2026-09-30T15:55:01.354287Z  WARN faf_app::infra::discord: Discord rich presence disconnected reason=Discord is not running
2026-09-30T15:55:16.369259Z  WARN faf_app::infra::discord: Discord rich presence disconnected reason=Discord is not running
2026-09-30T15:55:31.369990Z  WARN faf_app::infra::discord: Discord rich presence disconnected reason=Discord is not running
2026-09-30T15:55:46.381599Z  WARN faf_app::infra::discord: Discord rich presence disconnected reason=Discord is not running
2026-09-30T15:56:01.394920Z  WARN faf_app::infra::discord: Discord rich presence disconnected reason=Discord is not running
2026-09-30T15:56:16.398923Z  WARN faf_app::infra::discord: Discord rich presence disconnected reason=Discord is not running
2026-09-30T15:56:31.415686Z  WARN faf_app::infra::discord: Discord rich presence disconnected reason=Discord is not running
2026-09-30T15:56:46.416992Z  WARN faf_app::infra::discord: Discord rich presence disconnected reason=Discord is not running
2026-09-30T15:57:01.427917Z  WARN faf_app::infra::discord: Discord rich presence disconnected reason=Discord is not running
2026-09-30T15:57:16.443070Z  WARN faf_app::infra::discord: Discord rich presence disconnected reason=Discord is not running
2026-09-30T15:57:31.444120Z  WARN faf_app::infra::discord: Discord rich presence disconnected reason=Discord is not running
2026-09-30T15:57:46.446777Z  WARN faf_app::infra::discord: Discord rich presence disconnected reason=Discord is not running
2026-09-30T15:58:01.450623Z  WARN faf_app::infra::discord: Discord rich presence disconnected reason=Discord is not running
2026-09-30T15:58:16.457881Z  WARN faf_app::infra::discord: Discord rich presence disconnected reason=Discord is not running
2026-09-30T15:58:31.463442Z  WARN faf_app::infra::discord: Discord rich presence disconnected reason=Discord is not running
2026-09-30T15:58:46.476151Z  WARN faf_app::infra::discord: Discord rich presence disconnected reason=Discord is not running
2026-09-30T15:59:01.483212Z  WARN faf_app::infra::discord: Discord rich presence disconnected reason=Discord is not running
2026-09-30T15:59:16.491380Z  WARN faf_app::infra::discord: Discord rich presence disconnected reason=Discord is not running
2026-09-30T15:59:31.506764Z  WARN faf_app::infra::discord: Discord rich presence disconnected reason=Discord is not running
2026-09-30T15:59:46.508485Z  WARN faf_app::infra::discord: Discord rich presence disconnected reason=Discord is not running
2026-09-30T16:00:01.515105Z  WARN faf_app::infra::discord: Discord rich presence disconnected reason=Discord is not running
2026-09-30T16:00:16.524363Z  WARN faf_app::infra::discord: Discord rich presence disconnected reason=Discord is not running
2026-09-30T16:00:31.531280Z  WARN faf_app::infra::discord: Discord rich presence disconnected reason=Discord is not running
2026-09-30T16:00:46.538541Z  WARN faf_app::infra::discord: Discord rich presence disconnected reason=Discord is not running
2026-09-30T16:01:01.548869Z  WARN faf_app::infra::discord: Discord rich presence disconnected reason=Discord is not running
2026-09-30T16:01:16.553850Z  WARN faf_app::infra::discord: Discord rich presence disconnected reason=Discord is not running
2026-09-30T16:01:31.566719Z  WARN faf_app::infra::discord: Discord rich presence disconnected reason=Discord is not running
2026-09-30T16:01:46.577105Z  WARN faf_app::infra::discord: Discord rich presence disconnected reason=Discord is not running
2026-09-30T16:02:01.578826Z  WARN faf_app::infra::discord: Discord rich presence disconnected reason=Discord is not running
2026-09-30T16:02:16.592579Z  WARN faf_app::infra::discord: Discord rich presence disconnected reason=Discord is not running
2026-09-30T16:02:31.604000Z  WARN faf_app::infra::discord: Discord rich presence disconnected reason=Discord is not running
2026-09-30T16:02:46.618709Z  WARN faf_app::infra::discord: Discord rich presence disconnected reason=Discord is not running
2026-09-30T16:03:01.624267Z  WARN faf_app::infra::discord: Discord rich presence disconnected reason=Discord is not running
2026-09-30T16:03:16.631867Z  WARN faf_app::infra::discord: Discord rich presence disconnected reason=Discord is not running
2026-09-30T16:03:25.041196Z  INFO faf_app::infra::lobby_ws: lobby connection closed
2026-09-30T16:03:25.626019Z  INFO faf_app::infra::lobby_ws: lobby WebSocket connected
2026-09-30T16:03:25.678307Z  INFO faf_app::infra::lobby_ws: lobby notice received style=Info text=You are using an unofficial client version! Some features might not work as expected. If you experience any problems please download the latest version of the official client from <a href="https://www.faforever.com">https://www.faforever.com</a>
2026-09-30T16:03:27.981054Z  INFO faf_app::infra::lobby_ws: lobby authenticated
2026-09-30T16:03:31.642196Z  WARN faf_app::infra::discord: Discord rich presence disconnected reason=Discord is not running
2026-09-30T16:03:46.653280Z  WARN faf_app::infra::discord: Discord rich presence disconnected reason=Discord is not running
2026-09-30T16:04:01.667573Z  WARN faf_app::infra::discord: Discord rich presence disconnected reason=Discord is not running
2026-09-30T16:04:16.669579Z  WARN faf_app::infra::discord: Discord rich presence disconnected reason=Discord is not running
2026-09-30T16:04:31.675477Z  WARN faf_app::infra::discord: Discord rich presence disconnected reason=Discord is not running
2026-09-30T16:04:46.690323Z  WARN faf_app::infra::discord: Discord rich presence disconnected reason=Discord is not running
2026-09-30T16:05:01.699018Z  WARN faf_app::infra::discord: Discord rich presence disconnected reason=Discord is not running
2026-09-30T16:05:16.706491Z  WARN faf_app::infra::discord: Discord rich presence disconnected reason=Discord is not running
2026-09-30T16:05:31.718771Z  WARN faf_app::infra::discord: Discord rich presence disconnected reason=Discord is not running
2026-09-30T16:05:46.723613Z  WARN faf_app::infra::discord: Discord rich presence disconnected reason=Discord is not running
2026-09-30T16:06:01.739239Z  WARN faf_app::infra::discord: Discord rich presence disconnected reason=Discord is not running
2026-09-30T16:06:16.749619Z  WARN faf_app::infra::discord: Discord rich presence disconnected reason=Discord is not running
2026-09-30T16:06:31.757132Z  WARN faf_app::infra::discord: Discord rich presence disconnected reason=Discord is not running
2026-09-30T16:06:46.764852Z  WARN faf_app::infra::discord: Discord rich presence disconnected reason=Discord is not running
2026-09-30T16:07:01.777745Z  WARN faf_app::infra::discord: Discord rich presence disconnected reason=Discord is not running
2026-09-30T16:07:16.792425Z  WARN faf_app::infra::discord: Discord rich presence disconnected reason=Discord is not running
2026-09-30T16:07:29.916112Z  INFO faf_app::infra::game_updater: resolved retail FA install for fa_path path=C:\Program Files (x86)\Steam\steamapps\common\Supreme Commander Forged Alliance
2026-09-30T16:07:29.971755Z  INFO faf_app::infra::lobby_ws: lobby issued game launch game_id=27879014
2026-09-30T16:07:29.971803Z  INFO faf_app::infra::ice_select: starting selected ICE backend backend="Java (faf-ice-adapter)"
2026-09-30T16:07:31.800241Z  WARN faf_app::infra::discord: Discord rich presence disconnected reason=Discord is not running
2026-09-30T16:07:40.033563Z  INFO faf_app::infra::ice_java: starting Java ICE adapter game_id=27879014 rpc_port=53112 gpgnet_port=53113
2026-09-30T16:07:41.594360Z  INFO faf_app::infra::replay_recorder: recording this game's replay port=53117 game_id=27879014
2026-09-30T16:07:41.594462Z  INFO faf_app::infra::game: launching Forged Alliance argument_count=17 wrapper=""
2026-09-30T16:07:46.807281Z  WARN faf_app::infra::discord: Discord rich presence disconnected reason=Discord is not running
2026-09-30T16:07:48.869914Z  INFO faf_app::infra::ice_java: ICE adapter connection state state="Connected"
2026-09-30T16:07:49.261458Z  INFO faf_app::infra::ice_java: ICE negotiation state remote_player=370657 state="gathering"
2026-09-30T16:07:49.272597Z  INFO faf_app::infra::ice_java: ICE negotiation state remote_player=449410 state="gathering"
2026-09-30T16:07:49.290511Z  INFO faf_app::infra::ice_java: ICE negotiation state remote_player=362198 state="gathering"
2026-09-30T16:07:49.298321Z  INFO faf_app::infra::ice_java: ICE negotiation state remote_player=135128 state="gathering"
2026-09-30T16:07:49.322493Z  INFO faf_app::infra::ice_java: ICE negotiation state remote_player=436001 state="gathering"
2026-09-30T16:07:49.325610Z  INFO faf_app::infra::ice_java: ICE negotiation state remote_player=254192 state="gathering"
2026-09-30T16:07:51.064034Z  INFO faf_app::infra::ice_java: ICE negotiation state remote_player=517 state="gathering"
2026-09-30T16:07:51.675782Z  INFO faf_app::infra::ice_java: ICE negotiation state remote_player=565758 state="gathering"
2026-09-30T16:07:52.013890Z  INFO faf_app::infra::ice_java: ICE negotiation state remote_player=135128 state="awaitingCandidates"
2026-09-30T16:07:52.013931Z  INFO faf_app::infra::ice_java: ICE negotiation state remote_player=436001 state="awaitingCandidates"
2026-09-30T16:07:52.013989Z  INFO faf_app::infra::ice_java: ICE negotiation state remote_player=362198 state="awaitingCandidates"
2026-09-30T16:07:52.161181Z  INFO faf_app::infra::ice_java: ICE negotiation state remote_player=135128 state="checking"
2026-09-30T16:07:52.211563Z  INFO faf_app::infra::ice_java: ICE negotiation state remote_player=436001 state="checking"
2026-09-30T16:07:52.444907Z  INFO faf_app::infra::ice_java: ICE peer state remote_player=135128 connected=true
2026-09-30T16:07:52.445051Z  INFO faf_app::infra::ice_java: ICE negotiation state remote_player=135128 state="connected"
2026-09-30T16:07:52.581384Z  INFO faf_app::infra::ice_java: ICE peer state remote_player=436001 connected=true
2026-09-30T16:07:52.581512Z  INFO faf_app::infra::ice_java: ICE negotiation state remote_player=436001 state="connected"
2026-09-30T16:07:53.341092Z  INFO faf_app::infra::ice_java: ICE negotiation state remote_player=517 state="awaitingCandidates"
2026-09-30T16:07:53.342883Z  INFO faf_app::infra::ice_java: ICE negotiation state remote_player=517 state="checking"
2026-09-30T16:07:53.492213Z  INFO faf_app::infra::ice_java: ICE negotiation state remote_player=362198 state="checking"
2026-09-30T16:07:53.896087Z  INFO faf_app::infra::ice_java: ICE peer state remote_player=517 connected=true
2026-09-30T16:07:53.896354Z  INFO faf_app::infra::ice_java: ICE negotiation state remote_player=517 state="connected"
2026-09-30T16:07:53.942941Z  INFO faf_app::infra::ice_java: ICE negotiation state remote_player=565758 state="awaitingCandidates"
2026-09-30T16:07:53.943665Z  INFO faf_app::infra::ice_java: ICE negotiation state remote_player=565758 state="checking"
2026-09-30T16:07:54.143682Z  INFO faf_app::infra::ice_java: ICE peer state remote_player=362198 connected=true
2026-09-30T16:07:54.143805Z  INFO faf_app::infra::ice_java: ICE negotiation state remote_player=362198 state="connected"
2026-09-30T16:07:55.530245Z  INFO faf_app::infra::ice_java: ICE peer state remote_player=565758 connected=true
2026-09-30T16:07:55.530695Z  INFO faf_app::infra::ice_java: ICE negotiation state remote_player=565758 state="connected"
2026-09-30T16:07:56.546251Z  INFO faf_app::infra::ice_java: ICE negotiation state remote_player=254192 state="awaitingCandidates"
2026-09-30T16:07:56.546285Z  INFO faf_app::infra::ice_java: ICE negotiation state remote_player=449410 state="awaitingCandidates"
2026-09-30T16:07:56.577599Z  INFO faf_app::infra::ice_java: ICE negotiation state remote_player=370657 state="awaitingCandidates"
2026-09-30T16:07:56.735093Z  INFO faf_app::infra::ice_java: ICE negotiation state remote_player=254192 state="checking"
2026-09-30T16:07:56.955905Z  INFO faf_app::infra::ice_java: ICE negotiation state remote_player=449410 state="checking"
2026-09-30T16:07:56.982544Z  INFO faf_app::infra::ice_java: ICE peer state remote_player=254192 connected=true
2026-09-30T16:07:56.982680Z  INFO faf_app::infra::ice_java: ICE negotiation state remote_player=254192 state="connected"
2026-09-30T16:07:57.231447Z  INFO faf_app::infra::ice_java: ICE peer state remote_player=449410 connected=true
2026-09-30T16:07:57.231543Z  INFO faf_app::infra::ice_java: ICE negotiation state remote_player=449410 state="connected"
2026-09-30T16:07:58.964823Z  INFO faf_app::infra::ice_java: ICE negotiation state remote_player=370657 state="checking"
2026-09-30T16:07:59.401505Z  INFO faf_app::infra::ice_java: ICE peer state remote_player=370657 connected=true
2026-09-30T16:07:59.401631Z  INFO faf_app::infra::ice_java: ICE negotiation state remote_player=370657 state="connected"
2026-09-30T16:08:01.813129Z  WARN faf_app::infra::discord: Discord rich presence disconnected reason=Discord is not running
2026-09-30T16:08:16.823723Z  WARN faf_app::infra::discord: Discord rich presence disconnected reason=Discord is not running
2026-09-30T16:08:31.828249Z  WARN faf_app::infra::discord: Discord rich presence disconnected reason=Discord is not running
2026-09-30T16:08:46.843141Z  WARN faf_app::infra::discord: Discord rich presence disconnected reason=Discord is not running
2026-09-30T16:09:01.849386Z  WARN faf_app::infra::discord: Discord rich presence disconnected reason=Discord is not running
2026-09-30T16:09:16.865992Z  WARN faf_app::infra::discord: Discord rich presence disconnected reason=Discord is not running
2026-09-30T16:09:31.873633Z  WARN faf_app::infra::discord: Discord rich presence disconnected reason=Discord is not running
2026-09-30T16:09:46.882074Z  WARN faf_app::infra::discord: Discord rich presence disconnected reason=Discord is not running
2026-09-30T16:10:01.895966Z  WARN faf_app::infra::discord: Discord rich presence disconnected reason=Discord is not running
2026-09-30T16:10:16.908021Z  WARN faf_app::infra::discord: Discord rich presence disconnected reason=Discord is not running
2026-09-30T16:10:31.919518Z  WARN faf_app::infra::discord: Discord rich presence disconnected reason=Discord is not running
2026-09-30T16:10:46.934666Z  WARN faf_app::infra::discord: Discord rich presence disconnected reason=Discord is not running
2026-09-30T16:11:01.946389Z  WARN faf_app::infra::discord: Discord rich presence disconnected reason=Discord is not running
2026-09-30T16:11:16.956278Z  WARN faf_app::infra::discord: Discord rich presence disconnected reason=Discord is not running
2026-09-30T16:11:31.968000Z  WARN faf_app::infra::discord: Discord rich presence disconnected reason=Discord is not running
2026-09-30T16:11:46.977719Z  WARN faf_app::infra::discord: Discord rich presence disconnected reason=Discord is not running
2026-09-30T16:12:01.989463Z  WARN faf_app::infra::discord: Discord rich presence disconnected reason=Discord is not running
2026-09-30T16:12:16.994356Z  WARN faf_app::infra::discord: Discord rich presence disconnected reason=Discord is not running
2026-09-30T16:12:18.540382Z  INFO faf_app::infra::ice_java: ICE negotiation state remote_player=340382 state="gathering"
2026-09-30T16:12:20.792413Z  INFO faf_app::infra::ice_java: ICE negotiation state remote_player=340382 state="awaitingCandidates"
2026-09-30T16:12:20.793212Z  INFO faf_app::infra::ice_java: ICE negotiation state remote_player=340382 state="checking"
2026-09-30T16:12:21.101977Z  INFO faf_app::infra::ice_java: ICE peer state remote_player=340382 connected=true
2026-09-30T16:12:21.102109Z  INFO faf_app::infra::ice_java: ICE negotiation state remote_player=340382 state="connected"
2026-09-30T16:12:32.008161Z  WARN faf_app::infra::discord: Discord rich presence disconnected reason=Discord is not running
2026-09-30T16:12:47.019915Z  WARN faf_app::infra::discord: Discord rich presence disconnected reason=Discord is not running
2026-09-30T16:13:02.033323Z  WARN faf_app::infra::discord: Discord rich presence disconnected reason=Discord is not running
2026-09-30T16:13:17.042429Z  WARN faf_app::infra::discord: Discord rich presence disconnected reason=Discord is not running
2026-09-30T16:13:32.047794Z  WARN faf_app::infra::discord: Discord rich presence disconnected reason=Discord is not running
2026-09-30T16:13:47.052723Z  WARN faf_app::infra::discord: Discord rich presence disconnected reason=Discord is not running
2026-09-30T16:14:02.062593Z  WARN faf_app::infra::discord: Discord rich presence disconnected reason=Discord is not running
2026-09-30T16:14:13.020933Z  INFO faf_app::infra::ice_java: ICE peer state remote_player=449410 connected=false
2026-09-30T16:14:13.021111Z  INFO faf_app::infra::ice_java: ICE negotiation state remote_player=449410 state="disconnected"
2026-09-30T16:14:13.028388Z  INFO faf_app::infra::ice_java: ICE negotiation state remote_player=449410 state="gathering"
2026-09-30T16:14:15.312605Z  INFO faf_app::infra::ice_java: ICE negotiation state remote_player=449410 state="awaitingCandidates"
2026-09-30T16:14:17.078752Z  WARN faf_app::infra::discord: Discord rich presence disconnected reason=Discord is not running
2026-09-30T16:14:21.327652Z  INFO faf_app::infra::ice_java: ICE negotiation state remote_player=449410 state="disconnected"
2026-09-30T16:14:26.341104Z  INFO faf_app::infra::ice_java: ICE negotiation state remote_player=449410 state="gathering"
2026-09-30T16:14:28.608812Z  INFO faf_app::infra::ice_java: ICE negotiation state remote_player=449410 state="awaitingCandidates"
2026-09-30T16:14:32.082968Z  WARN faf_app::infra::discord: Discord rich presence disconnected reason=Discord is not running
2026-09-30T16:14:34.616960Z  INFO faf_app::infra::ice_java: ICE negotiation state remote_player=449410 state="disconnected"
2026-09-30T16:14:39.627647Z  INFO faf_app::infra::ice_java: ICE negotiation state remote_player=449410 state="gathering"
2026-09-30T16:14:41.879462Z  INFO faf_app::infra::ice_java: ICE negotiation state remote_player=449410 state="awaitingCandidates"
2026-09-30T16:14:47.093187Z  WARN faf_app::infra::discord: Discord rich presence disconnected reason=Discord is not running
2026-09-30T16:14:47.889150Z  INFO faf_app::infra::ice_java: ICE negotiation state remote_player=449410 state="disconnected"
2026-09-30T16:14:52.903321Z  INFO faf_app::infra::ice_java: ICE negotiation state remote_player=449410 state="gathering"
2026-09-30T16:14:55.164721Z  INFO faf_app::infra::ice_java: ICE negotiation state remote_player=449410 state="awaitingCandidates"
2026-09-30T16:15:01.180377Z  INFO faf_app::infra::ice_java: ICE negotiation state remote_player=449410 state="disconnected"
2026-09-30T16:15:02.093485Z  WARN faf_app::infra::discord: Discord rich presence disconnected reason=Discord is not running
2026-09-30T16:15:06.192007Z  INFO faf_app::infra::ice_java: ICE negotiation state remote_player=449410 state="gathering"
2026-09-30T16:15:08.453892Z  INFO faf_app::infra::ice_java: ICE negotiation state remote_player=449410 state="awaitingCandidates"
2026-09-30T16:15:14.468797Z  INFO faf_app::infra::ice_java: ICE negotiation state remote_player=449410 state="disconnected"
2026-09-30T16:15:17.106661Z  WARN faf_app::infra::discord: Discord rich presence disconnected reason=Discord is not running
2026-09-30T16:15:19.478658Z  INFO faf_app::infra::ice_java: ICE negotiation state remote_player=449410 state="gathering"
2026-09-30T16:15:21.720367Z  INFO faf_app::infra::ice_java: ICE negotiation state remote_player=449410 state="awaitingCandidates"
2026-09-30T16:15:27.723075Z  INFO faf_app::infra::ice_java: ICE negotiation state remote_player=449410 state="disconnected"
2026-09-30T16:15:32.118115Z  WARN faf_app::infra::discord: Discord rich presence disconnected reason=Discord is not running
2026-09-30T16:15:32.738754Z  INFO faf_app::infra::ice_java: ICE negotiation state remote_player=449410 state="gathering"
2026-09-30T16:15:34.979868Z  INFO faf_app::infra::ice_java: ICE negotiation state remote_player=449410 state="awaitingCandidates"
2026-09-30T16:15:40.990657Z  INFO faf_app::infra::ice_java: ICE negotiation state remote_player=449410 state="disconnected"
2026-09-30T16:15:46.001783Z  INFO faf_app::infra::ice_java: ICE negotiation state remote_player=449410 state="gathering"
2026-09-30T16:15:47.128228Z  WARN faf_app::infra::discord: Discord rich presence disconnected reason=Discord is not running
2026-09-30T16:15:48.264731Z  INFO faf_app::infra::ice_java: ICE negotiation state remote_player=449410 state="awaitingCandidates"
2026-09-30T16:15:54.276629Z  INFO faf_app::infra::ice_java: ICE negotiation state remote_player=449410 state="disconnected"
2026-09-30T16:15:59.286354Z  INFO faf_app::infra::ice_java: ICE negotiation state remote_player=449410 state="gathering"
2026-09-30T16:16:01.540058Z  INFO faf_app::infra::ice_java: ICE negotiation state remote_player=449410 state="awaitingCandidates"
2026-09-30T16:16:02.142395Z  WARN faf_app::infra::discord: Discord rich presence disconnected reason=Discord is not running
2026-09-30T16:16:07.543886Z  INFO faf_app::infra::ice_java: ICE negotiation state remote_player=449410 state="disconnected"
2026-09-30T16:16:12.546349Z  INFO faf_app::infra::ice_java: ICE negotiation state remote_player=449410 state="gathering"
2026-09-30T16:16:14.791779Z  INFO faf_app::infra::ice_java: ICE negotiation state remote_player=449410 state="awaitingCandidates"
2026-09-30T16:16:17.145303Z  WARN faf_app::infra::discord: Discord rich presence disconnected reason=Discord is not running
2026-09-30T16:16:20.802222Z  INFO faf_app::infra::ice_java: ICE negotiation state remote_player=449410 state="disconnected"
2026-09-30T16:16:25.814439Z  INFO faf_app::infra::ice_java: ICE negotiation state remote_player=449410 state="gathering"
2026-09-30T16:16:28.059132Z  INFO faf_app::infra::ice_java: ICE negotiation state remote_player=449410 state="awaitingCandidates"
2026-09-30T16:16:32.154279Z  WARN faf_app::infra::discord: Discord rich presence disconnected reason=Discord is not running
2026-09-30T16:16:34.061948Z  INFO faf_app::infra::ice_java: ICE negotiation state remote_player=449410 state="disconnected"
2026-09-30T16:16:39.078908Z  INFO faf_app::infra::ice_java: ICE negotiation state remote_player=449410 state="gathering"
2026-09-30T16:16:41.336534Z  INFO faf_app::infra::ice_java: ICE negotiation state remote_player=449410 state="awaitingCandidates"
2026-09-30T16:16:47.162589Z  WARN faf_app::infra::discord: Discord rich presence disconnected reason=Discord is not running
2026-09-30T16:16:47.349346Z  INFO faf_app::infra::ice_java: ICE negotiation state remote_player=449410 state="disconnected"
2026-09-30T16:16:52.352576Z  INFO faf_app::infra::ice_java: ICE negotiation state remote_player=449410 state="gathering"
2026-09-30T16:16:54.633291Z  INFO faf_app::infra::ice_java: ICE negotiation state remote_player=449410 state="awaitingCandidates"
2026-09-30T16:17:00.649472Z  INFO faf_app::infra::ice_java: ICE negotiation state remote_player=449410 state="disconnected"
2026-09-30T16:17:02.169814Z  WARN faf_app::infra::discord: Discord rich presence disconnected reason=Discord is not running
2026-09-30T16:17:05.653003Z  INFO faf_app::infra::ice_java: ICE negotiation state remote_player=449410 state="gathering"
2026-09-30T16:17:07.903943Z  INFO faf_app::infra::ice_java: ICE negotiation state remote_player=449410 state="awaitingCandidates"
2026-09-30T16:17:13.908028Z  INFO faf_app::infra::ice_java: ICE negotiation state remote_player=449410 state="disconnected"
2026-09-30T16:17:17.178043Z  WARN faf_app::infra::discord: Discord rich presence disconnected reason=Discord is not running
2026-09-30T16:17:18.915892Z  INFO faf_app::infra::ice_java: ICE negotiation state remote_player=449410 state="gathering"
2026-09-30T16:17:21.158389Z  INFO faf_app::infra::ice_java: ICE negotiation state remote_player=449410 state="awaitingCandidates"
2026-09-30T16:17:27.166628Z  INFO faf_app::infra::ice_java: ICE negotiation state remote_player=449410 state="disconnected"
2026-09-30T16:17:32.182296Z  WARN faf_app::infra::discord: Discord rich presence disconnected reason=Discord is not running
2026-09-30T16:17:32.182987Z  INFO faf_app::infra::ice_java: ICE negotiation state remote_player=449410 state="gathering"
2026-09-30T16:17:34.439482Z  INFO faf_app::infra::ice_java: ICE negotiation state remote_player=449410 state="awaitingCandidates"
2026-09-30T16:17:40.451875Z  INFO faf_app::infra::ice_java: ICE negotiation state remote_player=449410 state="disconnected"
2026-09-30T16:17:45.461037Z  INFO faf_app::infra::ice_java: ICE negotiation state remote_player=449410 state="gathering"
2026-09-30T16:17:47.191901Z  WARN faf_app::infra::discord: Discord rich presence disconnected reason=Discord is not running
2026-09-30T16:17:47.718795Z  INFO faf_app::infra::ice_java: ICE negotiation state remote_player=449410 state="awaitingCandidates"
2026-09-30T16:17:53.734144Z  INFO faf_app::infra::ice_java: ICE negotiation state remote_player=449410 state="disconnected"
2026-09-30T16:17:58.741315Z  INFO faf_app::infra::ice_java: ICE negotiation state remote_player=449410 state="gathering"
2026-09-30T16:18:01.003832Z  INFO faf_app::infra::ice_java: ICE negotiation state remote_player=449410 state="awaitingCandidates"
2026-09-30T16:18:02.197771Z  WARN faf_app::infra::discord: Discord rich presence disconnected reason=Discord is not running
2026-09-30T16:18:07.008710Z  INFO faf_app::infra::ice_java: ICE negotiation state remote_player=449410 state="disconnected"
2026-09-30T16:18:12.026435Z  INFO faf_app::infra::ice_java: ICE negotiation state remote_player=449410 state="gathering"
2026-09-30T16:18:14.273144Z  INFO faf_app::infra::ice_java: ICE negotiation state remote_player=449410 state="awaitingCandidates"
2026-09-30T16:18:17.203413Z  WARN faf_app::infra::discord: Discord rich presence disconnected reason=Discord is not running
2026-09-30T16:18:20.279972Z  INFO faf_app::infra::ice_java: ICE negotiation state remote_player=449410 state="disconnected"
2026-09-30T16:18:25.284452Z  INFO faf_app::infra::ice_java: ICE negotiation state remote_player=449410 state="gathering"
2026-09-30T16:18:27.542860Z  INFO faf_app::infra::ice_java: ICE negotiation state remote_player=449410 state="awaitingCandidates"
2026-09-30T16:18:32.212188Z  WARN faf_app::infra::discord: Discord rich presence disconnected reason=Discord is not running
2026-09-30T16:18:33.552956Z  INFO faf_app::infra::ice_java: ICE negotiation state remote_player=449410 state="disconnected"
2026-09-30T16:18:38.558431Z  INFO faf_app::infra::ice_java: ICE negotiation state remote_player=449410 state="gathering"
2026-09-30T16:18:40.819602Z  INFO faf_app::infra::ice_java: ICE negotiation state remote_player=449410 state="awaitingCandidates"
2026-09-30T16:18:46.825048Z  INFO faf_app::infra::ice_java: ICE negotiation state remote_player=449410 state="disconnected"
2026-09-30T16:18:47.222983Z  WARN faf_app::infra::discord: Discord rich presence disconnected reason=Discord is not running
2026-09-30T16:18:51.837839Z  INFO faf_app::infra::ice_java: ICE negotiation state remote_player=449410 state="gathering"
2026-09-30T16:18:54.089156Z  INFO faf_app::infra::ice_java: ICE negotiation state remote_player=449410 state="awaitingCandidates"
2026-09-30T16:19:00.094848Z  INFO faf_app::infra::ice_java: ICE negotiation state remote_player=449410 state="disconnected"
2026-09-30T16:19:02.232717Z  WARN faf_app::infra::discord: Discord rich presence disconnected reason=Discord is not running
2026-09-30T16:19:05.106343Z  INFO faf_app::infra::ice_java: ICE negotiation state remote_player=449410 state="gathering"
2026-09-30T16:19:07.349093Z  INFO faf_app::infra::ice_java: ICE negotiation state remote_player=449410 state="awaitingCandidates"
2026-09-30T16:19:13.356862Z  INFO faf_app::infra::ice_java: ICE negotiation state remote_player=449410 state="disconnected"
2026-09-30T16:19:17.234448Z  WARN faf_app::infra::discord: Discord rich presence disconnected reason=Discord is not running
2026-09-30T16:19:18.364506Z  INFO faf_app::infra::ice_java: ICE negotiation state remote_player=449410 state="gathering"
2026-09-30T16:19:20.611628Z  INFO faf_app::infra::ice_java: ICE negotiation state remote_player=449410 state="awaitingCandidates"
2026-09-30T16:19:26.628827Z  INFO faf_app::infra::ice_java: ICE negotiation state remote_player=449410 state="disconnected"
2026-09-30T16:19:31.642372Z  INFO faf_app::infra::ice_java: ICE negotiation state remote_player=449410 state="gathering"
2026-09-30T16:19:32.244878Z  WARN faf_app::infra::discord: Discord rich presence disconnected reason=Discord is not running
2026-09-30T16:19:33.890126Z  INFO faf_app::infra::ice_java: ICE negotiation state remote_player=449410 state="awaitingCandidates"
2026-09-30T16:19:39.893604Z  INFO faf_app::infra::ice_java: ICE negotiation state remote_player=449410 state="disconnected"
2026-09-30T16:19:44.908958Z  INFO faf_app::infra::ice_java: ICE negotiation state remote_player=449410 state="gathering"
2026-09-30T16:19:47.162282Z  INFO faf_app::infra::ice_java: ICE negotiation state remote_player=449410 state="awaitingCandidates"
2026-09-30T16:19:47.255874Z  WARN faf_app::infra::discord: Discord rich presence disconnected reason=Discord is not running
2026-09-30T16:19:53.166663Z  INFO faf_app::infra::ice_java: ICE negotiation state remote_player=449410 state="disconnected"
2026-09-30T16:19:58.184023Z  INFO faf_app::infra::ice_java: ICE negotiation state remote_player=449410 state="gathering"
2026-09-30T16:20:00.455623Z  INFO faf_app::infra::ice_java: ICE negotiation state remote_player=449410 state="awaitingCandidates"
2026-09-30T16:20:02.268343Z  WARN faf_app::infra::discord: Discord rich presence disconnected reason=Discord is not running
2026-09-30T16:20:06.469754Z  INFO faf_app::infra::ice_java: ICE negotiation state remote_player=449410 state="disconnected"
2026-09-30T16:20:11.483935Z  INFO faf_app::infra::ice_java: ICE negotiation state remote_player=449410 state="gathering"
2026-09-30T16:20:13.740664Z  INFO faf_app::infra::ice_java: ICE negotiation state remote_player=449410 state="awaitingCandidates"
2026-09-30T16:20:17.282504Z  WARN faf_app::infra::discord: Discord rich presence disconnected reason=Discord is not running
2026-09-30T16:20:19.754614Z  INFO faf_app::infra::ice_java: ICE negotiation state remote_player=449410 state="disconnected"
2026-09-30T16:20:24.758417Z  INFO faf_app::infra::ice_java: ICE negotiation state remote_player=449410 state="gathering"
2026-09-30T16:20:27.025786Z  INFO faf_app::infra::ice_java: ICE negotiation state remote_player=449410 state="awaitingCandidates"
2026-09-30T16:20:32.295470Z  WARN faf_app::infra::discord: Discord rich presence disconnected reason=Discord is not running
2026-09-30T16:20:33.039424Z  INFO faf_app::infra::ice_java: ICE negotiation state remote_player=449410 state="disconnected"
2026-09-30T16:20:38.047032Z  INFO faf_app::infra::ice_java: ICE negotiation state remote_player=449410 state="gathering"
2026-09-30T16:20:40.282869Z  INFO faf_app::infra::ice_java: ICE negotiation state remote_player=449410 state="awaitingCandidates"
2026-09-30T16:20:46.296922Z  INFO faf_app::infra::ice_java: ICE negotiation state remote_player=449410 state="disconnected"
2026-09-30T16:20:47.307057Z  WARN faf_app::infra::discord: Discord rich presence disconnected reason=Discord is not running
2026-09-30T16:20:51.300656Z  INFO faf_app::infra::ice_java: ICE negotiation state remote_player=449410 state="gathering"
2026-09-30T16:20:53.575221Z  INFO faf_app::infra::ice_java: ICE negotiation state remote_player=449410 state="awaitingCandidates"
2026-09-30T16:20:59.590811Z  INFO faf_app::infra::ice_java: ICE negotiation state remote_player=449410 state="disconnected"
2026-09-30T16:21:02.314345Z  WARN faf_app::infra::discord: Discord rich presence disconnected reason=Discord is not running
2026-09-30T16:21:04.612739Z  INFO faf_app::infra::ice_java: ICE negotiation state remote_player=449410 state="gathering"
2026-09-30T16:21:06.858208Z  INFO faf_app::infra::ice_java: ICE negotiation state remote_player=449410 state="awaitingCandidates"
2026-09-30T16:21:12.869802Z  INFO faf_app::infra::ice_java: ICE negotiation state remote_player=449410 state="disconnected"
2026-09-30T16:21:17.326950Z  WARN faf_app::infra::discord: Discord rich presence disconnected reason=Discord is not running
2026-09-30T16:21:17.884415Z  INFO faf_app::infra::ice_java: ICE negotiation state remote_player=449410 state="gathering"
2026-09-30T16:21:20.131150Z  INFO faf_app::infra::ice_java: ICE negotiation state remote_player=449410 state="awaitingCandidates"
2026-09-30T16:21:26.135260Z  INFO faf_app::infra::ice_java: ICE negotiation state remote_player=449410 state="disconnected"
2026-09-30T16:21:31.141275Z  INFO faf_app::infra::ice_java: ICE negotiation state remote_player=449410 state="gathering"
2026-09-30T16:21:32.334640Z  WARN faf_app::infra::discord: Discord rich presence disconnected reason=Discord is not running
2026-09-30T16:21:33.390837Z  INFO faf_app::infra::ice_java: ICE negotiation state remote_player=449410 state="awaitingCandidates"
2026-09-30T16:21:39.393646Z  INFO faf_app::infra::ice_java: ICE negotiation state remote_player=449410 state="disconnected"
2026-09-30T16:21:44.404436Z  INFO faf_app::infra::ice_java: ICE negotiation state remote_player=449410 state="gathering"
2026-09-30T16:21:46.654764Z  INFO faf_app::infra::ice_java: ICE negotiation state remote_player=449410 state="awaitingCandidates"
2026-09-30T16:21:47.337085Z  WARN faf_app::infra::discord: Discord rich presence disconnected reason=Discord is not running
2026-09-30T16:21:52.659123Z  INFO faf_app::infra::ice_java: ICE negotiation state remote_player=449410 state="disconnected"
2026-09-30T16:21:57.663516Z  INFO faf_app::infra::ice_java: ICE negotiation state remote_player=449410 state="gathering"
2026-09-30T16:21:59.915513Z  INFO faf_app::infra::ice_java: ICE negotiation state remote_player=449410 state="awaitingCandidates"
2026-09-30T16:22:02.351093Z  WARN faf_app::infra::discord: Discord rich presence disconnected reason=Discord is not running
2026-09-30T16:22:05.922261Z  INFO faf_app::infra::ice_java: ICE negotiation state remote_player=449410 state="disconnected"
2026-09-30T16:22:10.926836Z  INFO faf_app::infra::ice_java: ICE negotiation state remote_player=449410 state="gathering"
2026-09-30T16:22:13.181562Z  INFO faf_app::infra::ice_java: ICE negotiation state remote_player=449410 state="awaitingCandidates"
2026-09-30T16:22:17.365244Z  WARN faf_app::infra::discord: Discord rich presence disconnected reason=Discord is not running
2026-09-30T16:22:19.185177Z  INFO faf_app::infra::ice_java: ICE negotiation state remote_player=449410 state="disconnected"
2026-09-30T16:22:24.197141Z  INFO faf_app::infra::ice_java: ICE negotiation state remote_player=449410 state="gathering"
2026-09-30T16:22:26.451117Z  INFO faf_app::infra::ice_java: ICE negotiation state remote_player=449410 state="awaitingCandidates"
2026-09-30T16:22:32.380534Z  WARN faf_app::infra::discord: Discord rich presence disconnected reason=Discord is not running
2026-09-30T16:22:32.460189Z  INFO faf_app::infra::ice_java: ICE negotiation state remote_player=449410 state="disconnected"
2026-09-30T16:22:37.471366Z  INFO faf_app::infra::ice_java: ICE negotiation state remote_player=449410 state="gathering"
2026-09-30T16:22:39.752526Z  INFO faf_app::infra::ice_java: ICE negotiation state remote_player=449410 state="awaitingCandidates"
2026-09-30T16:22:45.759675Z  INFO faf_app::infra::ice_java: ICE negotiation state remote_player=449410 state="disconnected"
2026-09-30T16:22:47.393721Z  WARN faf_app::infra::discord: Discord rich presence disconnected reason=Discord is not running
2026-09-30T16:22:50.775521Z  INFO faf_app::infra::ice_java: ICE negotiation state remote_player=449410 state="gathering"
2026-09-30T16:22:53.018181Z  INFO faf_app::infra::ice_java: ICE negotiation state remote_player=449410 state="awaitingCandidates"
2026-09-30T16:22:59.025914Z  INFO faf_app::infra::ice_java: ICE negotiation state remote_player=449410 state="disconnected"
2026-09-30T16:23:02.398508Z  WARN faf_app::infra::discord: Discord rich presence disconnected reason=Discord is not running
2026-09-30T16:23:04.030391Z  INFO faf_app::infra::ice_java: ICE negotiation state remote_player=449410 state="gathering"
2026-09-30T16:23:05.735557Z  INFO faf_app::infra::ice_java: ICE peer state remote_player=135128 connected=false
2026-09-30T16:23:05.735953Z  INFO faf_app::infra::ice_java: ICE negotiation state remote_player=135128 state="disconnected"
2026-09-30T16:23:05.744033Z  INFO faf_app::infra::ice_java: ICE negotiation state remote_player=135128 state="gathering"
2026-09-30T16:23:06.279938Z  INFO faf_app::infra::ice_java: ICE negotiation state remote_player=449410 state="awaitingCandidates"
2026-09-30T16:23:08.004399Z  INFO faf_app::infra::ice_java: ICE negotiation state remote_player=135128 state="awaitingCandidates"
2026-09-30T16:23:12.282665Z  INFO faf_app::infra::ice_java: ICE negotiation state remote_player=449410 state="disconnected"
2026-09-30T16:23:14.014695Z  INFO faf_app::infra::ice_java: ICE negotiation state remote_player=135128 state="disconnected"
2026-09-30T16:23:17.293146Z  INFO faf_app::infra::ice_java: ICE negotiation state remote_player=449410 state="gathering"
2026-09-30T16:23:17.401125Z  WARN faf_app::infra::discord: Discord rich presence disconnected reason=Discord is not running
2026-09-30T16:23:19.020568Z  INFO faf_app::infra::ice_java: ICE negotiation state remote_player=135128 state="gathering"
2026-09-30T16:23:19.548696Z  INFO faf_app::infra::ice_java: ICE negotiation state remote_player=449410 state="awaitingCandidates"
2026-09-30T16:23:21.257787Z  INFO faf_app::infra::ice_java: ICE negotiation state remote_player=135128 state="awaitingCandidates"
2026-09-30T16:23:25.561721Z  INFO faf_app::infra::ice_java: ICE negotiation state remote_player=449410 state="disconnected"
2026-09-30T16:23:27.272291Z  INFO faf_app::infra::ice_java: ICE negotiation state remote_player=135128 state="disconnected"
2026-09-30T16:23:30.573911Z  INFO faf_app::infra::ice_java: ICE negotiation state remote_player=449410 state="gathering"
2026-09-30T16:23:32.285759Z  INFO faf_app::infra::ice_java: ICE negotiation state remote_player=135128 state="gathering"
2026-09-30T16:23:32.409534Z  WARN faf_app::infra::discord: Discord rich presence disconnected reason=Discord is not running
2026-09-30T16:23:32.828381Z  INFO faf_app::infra::ice_java: ICE negotiation state remote_player=449410 state="awaitingCandidates"
2026-09-30T16:23:34.538538Z  INFO faf_app::infra::ice_java: ICE negotiation state remote_player=135128 state="awaitingCandidates"
2026-09-30T16:23:38.841044Z  INFO faf_app::infra::ice_java: ICE negotiation state remote_player=449410 state="disconnected"
2026-09-30T16:23:40.548431Z  INFO faf_app::infra::ice_java: ICE negotiation state remote_player=135128 state="disconnected"
2026-09-30T16:23:43.848086Z  INFO faf_app::infra::ice_java: ICE negotiation state remote_player=449410 state="gathering"
2026-09-30T16:23:45.554735Z  INFO faf_app::infra::ice_java: ICE negotiation state remote_player=135128 state="gathering"
2026-09-30T16:23:46.097933Z  INFO faf_app::infra::ice_java: ICE negotiation state remote_player=449410 state="awaitingCandidates"
2026-09-30T16:23:47.412821Z  WARN faf_app::infra::discord: Discord rich presence disconnected reason=Discord is not running
2026-09-30T16:23:47.817190Z  INFO faf_app::infra::ice_java: ICE negotiation state remote_player=135128 state="awaitingCandidates"
2026-09-30T16:23:52.106672Z  INFO faf_app::infra::ice_java: ICE negotiation state remote_player=449410 state="disconnected"
2026-09-30T16:23:53.825189Z  INFO faf_app::infra::ice_java: ICE negotiation state remote_player=135128 state="disconnected"
2026-09-30T16:23:57.120912Z  INFO faf_app::infra::ice_java: ICE negotiation state remote_player=449410 state="gathering"
2026-09-30T16:23:58.828354Z  INFO faf_app::infra::ice_java: ICE negotiation state remote_player=135128 state="gathering"
2026-09-30T16:23:59.371124Z  INFO faf_app::infra::ice_java: ICE negotiation state remote_player=449410 state="awaitingCandidates"
2026-09-30T16:24:01.095866Z  INFO faf_app::infra::ice_java: ICE negotiation state remote_player=135128 state="awaitingCandidates"
2026-09-30T16:24:02.416373Z  WARN faf_app::infra::discord: Discord rich presence disconnected reason=Discord is not running
2026-09-30T16:24:05.384020Z  INFO faf_app::infra::ice_java: ICE negotiation state remote_player=449410 state="disconnected"
2026-09-30T16:24:07.107882Z  INFO faf_app::infra::ice_java: ICE negotiation state remote_player=135128 state="disconnected"
2026-09-30T16:24:10.401052Z  INFO faf_app::infra::ice_java: ICE negotiation state remote_player=449410 state="gathering"
2026-09-30T16:24:12.120674Z  INFO faf_app::infra::ice_java: ICE negotiation state remote_player=135128 state="gathering"
2026-09-30T16:24:12.665911Z  INFO faf_app::infra::ice_java: ICE negotiation state remote_player=449410 state="awaitingCandidates"
2026-09-30T16:24:14.373310Z  INFO faf_app::infra::ice_java: ICE negotiation state remote_player=135128 state="awaitingCandidates"
2026-09-30T16:24:17.430402Z  WARN faf_app::infra::discord: Discord rich presence disconnected reason=Discord is not running
2026-09-30T16:24:18.676754Z  INFO faf_app::infra::ice_java: ICE negotiation state remote_player=449410 state="disconnected"
2026-09-30T16:24:20.383660Z  INFO faf_app::infra::ice_java: ICE negotiation state remote_player=135128 state="disconnected"
2026-09-30T16:24:23.681925Z  INFO faf_app::infra::ice_java: ICE negotiation state remote_player=449410 state="gathering"
2026-09-30T16:24:25.391987Z  INFO faf_app::infra::ice_java: ICE negotiation state remote_player=135128 state="gathering"
2026-09-30T16:24:25.920836Z  INFO faf_app::infra::ice_java: ICE negotiation state remote_player=449410 state="awaitingCandidates"
2026-09-30T16:24:27.627875Z  INFO faf_app::infra::ice_java: ICE negotiation state remote_player=135128 state="awaitingCandidates"
2026-09-30T16:24:31.927203Z  INFO faf_app::infra::ice_java: ICE negotiation state remote_player=449410 state="disconnected"
2026-09-30T16:24:32.437005Z  WARN faf_app::infra::discord: Discord rich presence disconnected reason=Discord is not running
2026-09-30T16:24:33.636959Z  INFO faf_app::infra::ice_java: ICE negotiation state remote_player=135128 state="disconnected"
2026-09-30T16:24:36.941744Z  INFO faf_app::infra::ice_java: ICE negotiation state remote_player=449410 state="gathering"
2026-09-30T16:24:38.641630Z  INFO faf_app::infra::ice_java: ICE negotiation state remote_player=135128 state="gathering"
2026-09-30T16:24:39.182838Z  INFO faf_app::infra::ice_java: ICE negotiation state remote_player=449410 state="awaitingCandidates"
2026-09-30T16:24:40.908762Z  INFO faf_app::infra::ice_java: ICE negotiation state remote_player=135128 state="awaitingCandidates"
2026-09-30T16:24:45.190623Z  INFO faf_app::infra::ice_java: ICE negotiation state remote_player=449410 state="disconnected"
2026-09-30T16:24:46.915463Z  INFO faf_app::infra::ice_java: ICE negotiation state remote_player=135128 state="disconnected"
2026-09-30T16:24:47.443296Z  WARN faf_app::infra::discord: Discord rich presence disconnected reason=Discord is not running
2026-09-30T16:24:50.203258Z  INFO faf_app::infra::ice_java: ICE negotiation state remote_player=449410 state="gathering"
2026-09-30T16:24:51.934185Z  INFO faf_app::infra::ice_java: ICE negotiation state remote_player=135128 state="gathering"
2026-09-30T16:24:52.459803Z  INFO faf_app::infra::ice_java: ICE negotiation state remote_player=449410 state="awaitingCandidates"
2026-09-30T16:24:54.182924Z  INFO faf_app::infra::ice_java: ICE negotiation state remote_player=135128 state="awaitingCandidates"
2026-09-30T16:24:58.462971Z  INFO faf_app::infra::ice_java: ICE negotiation state remote_player=449410 state="disconnected"
2026-09-30T16:25:00.197083Z  INFO faf_app::infra::ice_java: ICE negotiation state remote_player=135128 state="disconnected"
2026-09-30T16:25:02.445117Z  WARN faf_app::infra::discord: Discord rich presence disconnected reason=Discord is not running
2026-09-30T16:25:03.469853Z  INFO faf_app::infra::ice_java: ICE negotiation state remote_player=449410 state="gathering"
2026-09-30T16:25:05.206748Z  INFO faf_app::infra::ice_java: ICE negotiation state remote_player=135128 state="gathering"
2026-09-30T16:25:05.705686Z  INFO faf_app::infra::ice_java: ICE negotiation state remote_player=449410 state="awaitingCandidates"
2026-09-30T16:25:07.453814Z  INFO faf_app::infra::ice_java: ICE negotiation state remote_player=135128 state="awaitingCandidates"
2026-09-30T16:25:11.712420Z  INFO faf_app::infra::ice_java: ICE negotiation state remote_player=449410 state="disconnected"
2026-09-30T16:25:13.466273Z  INFO faf_app::infra::ice_java: ICE negotiation state remote_player=135128 state="disconnected"
2026-09-30T16:25:16.726897Z  INFO faf_app::infra::ice_java: ICE negotiation state remote_player=449410 state="gathering"
2026-09-30T16:25:17.450936Z  WARN faf_app::infra::discord: Discord rich presence disconnected reason=Discord is not running
2026-09-30T16:25:18.474091Z  INFO faf_app::infra::ice_java: ICE negotiation state remote_player=135128 state="gathering"
2026-09-30T16:25:18.985996Z  INFO faf_app::infra::ice_java: ICE negotiation state remote_player=449410 state="awaitingCandidates"
2026-09-30T16:25:20.725848Z  INFO faf_app::infra::ice_java: ICE negotiation state remote_player=135128 state="awaitingCandidates"
2026-09-30T16:25:24.989527Z  INFO faf_app::infra::ice_java: ICE negotiation state remote_player=449410 state="disconnected"
2026-09-30T16:25:26.729470Z  INFO faf_app::infra::ice_java: ICE negotiation state remote_player=135128 state="disconnected"
2026-09-30T16:25:30.003181Z  INFO faf_app::infra::ice_java: ICE negotiation state remote_player=449410 state="gathering"
2026-09-30T16:25:31.736695Z  INFO faf_app::infra::ice_java: ICE negotiation state remote_player=135128 state="gathering"
2026-09-30T16:25:32.260942Z  INFO faf_app::infra::ice_java: ICE negotiation state remote_player=449410 state="awaitingCandidates"
2026-09-30T16:25:32.459382Z  WARN faf_app::infra::discord: Discord rich presence disconnected reason=Discord is not running
2026-09-30T16:25:33.997932Z  INFO faf_app::infra::ice_java: ICE negotiation state remote_player=135128 state="awaitingCandidates"
2026-09-30T16:25:38.265840Z  INFO faf_app::infra::ice_java: ICE negotiation state remote_player=449410 state="disconnected"
2026-09-30T16:25:40.011002Z  INFO faf_app::infra::ice_java: ICE negotiation state remote_player=135128 state="disconnected"
2026-09-30T16:25:43.280865Z  INFO faf_app::infra::ice_java: ICE negotiation state remote_player=449410 state="gathering"
2026-09-30T16:25:45.027944Z  INFO faf_app::infra::ice_java: ICE negotiation state remote_player=135128 state="gathering"
2026-09-30T16:25:45.542924Z  INFO faf_app::infra::ice_java: ICE negotiation state remote_player=449410 state="awaitingCandidates"
2026-09-30T16:25:47.259655Z  INFO faf_app::infra::ice_java: ICE negotiation state remote_player=135128 state="awaitingCandidates"
2026-09-30T16:25:47.462345Z  WARN faf_app::infra::discord: Discord rich presence disconnected reason=Discord is not running
2026-09-30T16:25:51.556399Z  INFO faf_app::infra::ice_java: ICE negotiation state remote_player=449410 state="disconnected"
2026-09-30T16:25:53.261243Z  INFO faf_app::infra::ice_java: ICE negotiation state remote_player=135128 state="disconnected"
2026-09-30T16:25:56.569051Z  INFO faf_app::infra::ice_java: ICE negotiation state remote_player=449410 state="gathering"
2026-09-30T16:25:58.278686Z  INFO faf_app::infra::ice_java: ICE negotiation state remote_player=135128 state="gathering"
2026-09-30T16:25:58.819307Z  INFO faf_app::infra::ice_java: ICE negotiation state remote_player=449410 state="awaitingCandidates"
2026-09-30T16:26:00.523222Z  INFO faf_app::infra::ice_java: ICE negotiation state remote_player=135128 state="awaitingCandidates"
2026-09-30T16:26:02.462651Z  WARN faf_app::infra::discord: Discord rich presence disconnected reason=Discord is not running
2026-09-30T16:26:04.829118Z  INFO faf_app::infra::ice_java: ICE negotiation state remote_player=449410 state="disconnected"
2026-09-30T16:26:06.533061Z  INFO faf_app::infra::ice_java: ICE negotiation state remote_player=135128 state="disconnected"
2026-09-30T16:26:09.841692Z  INFO faf_app::infra::ice_java: ICE negotiation state remote_player=449410 state="gathering"
2026-09-30T16:26:11.549560Z  INFO faf_app::infra::ice_java: ICE negotiation state remote_player=135128 state="gathering"
2026-09-30T16:26:12.074610Z  INFO faf_app::infra::ice_java: ICE negotiation state remote_player=449410 state="awaitingCandidates"
2026-09-30T16:26:13.794528Z  INFO faf_app::infra::ice_java: ICE negotiation state remote_player=135128 state="awaitingCandidates"
2026-09-30T16:26:17.471498Z  WARN faf_app::infra::discord: Discord rich presence disconnected reason=Discord is not running
2026-09-30T16:26:18.079576Z  INFO faf_app::infra::ice_java: ICE negotiation state remote_player=449410 state="disconnected"
2026-09-30T16:26:19.801165Z  INFO faf_app::infra::ice_java: ICE negotiation state remote_player=135128 state="disconnected"
2026-09-30T16:26:23.088230Z  INFO faf_app::infra::ice_java: ICE negotiation state remote_player=449410 state="gathering"
2026-09-30T16:26:24.804578Z  INFO faf_app::infra::ice_java: ICE negotiation state remote_player=135128 state="gathering"
2026-09-30T16:26:25.344580Z  INFO faf_app::infra::ice_java: ICE negotiation state remote_player=449410 state="awaitingCandidates"
2026-09-30T16:26:27.080582Z  INFO faf_app::infra::ice_java: ICE negotiation state remote_player=135128 state="awaitingCandidates"
2026-09-30T16:26:31.360302Z  INFO faf_app::infra::ice_java: ICE negotiation state remote_player=449410 state="disconnected"
2026-09-30T16:26:32.478547Z  WARN faf_app::infra::discord: Discord rich presence disconnected reason=Discord is not running
2026-09-30T16:26:33.086715Z  INFO faf_app::infra::ice_java: ICE negotiation state remote_player=135128 state="disconnected"
2026-09-30T16:26:36.374600Z  INFO faf_app::infra::ice_java: ICE negotiation state remote_player=449410 state="gathering"
2026-09-30T16:26:38.099576Z  INFO faf_app::infra::ice_java: ICE negotiation state remote_player=135128 state="gathering"
2026-09-30T16:26:38.622996Z  INFO faf_app::infra::ice_java: ICE negotiation state remote_player=449410 state="awaitingCandidates"
2026-09-30T16:26:40.349689Z  INFO faf_app::infra::ice_java: ICE negotiation state remote_player=135128 state="awaitingCandidates"
2026-09-30T16:26:44.630577Z  INFO faf_app::infra::ice_java: ICE negotiation state remote_player=449410 state="disconnected"
2026-09-30T16:26:46.364787Z  INFO faf_app::infra::ice_java: ICE negotiation state remote_player=135128 state="disconnected"
2026-09-30T16:26:47.479668Z  WARN faf_app::infra::discord: Discord rich presence disconnected reason=Discord is not running
2026-09-30T16:26:49.636202Z  INFO faf_app::infra::ice_java: ICE negotiation state remote_player=449410 state="gathering"
2026-09-30T16:26:51.378507Z  INFO faf_app::infra::ice_java: ICE negotiation state remote_player=135128 state="gathering"
2026-09-30T16:26:51.887695Z  INFO faf_app::infra::ice_java: ICE negotiation state remote_player=449410 state="awaitingCandidates"
2026-09-30T16:26:53.649011Z  INFO faf_app::infra::ice_java: ICE negotiation state remote_player=135128 state="awaitingCandidates"
2026-09-30T16:26:57.900487Z  INFO faf_app::infra::ice_java: ICE negotiation state remote_player=449410 state="disconnected"
2026-09-30T16:26:59.652263Z  INFO faf_app::infra::ice_java: ICE negotiation state remote_player=135128 state="disconnected"
2026-09-30T16:27:02.484835Z  WARN faf_app::infra::discord: Discord rich presence disconnected reason=Discord is not running
2026-09-30T16:27:02.909639Z  INFO faf_app::infra::ice_java: ICE negotiation state remote_player=449410 state="gathering"
2026-09-30T16:27:04.666129Z  INFO faf_app::infra::ice_java: ICE negotiation state remote_player=135128 state="gathering"
2026-09-30T16:27:05.162929Z  INFO faf_app::infra::ice_java: ICE negotiation state remote_player=449410 state="awaitingCandidates"
2026-09-30T16:27:06.901689Z  INFO faf_app::infra::ice_java: ICE negotiation state remote_player=135128 state="awaitingCandidates"
2026-09-30T16:27:11.174986Z  INFO faf_app::infra::ice_java: ICE negotiation state remote_player=449410 state="disconnected"
2026-09-30T16:27:12.917497Z  INFO faf_app::infra::ice_java: ICE negotiation state remote_player=135128 state="disconnected"
2026-09-30T16:27:16.181528Z  INFO faf_app::infra::ice_java: ICE negotiation state remote_player=449410 state="gathering"
2026-09-30T16:27:17.495293Z  WARN faf_app::infra::discord: Discord rich presence disconnected reason=Discord is not running
2026-09-30T16:27:17.930768Z  INFO faf_app::infra::ice_java: ICE negotiation state remote_player=135128 state="gathering"
2026-09-30T16:27:18.441340Z  INFO faf_app::infra::ice_java: ICE negotiation state remote_player=449410 state="awaitingCandidates"
2026-09-30T16:27:20.183038Z  INFO faf_app::infra::ice_java: ICE negotiation state remote_player=135128 state="awaitingCandidates"
2026-09-30T16:27:24.451397Z  INFO faf_app::infra::ice_java: ICE negotiation state remote_player=449410 state="disconnected"
2026-09-30T16:27:26.186694Z  INFO faf_app::infra::ice_java: ICE negotiation state remote_player=135128 state="disconnected"
2026-09-30T16:27:29.464920Z  INFO faf_app::infra::ice_java: ICE negotiation state remote_player=449410 state="gathering"
2026-09-30T16:27:31.201453Z  INFO faf_app::infra::ice_java: ICE negotiation state remote_player=135128 state="gathering"
2026-09-30T16:27:31.710816Z  INFO faf_app::infra::ice_java: ICE negotiation state remote_player=449410 state="awaitingCandidates"
2026-09-30T16:27:32.500230Z  WARN faf_app::infra::discord: Discord rich presence disconnected reason=Discord is not running
2026-09-30T16:27:33.465448Z  INFO faf_app::infra::ice_java: ICE negotiation state remote_player=135128 state="awaitingCandidates"
2026-09-30T16:27:37.716025Z  INFO faf_app::infra::ice_java: ICE negotiation state remote_player=449410 state="disconnected"
2026-09-30T16:27:39.469893Z  INFO faf_app::infra::ice_java: ICE negotiation state remote_player=135128 state="disconnected"
2026-09-30T16:27:42.733294Z  INFO faf_app::infra::ice_java: ICE negotiation state remote_player=449410 state="gathering"
2026-09-30T16:27:44.472526Z  INFO faf_app::infra::ice_java: ICE negotiation state remote_player=135128 state="gathering"
2026-09-30T16:27:44.978573Z  INFO faf_app::infra::ice_java: ICE negotiation state remote_player=449410 state="awaitingCandidates"
2026-09-30T16:27:46.737009Z  INFO faf_app::infra::ice_java: ICE negotiation state remote_player=135128 state="awaitingCandidates"
2026-09-30T16:27:47.510772Z  WARN faf_app::infra::discord: Discord rich presence disconnected reason=Discord is not running
2026-09-30T16:27:50.987082Z  INFO faf_app::infra::ice_java: ICE negotiation state remote_player=449410 state="disconnected"
2026-09-30T16:27:52.742295Z  INFO faf_app::infra::ice_java: ICE negotiation state remote_player=135128 state="disconnected"
2026-09-30T16:27:56.004706Z  INFO faf_app::infra::ice_java: ICE negotiation state remote_player=449410 state="gathering"
2026-09-30T16:27:57.745560Z  INFO faf_app::infra::ice_java: ICE negotiation state remote_player=135128 state="gathering"
2026-09-30T16:27:58.256849Z  INFO faf_app::infra::ice_java: ICE negotiation state remote_player=449410 state="awaitingCandidates"
2026-09-30T16:27:59.977524Z  INFO faf_app::infra::ice_java: ICE negotiation state remote_player=135128 state="awaitingCandidates"
2026-09-30T16:28:02.524493Z  WARN faf_app::infra::discord: Discord rich presence disconnected reason=Discord is not running
2026-09-30T16:28:04.263112Z  INFO faf_app::infra::ice_java: ICE negotiation state remote_player=449410 state="disconnected"
2026-09-30T16:28:05.989219Z  INFO faf_app::infra::ice_java: ICE negotiation state remote_player=135128 state="disconnected"
2026-09-30T16:28:09.271588Z  INFO faf_app::infra::ice_java: ICE negotiation state remote_player=449410 state="gathering"
2026-09-30T16:28:10.993903Z  INFO faf_app::infra::ice_java: ICE negotiation state remote_player=135128 state="gathering"
2026-09-30T16:28:11.521922Z  INFO faf_app::infra::ice_java: ICE negotiation state remote_player=449410 state="awaitingCandidates"
2026-09-30T16:28:13.242847Z  INFO faf_app::infra::ice_java: ICE negotiation state remote_player=135128 state="awaitingCandidates"
2026-09-30T16:28:17.532392Z  WARN faf_app::infra::discord: Discord rich presence disconnected reason=Discord is not running
2026-09-30T16:28:17.532977Z  INFO faf_app::infra::ice_java: ICE negotiation state remote_player=449410 state="disconnected"
2026-09-30T16:28:19.257307Z  INFO faf_app::infra::ice_java: ICE negotiation state remote_player=135128 state="disconnected"
2026-09-30T16:28:22.539656Z  INFO faf_app::infra::ice_java: ICE negotiation state remote_player=449410 state="gathering"
2026-09-30T16:28:24.262110Z  INFO faf_app::infra::ice_java: ICE negotiation state remote_player=135128 state="gathering"
2026-09-30T16:28:24.776150Z  INFO faf_app::infra::ice_java: ICE negotiation state remote_player=449410 state="awaitingCandidates"
2026-09-30T16:28:26.505253Z  INFO faf_app::infra::ice_java: ICE negotiation state remote_player=135128 state="awaitingCandidates"
2026-09-30T16:28:30.780323Z  INFO faf_app::infra::ice_java: ICE negotiation state remote_player=449410 state="disconnected"
2026-09-30T16:28:32.518762Z  INFO faf_app::infra::ice_java: ICE negotiation state remote_player=135128 state="disconnected"
2026-09-30T16:28:32.534277Z  WARN faf_app::infra::discord: Discord rich presence disconnected reason=Discord is not running
2026-09-30T16:28:35.787923Z  INFO faf_app::infra::ice_java: ICE negotiation state remote_player=449410 state="gathering"
2026-09-30T16:28:37.535550Z  INFO faf_app::infra::ice_java: ICE negotiation state remote_player=135128 state="gathering"
2026-09-30T16:28:38.047970Z  INFO faf_app::infra::ice_java: ICE negotiation state remote_player=449410 state="awaitingCandidates"
2026-09-30T16:28:39.791289Z  INFO faf_app::infra::ice_java: ICE negotiation state remote_player=135128 state="awaitingCandidates"
2026-09-30T16:28:44.053030Z  INFO faf_app::infra::ice_java: ICE negotiation state remote_player=449410 state="disconnected"
2026-09-30T16:28:45.804293Z  INFO faf_app::infra::ice_java: ICE negotiation state remote_player=135128 state="disconnected"
2026-09-30T16:28:47.536945Z  WARN faf_app::infra::discord: Discord rich presence disconnected reason=Discord is not running
2026-09-30T16:28:49.059184Z  INFO faf_app::infra::ice_java: ICE negotiation state remote_player=449410 state="gathering"
2026-09-30T16:28:50.814546Z  INFO faf_app::infra::ice_java: ICE negotiation state remote_player=135128 state="gathering"
2026-09-30T16:28:51.309372Z  INFO faf_app::infra::ice_java: ICE negotiation state remote_player=449410 state="awaitingCandidates"
2026-09-30T16:28:53.054065Z  INFO faf_app::infra::ice_java: ICE negotiation state remote_player=135128 state="awaitingCandidates"
2026-09-30T16:28:57.319900Z  INFO faf_app::infra::ice_java: ICE negotiation state remote_player=449410 state="disconnected"
2026-09-30T16:28:59.063264Z  INFO faf_app::infra::ice_java: ICE negotiation state remote_player=135128 state="disconnected"
2026-09-30T16:29:02.323805Z  INFO faf_app::infra::ice_java: ICE negotiation state remote_player=449410 state="gathering"
2026-09-30T16:29:02.541297Z  WARN faf_app::infra::discord: Discord rich presence disconnected reason=Discord is not running
2026-09-30T16:29:04.079988Z  INFO faf_app::infra::ice_java: ICE negotiation state remote_player=135128 state="gathering"
2026-09-30T16:29:04.576276Z  INFO faf_app::infra::ice_java: ICE negotiation state remote_player=449410 state="awaitingCandidates"
2026-09-30T16:29:06.331144Z  INFO faf_app::infra::ice_java: ICE negotiation state remote_player=135128 state="awaitingCandidates"
2026-09-30T16:29:10.579986Z  INFO faf_app::infra::ice_java: ICE negotiation state remote_player=449410 state="disconnected"
2026-09-30T16:29:12.332553Z  INFO faf_app::infra::ice_java: ICE negotiation state remote_player=135128 state="disconnected"
2026-09-30T16:29:15.589767Z  INFO faf_app::infra::ice_java: ICE negotiation state remote_player=449410 state="gathering"
2026-09-30T16:29:17.351607Z  INFO faf_app::infra::ice_java: ICE negotiation state remote_player=135128 state="gathering"
2026-09-30T16:29:17.553216Z  WARN faf_app::infra::discord: Discord rich presence disconnected reason=Discord is not running
2026-09-30T16:29:17.847014Z  INFO faf_app::infra::ice_java: ICE negotiation state remote_player=449410 state="awaitingCandidates"
2026-09-30T16:29:19.582605Z  INFO faf_app::infra::ice_java: ICE negotiation state remote_player=135128 state="awaitingCandidates"
2026-09-30T16:29:23.858332Z  INFO faf_app::infra::ice_java: ICE negotiation state remote_player=449410 state="disconnected"
2026-09-30T16:29:25.584205Z  INFO faf_app::infra::ice_java: ICE negotiation state remote_player=135128 state="disconnected"
2026-09-30T16:29:28.874302Z  INFO faf_app::infra::ice_java: ICE negotiation state remote_player=449410 state="gathering"
2026-09-30T16:29:30.591358Z  INFO faf_app::infra::ice_java: ICE negotiation state remote_player=135128 state="gathering"
2026-09-30T16:29:31.131796Z  INFO faf_app::infra::ice_java: ICE negotiation state remote_player=449410 state="awaitingCandidates"
2026-09-30T16:29:32.556916Z  WARN faf_app::infra::discord: Discord rich presence disconnected reason=Discord is not running
2026-09-30T16:29:32.854260Z  INFO faf_app::infra::ice_java: ICE negotiation state remote_player=135128 state="awaitingCandidates"
2026-09-30T16:29:37.140032Z  INFO faf_app::infra::ice_java: ICE negotiation state remote_player=449410 state="disconnected"
2026-09-30T16:29:38.862912Z  INFO faf_app::infra::ice_java: ICE negotiation state remote_player=135128 state="disconnected"
2026-09-30T16:29:42.157245Z  INFO faf_app::infra::ice_java: ICE negotiation state remote_player=449410 state="gathering"
2026-09-30T16:29:43.879819Z  INFO faf_app::infra::ice_java: ICE negotiation state remote_player=135128 state="gathering"
2026-09-30T16:29:44.390468Z  INFO faf_app::infra::ice_java: ICE negotiation state remote_player=449410 state="awaitingCandidates"
2026-09-30T16:29:46.109252Z  INFO faf_app::infra::ice_java: ICE negotiation state remote_player=135128 state="awaitingCandidates"
2026-09-30T16:29:47.569594Z  WARN faf_app::infra::discord: Discord rich presence disconnected reason=Discord is not running
2026-09-30T16:29:50.392656Z  INFO faf_app::infra::ice_java: ICE negotiation state remote_player=449410 state="disconnected"
2026-09-30T16:29:52.118292Z  INFO faf_app::infra::ice_java: ICE negotiation state remote_player=135128 state="disconnected"
2026-09-30T16:29:55.404367Z  INFO faf_app::infra::ice_java: ICE negotiation state remote_player=449410 state="gathering"
2026-09-30T16:29:57.121238Z  INFO faf_app::infra::ice_java: ICE negotiation state remote_player=135128 state="gathering"
2026-09-30T16:29:57.647651Z  INFO faf_app::infra::ice_java: ICE negotiation state remote_player=449410 state="awaitingCandidates"
2026-09-30T16:29:59.386985Z  INFO faf_app::infra::ice_java: ICE negotiation state remote_player=135128 state="awaitingCandidates"
2026-09-30T16:30:02.581591Z  WARN faf_app::infra::discord: Discord rich presence disconnected reason=Discord is not running
2026-09-30T16:30:03.653641Z  INFO faf_app::infra::ice_java: ICE negotiation state remote_player=449410 state="disconnected"
2026-09-30T16:30:05.387945Z  INFO faf_app::infra::ice_java: ICE negotiation state remote_player=135128 state="disconnected"
2026-09-30T16:30:08.666083Z  INFO faf_app::infra::ice_java: ICE negotiation state remote_player=449410 state="gathering"
2026-09-30T16:30:10.396342Z  INFO faf_app::infra::ice_java: ICE negotiation state remote_player=135128 state="gathering"
2026-09-30T16:30:10.934553Z  INFO faf_app::infra::ice_java: ICE negotiation state remote_player=449410 state="awaitingCandidates"
2026-09-30T16:30:12.653985Z  INFO faf_app::infra::ice_java: ICE negotiation state remote_player=135128 state="awaitingCandidates"
2026-09-30T16:30:16.944981Z  INFO faf_app::infra::ice_java: ICE negotiation state remote_player=449410 state="disconnected"
2026-09-30T16:30:17.597237Z  WARN faf_app::infra::discord: Discord rich presence disconnected reason=Discord is not running
2026-09-30T16:30:18.669463Z  INFO faf_app::infra::ice_java: ICE negotiation state remote_player=135128 state="disconnected"
2026-09-30T16:30:21.957215Z  INFO faf_app::infra::ice_java: ICE negotiation state remote_player=449410 state="gathering"
2026-09-30T16:30:23.684584Z  INFO faf_app::infra::ice_java: ICE negotiation state remote_player=135128 state="gathering"
2026-09-30T16:30:24.192594Z  INFO faf_app::infra::ice_java: ICE negotiation state remote_player=449410 state="awaitingCandidates"
2026-09-30T16:30:25.951666Z  INFO faf_app::infra::ice_java: ICE negotiation state remote_player=135128 state="awaitingCandidates"
2026-09-30T16:30:30.198070Z  INFO faf_app::infra::ice_java: ICE negotiation state remote_player=449410 state="disconnected"
2026-09-30T16:30:31.966424Z  INFO faf_app::infra::ice_java: ICE negotiation state remote_player=135128 state="disconnected"
2026-09-30T16:30:32.601299Z  WARN faf_app::infra::discord: Discord rich presence disconnected reason=Discord is not running
2026-09-30T16:30:35.208441Z  INFO faf_app::infra::ice_java: ICE negotiation state remote_player=449410 state="gathering"
2026-09-30T16:30:36.977332Z  INFO faf_app::infra::ice_java: ICE negotiation state remote_player=135128 state="gathering"
2026-09-30T16:30:37.444652Z  INFO faf_app::infra::ice_java: ICE negotiation state remote_player=449410 state="awaitingCandidates"
2026-09-30T16:30:39.231120Z  INFO faf_app::infra::ice_java: ICE negotiation state remote_player=135128 state="awaitingCandidates"
2026-09-30T16:30:43.448398Z  INFO faf_app::infra::ice_java: ICE negotiation state remote_player=449410 state="disconnected"
2026-09-30T16:30:45.247980Z  INFO faf_app::infra::ice_java: ICE negotiation state remote_player=135128 state="disconnected"
2026-09-30T16:30:47.610928Z  WARN faf_app::infra::discord: Discord rich presence disconnected reason=Discord is not running
2026-09-30T16:30:48.455064Z  INFO faf_app::infra::ice_java: ICE negotiation state remote_player=449410 state="gathering"
2026-09-30T16:30:50.265831Z  INFO faf_app::infra::ice_java: ICE negotiation state remote_player=135128 state="gathering"
2026-09-30T16:30:50.716865Z  INFO faf_app::infra::ice_java: ICE negotiation state remote_player=449410 state="awaitingCandidates"
2026-09-30T16:30:52.519181Z  INFO faf_app::infra::ice_java: ICE negotiation state remote_player=135128 state="awaitingCandidates"
2026-09-30T16:30:56.726474Z  INFO faf_app::infra::ice_java: ICE negotiation state remote_player=449410 state="disconnected"
2026-09-30T16:30:58.528368Z  INFO faf_app::infra::ice_java: ICE negotiation state remote_player=135128 state="disconnected"
2026-09-30T16:31:01.740133Z  INFO faf_app::infra::ice_java: ICE negotiation state remote_player=449410 state="gathering"
2026-09-30T16:31:02.620635Z  WARN faf_app::infra::discord: Discord rich presence disconnected reason=Discord is not running
2026-09-30T16:31:03.533654Z  INFO faf_app::infra::ice_java: ICE negotiation state remote_player=135128 state="gathering"
2026-09-30T16:31:04.000374Z  INFO faf_app::infra::ice_java: ICE negotiation state remote_player=449410 state="awaitingCandidates"
2026-09-30T16:31:05.795137Z  INFO faf_app::infra::ice_java: ICE negotiation state remote_player=135128 state="awaitingCandidates"
2026-09-30T16:31:10.006942Z  INFO faf_app::infra::ice_java: ICE negotiation state remote_player=449410 state="disconnected"
2026-09-30T16:31:11.807932Z  INFO faf_app::infra::ice_java: ICE negotiation state remote_player=135128 state="disconnected"
2026-09-30T16:31:15.022538Z  INFO faf_app::infra::ice_java: ICE negotiation state remote_player=449410 state="gathering"
2026-09-30T16:31:16.817353Z  INFO faf_app::infra::ice_java: ICE negotiation state remote_player=135128 state="gathering"
2026-09-30T16:31:17.252015Z  INFO faf_app::infra::ice_java: ICE negotiation state remote_player=449410 state="awaitingCandidates"
2026-09-30T16:31:17.622470Z  WARN faf_app::infra::discord: Discord rich presence disconnected reason=Discord is not running
2026-09-30T16:31:19.051707Z  INFO faf_app::infra::ice_java: ICE negotiation state remote_player=135128 state="awaitingCandidates"
2026-09-30T16:31:23.252875Z  INFO faf_app::infra::ice_java: ICE negotiation state remote_player=449410 state="disconnected"
2026-09-30T16:31:25.058190Z  INFO faf_app::infra::ice_java: ICE negotiation state remote_player=135128 state="disconnected"
2026-09-30T16:31:28.268460Z  INFO faf_app::infra::ice_java: ICE negotiation state remote_player=449410 state="gathering"
2026-09-30T16:31:30.068528Z  INFO faf_app::infra::ice_java: ICE negotiation state remote_player=135128 state="gathering"
2026-09-30T16:31:30.518824Z  INFO faf_app::infra::ice_java: ICE negotiation state remote_player=449410 state="awaitingCandidates"
2026-09-30T16:31:32.331968Z  INFO faf_app::infra::ice_java: ICE negotiation state remote_player=135128 state="awaitingCandidates"
2026-09-30T16:31:32.637997Z  WARN faf_app::infra::discord: Discord rich presence disconnected reason=Discord is not running
2026-09-30T16:31:36.532881Z  INFO faf_app::infra::ice_java: ICE negotiation state remote_player=449410 state="disconnected"
2026-09-30T16:31:38.341234Z  INFO faf_app::infra::ice_java: ICE negotiation state remote_player=135128 state="disconnected"
2026-09-30T16:31:41.536965Z  INFO faf_app::infra::ice_java: ICE negotiation state remote_player=449410 state="gathering"
2026-09-30T16:31:43.358332Z  INFO faf_app::infra::ice_java: ICE negotiation state remote_player=135128 state="gathering"
2026-09-30T16:31:43.787903Z  INFO faf_app::infra::ice_java: ICE negotiation state remote_player=449410 state="awaitingCandidates"
2026-09-30T16:31:45.617185Z  INFO faf_app::infra::ice_java: ICE negotiation state remote_player=135128 state="awaitingCandidates"
2026-09-30T16:31:47.647791Z  WARN faf_app::infra::discord: Discord rich presence disconnected reason=Discord is not running
2026-09-30T16:31:49.791066Z  INFO faf_app::infra::ice_java: ICE negotiation state remote_player=449410 state="disconnected"
2026-09-30T16:31:51.635677Z  INFO faf_app::infra::ice_java: ICE negotiation state remote_player=135128 state="disconnected"
2026-09-30T16:31:54.807004Z  INFO faf_app::infra::ice_java: ICE negotiation state remote_player=449410 state="gathering"
2026-09-30T16:31:56.650902Z  INFO faf_app::infra::ice_java: ICE negotiation state remote_player=135128 state="gathering"
2026-09-30T16:31:57.036797Z  INFO faf_app::infra::ice_java: ICE negotiation state remote_player=449410 state="awaitingCandidates"
2026-09-30T16:31:58.912406Z  INFO faf_app::infra::ice_java: ICE negotiation state remote_player=135128 state="awaitingCandidates"
2026-09-30T16:32:02.653573Z  WARN faf_app::infra::discord: Discord rich presence disconnected reason=Discord is not running
2026-09-30T16:32:03.043015Z  INFO faf_app::infra::ice_java: ICE negotiation state remote_player=449410 state="disconnected"
2026-09-30T16:32:04.925361Z  INFO faf_app::infra::ice_java: ICE negotiation state remote_player=135128 state="disconnected"
2026-09-30T16:32:08.048293Z  INFO faf_app::infra::ice_java: ICE negotiation state remote_player=449410 state="gathering"
2026-09-30T16:32:09.931913Z  INFO faf_app::infra::ice_java: ICE negotiation state remote_player=135128 state="gathering"
2026-09-30T16:32:10.288668Z  INFO faf_app::infra::ice_java: ICE negotiation state remote_player=449410 state="awaitingCandidates"
2026-09-30T16:32:12.189380Z  INFO faf_app::infra::ice_java: ICE negotiation state remote_player=135128 state="awaitingCandidates"
2026-09-30T16:32:16.298619Z  INFO faf_app::infra::ice_java: ICE negotiation state remote_player=449410 state="disconnected"
2026-09-30T16:32:17.664436Z  WARN faf_app::infra::discord: Discord rich presence disconnected reason=Discord is not running
2026-09-30T16:32:18.191910Z  INFO faf_app::infra::ice_java: ICE negotiation state remote_player=135128 state="disconnected"
2026-09-30T16:32:21.310237Z  INFO faf_app::infra::ice_java: ICE negotiation state remote_player=449410 state="gathering"
2026-09-30T16:32:23.201285Z  INFO faf_app::infra::ice_java: ICE negotiation state remote_player=135128 state="gathering"
2026-09-30T16:32:23.590248Z  INFO faf_app::infra::ice_java: ICE negotiation state remote_player=449410 state="awaitingCandidates"
2026-09-30T16:32:25.436682Z  INFO faf_app::infra::ice_java: ICE negotiation state remote_player=135128 state="awaitingCandidates"
2026-09-30T16:32:29.597291Z  INFO faf_app::infra::ice_java: ICE negotiation state remote_player=449410 state="disconnected"
2026-09-30T16:32:31.443841Z  INFO faf_app::infra::ice_java: ICE negotiation state remote_player=135128 state="disconnected"
2026-09-30T16:32:32.670569Z  WARN faf_app::infra::discord: Discord rich presence disconnected reason=Discord is not running
2026-09-30T16:32:34.601159Z  INFO faf_app::infra::ice_java: ICE negotiation state remote_player=449410 state="gathering"
2026-09-30T16:32:36.456118Z  INFO faf_app::infra::ice_java: ICE negotiation state remote_player=135128 state="gathering"
2026-09-30T16:32:36.854251Z  INFO faf_app::infra::ice_java: ICE negotiation state remote_player=449410 state="awaitingCandidates"
2026-09-30T16:32:38.724858Z  INFO faf_app::infra::ice_java: ICE negotiation state remote_player=135128 state="awaitingCandidates"
2026-09-30T16:32:42.860458Z  INFO faf_app::infra::ice_java: ICE negotiation state remote_player=449410 state="disconnected"
2026-09-30T16:32:44.735279Z  INFO faf_app::infra::ice_java: ICE negotiation state remote_player=135128 state="disconnected"
2026-09-30T16:32:47.675200Z  WARN faf_app::infra::discord: Discord rich presence disconnected reason=Discord is not running
2026-09-30T16:32:47.876917Z  INFO faf_app::infra::ice_java: ICE negotiation state remote_player=449410 state="gathering"
2026-09-30T16:32:49.750984Z  INFO faf_app::infra::ice_java: ICE negotiation state remote_player=135128 state="gathering"
2026-09-30T16:32:50.124614Z  INFO faf_app::infra::ice_java: ICE negotiation state remote_player=449410 state="awaitingCandidates"
2026-09-30T16:32:52.003333Z  INFO faf_app::infra::ice_java: ICE negotiation state remote_player=135128 state="awaitingCandidates"
2026-09-30T16:32:56.131818Z  INFO faf_app::infra::ice_java: ICE negotiation state remote_player=449410 state="disconnected"
2026-09-30T16:32:58.012664Z  INFO faf_app::infra::ice_java: ICE negotiation state remote_player=135128 state="disconnected"
2026-09-30T16:33:01.149390Z  INFO faf_app::infra::ice_java: ICE negotiation state remote_player=449410 state="gathering"
2026-09-30T16:33:02.681137Z  WARN faf_app::infra::discord: Discord rich presence disconnected reason=Discord is not running
2026-09-30T16:33:03.023204Z  INFO faf_app::infra::ice_java: ICE negotiation state remote_player=135128 state="gathering"
2026-09-30T16:33:03.409328Z  INFO faf_app::infra::ice_java: ICE negotiation state remote_player=449410 state="awaitingCandidates"
2026-09-30T16:33:05.255490Z  INFO faf_app::infra::ice_java: ICE negotiation state remote_player=135128 state="awaitingCandidates"
2026-09-30T16:33:09.416136Z  INFO faf_app::infra::ice_java: ICE negotiation state remote_player=449410 state="disconnected"
2026-09-30T16:33:11.264121Z  INFO faf_app::infra::ice_java: ICE negotiation state remote_player=135128 state="disconnected"
2026-09-30T16:33:14.430379Z  INFO faf_app::infra::ice_java: ICE negotiation state remote_player=449410 state="gathering"
2026-09-30T16:33:16.281393Z  INFO faf_app::infra::ice_java: ICE negotiation state remote_player=135128 state="gathering"
2026-09-30T16:33:16.670219Z  INFO faf_app::infra::ice_java: ICE negotiation state remote_player=449410 state="awaitingCandidates"
2026-09-30T16:33:17.692853Z  WARN faf_app::infra::discord: Discord rich presence disconnected reason=Discord is not running
2026-09-30T16:33:18.517068Z  INFO faf_app::infra::ice_java: ICE negotiation state remote_player=135128 state="awaitingCandidates"
2026-09-30T16:33:22.680828Z  INFO faf_app::infra::ice_java: ICE negotiation state remote_player=449410 state="disconnected"
2026-09-30T16:33:24.523854Z  INFO faf_app::infra::ice_java: ICE negotiation state remote_player=135128 state="disconnected"
2026-09-30T16:33:27.690360Z  INFO faf_app::infra::ice_java: ICE negotiation state remote_player=449410 state="gathering"
2026-09-30T16:33:29.531127Z  INFO faf_app::infra::ice_java: ICE negotiation state remote_player=135128 state="gathering"
2026-09-30T16:33:29.933303Z  INFO faf_app::infra::ice_java: ICE negotiation state remote_player=449410 state="awaitingCandidates"
2026-09-30T16:33:31.782647Z  INFO faf_app::infra::ice_java: ICE negotiation state remote_player=135128 state="awaitingCandidates"
2026-09-30T16:33:32.694081Z  WARN faf_app::infra::discord: Discord rich presence disconnected reason=Discord is not running
2026-09-30T16:33:35.939683Z  INFO faf_app::infra::ice_java: ICE negotiation state remote_player=449410 state="disconnected"
2026-09-30T16:33:37.795798Z  INFO faf_app::infra::ice_java: ICE negotiation state remote_player=135128 state="disconnected"
2026-09-30T16:33:40.945947Z  INFO faf_app::infra::ice_java: ICE negotiation state remote_player=449410 state="gathering"
2026-09-30T16:33:42.803920Z  INFO faf_app::infra::ice_java: ICE negotiation state remote_player=135128 state="gathering"
2026-09-30T16:33:43.175655Z  INFO faf_app::infra::ice_java: ICE negotiation state remote_player=449410 state="awaitingCandidates"
2026-09-30T16:33:45.049141Z  INFO faf_app::infra::ice_java: ICE negotiation state remote_player=135128 state="awaitingCandidates"
2026-09-30T16:33:47.695945Z  WARN faf_app::infra::discord: Discord rich presence disconnected reason=Discord is not running
2026-09-30T16:33:49.186368Z  INFO faf_app::infra::ice_java: ICE negotiation state remote_player=449410 state="disconnected"
2026-09-30T16:33:51.056923Z  INFO faf_app::infra::ice_java: ICE negotiation state remote_player=135128 state="disconnected"
2026-09-30T16:33:54.206022Z  INFO faf_app::infra::ice_java: ICE negotiation state remote_player=449410 state="gathering"
2026-09-30T16:33:56.068856Z  INFO faf_app::infra::ice_java: ICE negotiation state remote_player=135128 state="gathering"
2026-09-30T16:33:56.489038Z  INFO faf_app::infra::ice_java: ICE negotiation state remote_player=449410 state="awaitingCandidates"
2026-09-30T16:33:58.305070Z  INFO faf_app::infra::ice_java: ICE negotiation state remote_player=135128 state="awaitingCandidates"
2026-09-30T16:34:02.504843Z  INFO faf_app::infra::ice_java: ICE negotiation state remote_player=449410 state="disconnected"
2026-09-30T16:34:02.706010Z  WARN faf_app::infra::discord: Discord rich presence disconnected reason=Discord is not running
2026-09-30T16:34:04.311958Z  INFO faf_app::infra::ice_java: ICE negotiation state remote_player=135128 state="disconnected"
2026-09-30T16:34:07.507631Z  INFO faf_app::infra::ice_java: ICE negotiation state remote_player=449410 state="gathering"
2026-09-30T16:34:09.316412Z  INFO faf_app::infra::ice_java: ICE negotiation state remote_player=135128 state="gathering"
2026-09-30T16:34:09.750085Z  INFO faf_app::infra::ice_java: ICE negotiation state remote_player=449410 state="awaitingCandidates"
2026-09-30T16:34:11.571155Z  INFO faf_app::infra::ice_java: ICE negotiation state remote_player=135128 state="awaitingCandidates"
2026-09-30T16:34:15.759648Z  INFO faf_app::infra::ice_java: ICE negotiation state remote_player=449410 state="disconnected"
2026-09-30T16:34:17.585592Z  INFO faf_app::infra::ice_java: ICE negotiation state remote_player=135128 state="disconnected"
2026-09-30T16:34:17.709978Z  WARN faf_app::infra::discord: Discord rich presence disconnected reason=Discord is not running
2026-09-30T16:34:20.769676Z  INFO faf_app::infra::ice_java: ICE negotiation state remote_player=449410 state="gathering"
2026-09-30T16:34:22.594177Z  INFO faf_app::infra::ice_java: ICE negotiation state remote_player=135128 state="gathering"
2026-09-30T16:34:23.027118Z  INFO faf_app::infra::ice_java: ICE negotiation state remote_player=449410 state="awaitingCandidates"
2026-09-30T16:34:24.828299Z  INFO faf_app::infra::ice_java: ICE negotiation state remote_player=135128 state="awaitingCandidates"
2026-09-30T16:34:29.039874Z  INFO faf_app::infra::ice_java: ICE negotiation state remote_player=449410 state="disconnected"
2026-09-30T16:34:30.841100Z  INFO faf_app::infra::ice_java: ICE negotiation state remote_player=135128 state="disconnected"
2026-09-30T16:34:32.723739Z  WARN faf_app::infra::discord: Discord rich presence disconnected reason=Discord is not running
2026-09-30T16:34:34.048158Z  INFO faf_app::infra::ice_java: ICE negotiation state remote_player=449410 state="gathering"
2026-09-30T16:34:35.848158Z  INFO faf_app::infra::ice_java: ICE negotiation state remote_player=135128 state="gathering"
2026-09-30T16:34:36.297157Z  INFO faf_app::infra::ice_java: ICE negotiation state remote_player=449410 state="awaitingCandidates"
2026-09-30T16:34:38.111034Z  INFO faf_app::infra::ice_java: ICE negotiation state remote_player=135128 state="awaitingCandidates"
2026-09-30T16:34:42.298767Z  INFO faf_app::infra::ice_java: ICE negotiation state remote_player=449410 state="disconnected"
2026-09-30T16:34:44.120841Z  INFO faf_app::infra::ice_java: ICE negotiation state remote_player=135128 state="disconnected"
2026-09-30T16:34:47.302900Z  INFO faf_app::infra::ice_java: ICE negotiation state remote_player=449410 state="gathering"
2026-09-30T16:34:47.737979Z  WARN faf_app::infra::discord: Discord rich presence disconnected reason=Discord is not running
2026-09-30T16:34:49.129097Z  INFO faf_app::infra::ice_java: ICE negotiation state remote_player=135128 state="gathering"
2026-09-30T16:34:49.561607Z  INFO faf_app::infra::ice_java: ICE negotiation state remote_player=449410 state="awaitingCandidates"
2026-09-30T16:34:51.376562Z  INFO faf_app::infra::ice_java: ICE negotiation state remote_player=135128 state="awaitingCandidates"
2026-09-30T16:34:55.569167Z  INFO faf_app::infra::ice_java: ICE negotiation state remote_player=449410 state="disconnected"
2026-09-30T16:34:57.381212Z  INFO faf_app::infra::ice_java: ICE negotiation state remote_player=135128 state="disconnected"
2026-09-30T16:35:00.583405Z  INFO faf_app::infra::ice_java: ICE negotiation state remote_player=449410 state="gathering"
2026-09-30T16:35:02.395932Z  INFO faf_app::infra::ice_java: ICE negotiation state remote_player=135128 state="gathering"
2026-09-30T16:35:02.744920Z  WARN faf_app::infra::discord: Discord rich presence disconnected reason=Discord is not running
2026-09-30T16:35:02.822719Z  INFO faf_app::infra::ice_java: ICE negotiation state remote_player=449410 state="awaitingCandidates"
2026-09-30T16:35:04.657019Z  INFO faf_app::infra::ice_java: ICE negotiation state remote_player=135128 state="awaitingCandidates"
2026-09-30T16:35:08.825220Z  INFO faf_app::infra::ice_java: ICE negotiation state remote_player=449410 state="disconnected"
2026-09-30T16:35:10.666890Z  INFO faf_app::infra::ice_java: ICE negotiation state remote_player=135128 state="disconnected"
2026-09-30T16:35:13.835083Z  INFO faf_app::infra::ice_java: ICE negotiation state remote_player=449410 state="gathering"
2026-09-30T16:35:15.680134Z  INFO faf_app::infra::ice_java: ICE negotiation state remote_player=135128 state="gathering"
2026-09-30T16:35:16.107282Z  INFO faf_app::infra::ice_java: ICE negotiation state remote_player=449410 state="awaitingCandidates"
2026-09-30T16:35:17.760619Z  WARN faf_app::infra::discord: Discord rich presence disconnected reason=Discord is not running
2026-09-30T16:35:17.930561Z  INFO faf_app::infra::ice_java: ICE negotiation state remote_player=135128 state="awaitingCandidates"
2026-09-30T16:35:22.122652Z  INFO faf_app::infra::ice_java: ICE negotiation state remote_player=449410 state="disconnected"
2026-09-30T16:35:23.935033Z  INFO faf_app::infra::ice_java: ICE negotiation state remote_player=135128 state="disconnected"
2026-09-30T16:35:27.132365Z  INFO faf_app::infra::ice_java: ICE negotiation state remote_player=449410 state="gathering"
2026-09-30T16:35:28.943174Z  INFO faf_app::infra::ice_java: ICE negotiation state remote_player=135128 state="gathering"
2026-09-30T16:35:29.374674Z  INFO faf_app::infra::ice_java: ICE negotiation state remote_player=449410 state="awaitingCandidates"
2026-09-30T16:35:31.207540Z  INFO faf_app::infra::ice_java: ICE negotiation state remote_player=135128 state="awaitingCandidates"
2026-09-30T16:35:32.774093Z  WARN faf_app::infra::discord: Discord rich presence disconnected reason=Discord is not running
2026-09-30T16:35:35.380590Z  INFO faf_app::infra::ice_java: ICE negotiation state remote_player=449410 state="disconnected"
2026-09-30T16:35:37.215051Z  INFO faf_app::infra::ice_java: ICE negotiation state remote_player=135128 state="disconnected"
2026-09-30T16:35:40.390398Z  INFO faf_app::infra::ice_java: ICE negotiation state remote_player=449410 state="gathering"
2026-09-30T16:35:42.228570Z  INFO faf_app::infra::ice_java: ICE negotiation state remote_player=135128 state="gathering"
2026-09-30T16:35:42.643042Z  INFO faf_app::infra::ice_java: ICE negotiation state remote_player=449410 state="awaitingCandidates"
2026-09-30T16:35:44.505061Z  INFO faf_app::infra::ice_java: ICE negotiation state remote_player=135128 state="awaitingCandidates"
2026-09-30T16:35:47.778845Z  WARN faf_app::infra::discord: Discord rich presence disconnected reason=Discord is not running
2026-09-30T16:35:48.649221Z  INFO faf_app::infra::ice_java: ICE negotiation state remote_player=449410 state="disconnected"
2026-09-30T16:35:50.507262Z  INFO faf_app::infra::ice_java: ICE negotiation state remote_player=135128 state="disconnected"
2026-09-30T16:35:53.654210Z  INFO faf_app::infra::ice_java: ICE negotiation state remote_player=449410 state="gathering"
2026-09-30T16:35:55.517622Z  INFO faf_app::infra::ice_java: ICE negotiation state remote_player=135128 state="gathering"
2026-09-30T16:35:55.888472Z  INFO faf_app::infra::ice_java: ICE negotiation state remote_player=449410 state="awaitingCandidates"
2026-09-30T16:35:57.750093Z  INFO faf_app::infra::ice_java: ICE negotiation state remote_player=135128 state="awaitingCandidates"
2026-09-30T16:36:01.898162Z  INFO faf_app::infra::ice_java: ICE negotiation state remote_player=449410 state="disconnected"
2026-09-30T16:36:02.783878Z  WARN faf_app::infra::discord: Discord rich presence disconnected reason=Discord is not running
2026-09-30T16:36:03.760836Z  INFO faf_app::infra::ice_java: ICE negotiation state remote_player=135128 state="disconnected"
2026-09-30T16:36:06.909771Z  INFO faf_app::infra::ice_java: ICE negotiation state remote_player=449410 state="gathering"
2026-09-30T16:36:08.778345Z  INFO faf_app::infra::ice_java: ICE negotiation state remote_player=135128 state="gathering"
2026-09-30T16:36:09.166422Z  INFO faf_app::infra::ice_java: ICE negotiation state remote_player=449410 state="awaitingCandidates"
2026-09-30T16:36:11.025885Z  INFO faf_app::infra::ice_java: ICE negotiation state remote_player=135128 state="awaitingCandidates"
2026-09-30T16:36:15.177552Z  INFO faf_app::infra::ice_java: ICE negotiation state remote_player=449410 state="disconnected"
2026-09-30T16:36:17.041046Z  INFO faf_app::infra::ice_java: ICE negotiation state remote_player=135128 state="disconnected"
2026-09-30T16:36:17.786456Z  WARN faf_app::infra::discord: Discord rich presence disconnected reason=Discord is not running
2026-09-30T16:36:20.193376Z  INFO faf_app::infra::ice_java: ICE negotiation state remote_player=449410 state="gathering"
2026-09-30T16:36:22.055774Z  INFO faf_app::infra::ice_java: ICE negotiation state remote_player=135128 state="gathering"
2026-09-30T16:36:22.429766Z  INFO faf_app::infra::ice_java: ICE negotiation state remote_player=449410 state="awaitingCandidates"
2026-09-30T16:36:24.306760Z  INFO faf_app::infra::ice_java: ICE negotiation state remote_player=135128 state="awaitingCandidates"
2026-09-30T16:36:28.436571Z  INFO faf_app::infra::ice_java: ICE negotiation state remote_player=449410 state="disconnected"
2026-09-30T16:36:30.317853Z  INFO faf_app::infra::ice_java: ICE negotiation state remote_player=135128 state="disconnected"
2026-09-30T16:36:32.796521Z  WARN faf_app::infra::discord: Discord rich presence disconnected reason=Discord is not running
2026-09-30T16:36:33.450089Z  INFO faf_app::infra::ice_java: ICE negotiation state remote_player=449410 state="gathering"
2026-09-30T16:36:35.328181Z  INFO faf_app::infra::ice_java: ICE negotiation state remote_player=135128 state="gathering"
2026-09-30T16:36:35.700049Z  INFO faf_app::infra::ice_java: ICE negotiation state remote_player=449410 state="awaitingCandidates"
2026-09-30T16:36:37.579237Z  INFO faf_app::infra::ice_java: ICE negotiation state remote_player=135128 state="awaitingCandidates"
2026-09-30T16:36:41.705446Z  INFO faf_app::infra::ice_java: ICE negotiation state remote_player=449410 state="disconnected"
2026-09-30T16:36:43.583376Z  INFO faf_app::infra::ice_java: ICE negotiation state remote_player=135128 state="disconnected"
2026-09-30T16:36:46.711328Z  INFO faf_app::infra::ice_java: ICE negotiation state remote_player=449410 state="gathering"
2026-09-30T16:36:47.798759Z  WARN faf_app::infra::discord: Discord rich presence disconnected reason=Discord is not running
2026-09-30T16:36:48.591718Z  INFO faf_app::infra::ice_java: ICE negotiation state remote_player=135128 state="gathering"
2026-09-30T16:36:48.950131Z  INFO faf_app::infra::ice_java: ICE negotiation state remote_player=449410 state="awaitingCandidates"
2026-09-30T16:36:50.835951Z  INFO faf_app::infra::ice_java: ICE negotiation state remote_player=135128 state="awaitingCandidates"
2026-09-30T16:36:54.963616Z  INFO faf_app::infra::ice_java: ICE negotiation state remote_player=449410 state="disconnected"
2026-09-30T16:36:56.844661Z  INFO faf_app::infra::ice_java: ICE negotiation state remote_player=135128 state="disconnected"
2026-09-30T16:36:59.967513Z  INFO faf_app::infra::ice_java: ICE negotiation state remote_player=449410 state="gathering"
2026-09-30T16:37:01.852327Z  INFO faf_app::infra::ice_java: ICE negotiation state remote_player=135128 state="gathering"
2026-09-30T16:37:02.225901Z  INFO faf_app::infra::ice_java: ICE negotiation state remote_player=449410 state="awaitingCandidates"
2026-09-30T16:37:02.814895Z  WARN faf_app::infra::discord: Discord rich presence disconnected reason=Discord is not running
2026-09-30T16:37:04.104378Z  INFO faf_app::infra::ice_java: ICE negotiation state remote_player=135128 state="awaitingCandidates"
2026-09-30T16:37:08.240938Z  INFO faf_app::infra::ice_java: ICE negotiation state remote_player=449410 state="disconnected"
2026-09-30T16:37:10.107149Z  INFO faf_app::infra::ice_java: ICE negotiation state remote_player=135128 state="disconnected"
2026-09-30T16:37:13.254582Z  INFO faf_app::infra::ice_java: ICE negotiation state remote_player=449410 state="gathering"
2026-09-30T16:37:15.115796Z  INFO faf_app::infra::ice_java: ICE negotiation state remote_player=135128 state="gathering"
2026-09-30T16:37:15.517861Z  INFO faf_app::infra::ice_java: ICE negotiation state remote_player=449410 state="awaitingCandidates"
2026-09-30T16:37:17.359997Z  INFO faf_app::infra::ice_java: ICE negotiation state remote_player=135128 state="awaitingCandidates"
2026-09-30T16:37:17.825613Z  WARN faf_app::infra::discord: Discord rich presence disconnected reason=Discord is not running
2026-09-30T16:37:21.524076Z  INFO faf_app::infra::ice_java: ICE negotiation state remote_player=449410 state="disconnected"
2026-09-30T16:37:23.363874Z  INFO faf_app::infra::ice_java: ICE negotiation state remote_player=135128 state="disconnected"
2026-09-30T16:37:26.532292Z  INFO faf_app::infra::ice_java: ICE negotiation state remote_player=449410 state="gathering"
2026-09-30T16:37:28.369864Z  INFO faf_app::infra::ice_java: ICE negotiation state remote_player=135128 state="gathering"
2026-09-30T16:37:28.773099Z  INFO faf_app::infra::ice_java: ICE negotiation state remote_player=449410 state="awaitingCandidates"
2026-09-30T16:37:30.608977Z  INFO faf_app::infra::ice_java: ICE negotiation state remote_player=135128 state="awaitingCandidates"
2026-09-30T16:37:32.830192Z  WARN faf_app::infra::discord: Discord rich presence disconnected reason=Discord is not running
2026-09-30T16:37:34.785476Z  INFO faf_app::infra::ice_java: ICE negotiation state remote_player=449410 state="disconnected"
2026-09-30T16:37:36.620836Z  INFO faf_app::infra::ice_java: ICE negotiation state remote_player=135128 state="disconnected"
2026-09-30T16:37:39.790352Z  INFO faf_app::infra::ice_java: ICE negotiation state remote_player=449410 state="gathering"
2026-09-30T16:37:41.634521Z  INFO faf_app::infra::ice_java: ICE negotiation state remote_player=135128 state="gathering"
2026-09-30T16:37:42.021137Z  INFO faf_app::infra::ice_java: ICE negotiation state remote_player=449410 state="awaitingCandidates"
2026-09-30T16:37:43.867404Z  INFO faf_app::infra::ice_java: ICE negotiation state remote_player=135128 state="awaitingCandidates"
2026-09-30T16:37:47.844139Z  WARN faf_app::infra::discord: Discord rich presence disconnected reason=Discord is not running
2026-09-30T16:37:48.030265Z  INFO faf_app::infra::ice_java: ICE negotiation state remote_player=449410 state="disconnected"
2026-09-30T16:37:49.878930Z  INFO faf_app::infra::ice_java: ICE negotiation state remote_player=135128 state="disconnected"
2026-09-30T16:37:53.044433Z  INFO faf_app::infra::ice_java: ICE negotiation state remote_player=449410 state="gathering"
2026-09-30T16:37:54.887455Z  INFO faf_app::infra::ice_java: ICE negotiation state remote_player=135128 state="gathering"
2026-09-30T16:37:55.305061Z  INFO faf_app::infra::ice_java: ICE negotiation state remote_player=449410 state="awaitingCandidates"
2026-09-30T16:37:57.122567Z  INFO faf_app::infra::ice_java: ICE negotiation state remote_player=135128 state="awaitingCandidates"
2026-09-30T16:38:01.315958Z  INFO faf_app::infra::ice_java: ICE negotiation state remote_player=449410 state="disconnected"
2026-09-30T16:38:02.853092Z  WARN faf_app::infra::discord: Discord rich presence disconnected reason=Discord is not running
2026-09-30T16:38:03.132980Z  INFO faf_app::infra::ice_java: ICE negotiation state remote_player=135128 state="disconnected"
2026-09-30T16:38:06.322486Z  INFO faf_app::infra::ice_java: ICE negotiation state remote_player=449410 state="gathering"
2026-09-30T16:38:08.139073Z  INFO faf_app::infra::ice_java: ICE negotiation state remote_player=135128 state="gathering"
2026-09-30T16:38:08.556972Z  INFO faf_app::infra::ice_java: ICE negotiation state remote_player=449410 state="awaitingCandidates"
2026-09-30T16:38:10.388058Z  INFO faf_app::infra::ice_java: ICE negotiation state remote_player=135128 state="awaitingCandidates"
2026-09-30T16:38:14.570086Z  INFO faf_app::infra::ice_java: ICE negotiation state remote_player=449410 state="disconnected"
2026-09-30T16:38:16.398895Z  INFO faf_app::infra::ice_java: ICE negotiation state remote_player=135128 state="disconnected"
2026-09-30T16:38:17.859360Z  WARN faf_app::infra::discord: Discord rich presence disconnected reason=Discord is not running
2026-09-30T16:38:19.583997Z  INFO faf_app::infra::ice_java: ICE negotiation state remote_player=449410 state="gathering"
2026-09-30T16:38:21.413617Z  INFO faf_app::infra::ice_java: ICE negotiation state remote_player=135128 state="gathering"
2026-09-30T16:38:21.833045Z  INFO faf_app::infra::ice_java: ICE negotiation state remote_player=449410 state="awaitingCandidates"
2026-09-30T16:38:23.678804Z  INFO faf_app::infra::ice_java: ICE negotiation state remote_player=135128 state="awaitingCandidates"
2026-09-30T16:38:27.839414Z  INFO faf_app::infra::ice_java: ICE negotiation state remote_player=449410 state="disconnected"
2026-09-30T16:38:29.684161Z  INFO faf_app::infra::ice_java: ICE negotiation state remote_player=135128 state="disconnected"
2026-09-30T16:38:32.855315Z  INFO faf_app::infra::ice_java: ICE negotiation state remote_player=449410 state="gathering"
2026-09-30T16:38:32.870301Z  WARN faf_app::infra::discord: Discord rich presence disconnected reason=Discord is not running
2026-09-30T16:38:34.698565Z  INFO faf_app::infra::ice_java: ICE negotiation state remote_player=135128 state="gathering"
2026-09-30T16:38:35.114753Z  INFO faf_app::infra::ice_java: ICE negotiation state remote_player=449410 state="awaitingCandidates"
2026-09-30T16:38:36.958820Z  INFO faf_app::infra::ice_java: ICE negotiation state remote_player=135128 state="awaitingCandidates"
2026-09-30T16:38:41.130108Z  INFO faf_app::infra::ice_java: ICE negotiation state remote_player=449410 state="disconnected"
2026-09-30T16:38:42.966472Z  INFO faf_app::infra::ice_java: ICE negotiation state remote_player=135128 state="disconnected"
2026-09-30T16:38:46.133237Z  INFO faf_app::infra::ice_java: ICE negotiation state remote_player=449410 state="gathering"
2026-09-30T16:38:47.873055Z  WARN faf_app::infra::discord: Discord rich presence disconnected reason=Discord is not running
2026-09-30T16:38:47.982859Z  INFO faf_app::infra::ice_java: ICE negotiation state remote_player=135128 state="gathering"
2026-09-30T16:38:48.368338Z  INFO faf_app::infra::ice_java: ICE negotiation state remote_player=449410 state="awaitingCandidates"
2026-09-30T16:38:50.250012Z  INFO faf_app::infra::ice_java: ICE negotiation state remote_player=135128 state="awaitingCandidates"
2026-09-30T16:38:54.382553Z  INFO faf_app::infra::ice_java: ICE negotiation state remote_player=449410 state="disconnected"
2026-09-30T16:38:56.262442Z  INFO faf_app::infra::ice_java: ICE negotiation state remote_player=135128 state="disconnected"
2026-09-30T16:38:59.394532Z  INFO faf_app::infra::ice_java: ICE negotiation state remote_player=449410 state="gathering"
2026-09-30T16:39:01.271197Z  INFO faf_app::infra::ice_java: ICE negotiation state remote_player=135128 state="gathering"
2026-09-30T16:39:01.627973Z  INFO faf_app::infra::ice_java: ICE negotiation state remote_player=449410 state="awaitingCandidates"
2026-09-30T16:39:02.886598Z  WARN faf_app::infra::discord: Discord rich presence disconnected reason=Discord is not running
2026-09-30T16:39:03.509397Z  INFO faf_app::infra::ice_java: ICE negotiation state remote_player=135128 state="awaitingCandidates"
2026-09-30T16:39:07.637482Z  INFO faf_app::infra::ice_java: ICE negotiation state remote_player=449410 state="disconnected"
2026-09-30T16:39:09.513247Z  INFO faf_app::infra::ice_java: ICE negotiation state remote_player=135128 state="disconnected"
2026-09-30T16:39:12.653842Z  INFO faf_app::infra::ice_java: ICE negotiation state remote_player=449410 state="gathering"
2026-09-30T16:39:14.531484Z  INFO faf_app::infra::ice_java: ICE negotiation state remote_player=135128 state="gathering"
2026-09-30T16:39:14.890466Z  INFO faf_app::infra::ice_java: ICE negotiation state remote_player=449410 state="awaitingCandidates"
2026-09-30T16:39:16.778806Z  INFO faf_app::infra::ice_java: ICE negotiation state remote_player=135128 state="awaitingCandidates"
2026-09-30T16:39:17.890886Z  WARN faf_app::infra::discord: Discord rich presence disconnected reason=Discord is not running
2026-09-30T16:39:20.893554Z  INFO faf_app::infra::ice_java: ICE negotiation state remote_player=449410 state="disconnected"
2026-09-30T16:39:22.787758Z  INFO faf_app::infra::ice_java: ICE negotiation state remote_player=135128 state="disconnected"
2026-09-30T16:39:25.896248Z  INFO faf_app::infra::ice_java: ICE negotiation state remote_player=449410 state="gathering"
2026-09-30T16:39:27.803226Z  INFO faf_app::infra::ice_java: ICE negotiation state remote_player=135128 state="gathering"
2026-09-30T16:39:28.147292Z  INFO faf_app::infra::ice_java: ICE negotiation state remote_player=449410 state="awaitingCandidates"
2026-09-30T16:39:30.037428Z  INFO faf_app::infra::ice_java: ICE negotiation state remote_player=135128 state="awaitingCandidates"
2026-09-30T16:39:32.901940Z  WARN faf_app::infra::discord: Discord rich presence disconnected reason=Discord is not running
2026-09-30T16:39:34.149368Z  INFO faf_app::infra::ice_java: ICE negotiation state remote_player=449410 state="disconnected"
2026-09-30T16:39:36.041018Z  INFO faf_app::infra::ice_java: ICE negotiation state remote_player=135128 state="disconnected"
2026-09-30T16:39:39.156307Z  INFO faf_app::infra::ice_java: ICE negotiation state remote_player=449410 state="gathering"
2026-09-30T16:39:41.048834Z  INFO faf_app::infra::ice_java: ICE negotiation state remote_player=135128 state="gathering"
2026-09-30T16:39:41.407536Z  INFO faf_app::infra::ice_java: ICE negotiation state remote_player=449410 state="awaitingCandidates"
2026-09-30T16:39:43.286422Z  INFO faf_app::infra::ice_java: ICE negotiation state remote_player=135128 state="awaitingCandidates"
2026-09-30T16:39:47.411673Z  INFO faf_app::infra::ice_java: ICE negotiation state remote_player=449410 state="disconnected"
2026-09-30T16:39:47.907927Z  WARN faf_app::infra::discord: Discord rich presence disconnected reason=Discord is not running
2026-09-30T16:39:49.293484Z  INFO faf_app::infra::ice_java: ICE negotiation state remote_player=135128 state="disconnected"
2026-09-30T16:39:52.425847Z  INFO faf_app::infra::ice_java: ICE negotiation state remote_player=449410 state="gathering"
2026-09-30T16:39:54.309186Z  INFO faf_app::infra::ice_java: ICE negotiation state remote_player=135128 state="gathering"
2026-09-30T16:39:54.681107Z  INFO faf_app::infra::ice_java: ICE negotiation state remote_player=449410 state="awaitingCandidates"
2026-09-30T16:39:56.558146Z  INFO faf_app::infra::ice_java: ICE negotiation state remote_player=135128 state="awaitingCandidates"
2026-09-30T16:40:00.687230Z  INFO faf_app::infra::ice_java: ICE negotiation state remote_player=449410 state="disconnected"
2026-09-30T16:40:02.571394Z  INFO faf_app::infra::ice_java: ICE negotiation state remote_player=135128 state="disconnected"
2026-09-30T16:40:02.909522Z  WARN faf_app::infra::discord: Discord rich presence disconnected reason=Discord is not running
2026-09-30T16:40:05.692227Z  INFO faf_app::infra::ice_java: ICE negotiation state remote_player=449410 state="gathering"
2026-09-30T16:40:07.585742Z  INFO faf_app::infra::ice_java: ICE negotiation state remote_player=135128 state="gathering"
2026-09-30T16:40:07.944466Z  INFO faf_app::infra::ice_java: ICE negotiation state remote_player=449410 state="awaitingCandidates"
2026-09-30T16:40:09.837044Z  INFO faf_app::infra::ice_java: ICE negotiation state remote_player=135128 state="awaitingCandidates"
2026-09-30T16:40:13.950623Z  INFO faf_app::infra::ice_java: ICE negotiation state remote_player=449410 state="disconnected"
2026-09-30T16:40:15.849260Z  INFO faf_app::infra::ice_java: ICE negotiation state remote_player=135128 state="disconnected"
2026-09-30T16:40:17.916000Z  WARN faf_app::infra::discord: Discord rich presence disconnected reason=Discord is not running
2026-09-30T16:40:18.956057Z  INFO faf_app::infra::ice_java: ICE negotiation state remote_player=449410 state="gathering"
2026-09-30T16:40:20.867546Z  INFO faf_app::infra::ice_java: ICE negotiation state remote_player=135128 state="gathering"
2026-09-30T16:40:21.208372Z  INFO faf_app::infra::ice_java: ICE negotiation state remote_player=449410 state="awaitingCandidates"
2026-09-30T16:40:23.101566Z  INFO faf_app::infra::ice_java: ICE negotiation state remote_player=135128 state="awaitingCandidates"
2026-09-30T16:40:27.216436Z  INFO faf_app::infra::ice_java: ICE negotiation state remote_player=449410 state="disconnected"
2026-09-30T16:40:29.115225Z  INFO faf_app::infra::ice_java: ICE negotiation state remote_player=135128 state="disconnected"
2026-09-30T16:40:32.233841Z  INFO faf_app::infra::ice_java: ICE negotiation state remote_player=449410 state="gathering"
2026-09-30T16:40:32.931044Z  WARN faf_app::infra::discord: Discord rich presence disconnected reason=Discord is not running
2026-09-30T16:40:34.129244Z  INFO faf_app::infra::ice_java: ICE negotiation state remote_player=135128 state="gathering"
2026-09-30T16:40:34.469737Z  INFO faf_app::infra::ice_java: ICE negotiation state remote_player=449410 state="awaitingCandidates"
2026-09-30T16:40:36.364694Z  INFO faf_app::infra::ice_java: ICE negotiation state remote_player=135128 state="awaitingCandidates"
2026-09-30T16:40:40.473493Z  INFO faf_app::infra::ice_java: ICE negotiation state remote_player=449410 state="disconnected"
2026-09-30T16:40:42.365842Z  INFO faf_app::infra::ice_java: ICE negotiation state remote_player=135128 state="disconnected"
2026-09-30T16:40:45.482590Z  INFO faf_app::infra::ice_java: ICE negotiation state remote_player=449410 state="gathering"
2026-09-30T16:40:47.375241Z  INFO faf_app::infra::ice_java: ICE negotiation state remote_player=135128 state="gathering"
2026-09-30T16:40:47.730970Z  INFO faf_app::infra::ice_java: ICE negotiation state remote_player=449410 state="awaitingCandidates"
2026-09-30T16:40:47.933015Z  WARN faf_app::infra::discord: Discord rich presence disconnected reason=Discord is not running
2026-09-30T16:40:49.625801Z  INFO faf_app::infra::ice_java: ICE negotiation state remote_player=135128 state="awaitingCandidates"
2026-09-30T16:40:53.747159Z  INFO faf_app::infra::ice_java: ICE negotiation state remote_player=449410 state="disconnected"
2026-09-30T16:40:55.641353Z  INFO faf_app::infra::ice_java: ICE negotiation state remote_player=135128 state="disconnected"
2026-09-30T16:40:58.760719Z  INFO faf_app::infra::ice_java: ICE negotiation state remote_player=449410 state="gathering"
2026-09-30T16:41:00.650165Z  INFO faf_app::infra::ice_java: ICE negotiation state remote_player=135128 state="gathering"
2026-09-30T16:41:01.037867Z  INFO faf_app::infra::ice_java: ICE negotiation state remote_player=449410 state="awaitingCandidates"
2026-09-30T16:41:02.890432Z  INFO faf_app::infra::ice_java: ICE negotiation state remote_player=135128 state="awaitingCandidates"
2026-09-30T16:41:02.934652Z  WARN faf_app::infra::discord: Discord rich presence disconnected reason=Discord is not running
2026-09-30T16:41:07.040161Z  INFO faf_app::infra::ice_java: ICE negotiation state remote_player=449410 state="disconnected"
2026-09-30T16:41:08.900012Z  INFO faf_app::infra::ice_java: ICE negotiation state remote_player=135128 state="disconnected"
2026-09-30T16:41:12.055568Z  INFO faf_app::infra::ice_java: ICE negotiation state remote_player=449410 state="gathering"
2026-09-30T16:41:13.915217Z  INFO faf_app::infra::ice_java: ICE negotiation state remote_player=135128 state="gathering"
2026-09-30T16:41:14.316591Z  INFO faf_app::infra::ice_java: ICE negotiation state remote_player=449410 state="awaitingCandidates"
2026-09-30T16:41:16.164639Z  INFO faf_app::infra::ice_java: ICE negotiation state remote_player=135128 state="awaitingCandidates"
2026-09-30T16:41:17.949222Z  WARN faf_app::infra::discord: Discord rich presence disconnected reason=Discord is not running
2026-09-30T16:41:20.320050Z  INFO faf_app::infra::ice_java: ICE negotiation state remote_player=449410 state="disconnected"
2026-09-30T16:41:22.178214Z  INFO faf_app::infra::ice_java: ICE negotiation state remote_player=135128 state="disconnected"
2026-09-30T16:41:25.323341Z  INFO faf_app::infra::ice_java: ICE negotiation state remote_player=449410 state="gathering"
2026-09-30T16:41:27.188549Z  INFO faf_app::infra::ice_java: ICE negotiation state remote_player=135128 state="gathering"
2026-09-30T16:41:27.560954Z  INFO faf_app::infra::ice_java: ICE negotiation state remote_player=449410 state="awaitingCandidates"
2026-09-30T16:41:29.437902Z  INFO faf_app::infra::ice_java: ICE negotiation state remote_player=135128 state="awaitingCandidates"
2026-09-30T16:41:32.963829Z  WARN faf_app::infra::discord: Discord rich presence disconnected reason=Discord is not running
2026-09-30T16:41:33.574125Z  INFO faf_app::infra::ice_java: ICE negotiation state remote_player=449410 state="disconnected"
2026-09-30T16:41:35.443260Z  INFO faf_app::infra::ice_java: ICE negotiation state remote_player=135128 state="disconnected"
2026-09-30T16:41:38.592428Z  INFO faf_app::infra::ice_java: ICE negotiation state remote_player=449410 state="gathering"
2026-09-30T16:41:40.449857Z  INFO faf_app::infra::ice_java: ICE negotiation state remote_player=135128 state="gathering"
2026-09-30T16:41:40.837918Z  INFO faf_app::infra::ice_java: ICE negotiation state remote_player=449410 state="awaitingCandidates"
2026-09-30T16:41:42.696942Z  INFO faf_app::infra::ice_java: ICE negotiation state remote_player=135128 state="awaitingCandidates"
2026-09-30T16:41:46.850008Z  INFO faf_app::infra::ice_java: ICE negotiation state remote_player=449410 state="disconnected"
2026-09-30T16:41:47.972987Z  WARN faf_app::infra::discord: Discord rich presence disconnected reason=Discord is not running
2026-09-30T16:41:48.698951Z  INFO faf_app::infra::ice_java: ICE negotiation state remote_player=135128 state="disconnected"
2026-09-30T16:41:51.865528Z  INFO faf_app::infra::ice_java: ICE negotiation state remote_player=449410 state="gathering"
2026-09-30T16:41:53.709900Z  INFO faf_app::infra::ice_java: ICE negotiation state remote_player=135128 state="gathering"
2026-09-30T16:41:54.095284Z  INFO faf_app::infra::ice_java: ICE negotiation state remote_player=449410 state="awaitingCandidates"
2026-09-30T16:41:55.956434Z  INFO faf_app::infra::ice_java: ICE negotiation state remote_player=135128 state="awaitingCandidates"
2026-09-30T16:42:00.099072Z  INFO faf_app::infra::ice_java: ICE negotiation state remote_player=449410 state="disconnected"
2026-09-30T16:42:01.963272Z  INFO faf_app::infra::ice_java: ICE negotiation state remote_player=135128 state="disconnected"
2026-09-30T16:42:02.974808Z  WARN faf_app::infra::discord: Discord rich presence disconnected reason=Discord is not running
2026-09-30T16:42:05.103537Z  INFO faf_app::infra::ice_java: ICE negotiation state remote_player=449410 state="gathering"
2026-09-30T16:42:06.966944Z  INFO faf_app::infra::ice_java: ICE negotiation state remote_player=135128 state="gathering"
2026-09-30T16:42:07.355334Z  INFO faf_app::infra::ice_java: ICE negotiation state remote_player=449410 state="awaitingCandidates"
2026-09-30T16:42:09.203670Z  INFO faf_app::infra::ice_java: ICE negotiation state remote_player=135128 state="awaitingCandidates"
2026-09-30T16:42:13.356544Z  INFO faf_app::infra::ice_java: ICE negotiation state remote_player=449410 state="disconnected"
2026-09-30T16:42:15.219881Z  INFO faf_app::infra::ice_java: ICE negotiation state remote_player=135128 state="disconnected"
2026-09-30T16:42:17.984075Z  WARN faf_app::infra::discord: Discord rich presence disconnected reason=Discord is not running
2026-09-30T16:42:18.371989Z  INFO faf_app::infra::ice_java: ICE negotiation state remote_player=449410 state="gathering"
2026-09-30T16:42:20.235072Z  INFO faf_app::infra::ice_java: ICE negotiation state remote_player=135128 state="gathering"
2026-09-30T16:42:20.607644Z  INFO faf_app::infra::ice_java: ICE negotiation state remote_player=449410 state="awaitingCandidates"
2026-09-30T16:42:22.480026Z  INFO faf_app::infra::ice_java: ICE negotiation state remote_player=135128 state="awaitingCandidates"
2026-09-30T16:42:26.617102Z  INFO faf_app::infra::ice_java: ICE negotiation state remote_player=449410 state="disconnected"
2026-09-30T16:42:28.489718Z  INFO faf_app::infra::ice_java: ICE negotiation state remote_player=135128 state="disconnected"
2026-09-30T16:42:31.631641Z  INFO faf_app::infra::ice_java: ICE negotiation state remote_player=449410 state="gathering"
2026-09-30T16:42:32.999214Z  WARN faf_app::infra::discord: Discord rich presence disconnected reason=Discord is not running
2026-09-30T16:42:33.498760Z  INFO faf_app::infra::ice_java: ICE negotiation state remote_player=135128 state="gathering"
2026-09-30T16:42:33.869367Z  INFO faf_app::infra::ice_java: ICE negotiation state remote_player=449410 state="awaitingCandidates"
2026-09-30T16:42:35.745303Z  INFO faf_app::infra::ice_java: ICE negotiation state remote_player=135128 state="awaitingCandidates"
2026-09-30T16:42:39.874781Z  INFO faf_app::infra::ice_java: ICE negotiation state remote_player=449410 state="disconnected"
2026-09-30T16:42:41.750152Z  INFO faf_app::infra::ice_java: ICE negotiation state remote_player=135128 state="disconnected"
2026-09-30T16:42:44.878995Z  INFO faf_app::infra::ice_java: ICE negotiation state remote_player=449410 state="gathering"
2026-09-30T16:42:46.761838Z  INFO faf_app::infra::ice_java: ICE negotiation state remote_player=135128 state="gathering"
2026-09-30T16:42:47.134576Z  INFO faf_app::infra::ice_java: ICE negotiation state remote_player=449410 state="awaitingCandidates"
2026-09-30T16:42:48.002756Z  WARN faf_app::infra::discord: Discord rich presence disconnected reason=Discord is not running
2026-09-30T16:42:49.016795Z  INFO faf_app::infra::ice_java: ICE negotiation state remote_player=135128 state="awaitingCandidates"
2026-09-30T16:42:53.148648Z  INFO faf_app::infra::ice_java: ICE negotiation state remote_player=449410 state="disconnected"
2026-09-30T16:42:55.025535Z  INFO faf_app::infra::ice_java: ICE negotiation state remote_player=135128 state="disconnected"
2026-09-30T16:42:58.163515Z  INFO faf_app::infra::ice_java: ICE negotiation state remote_player=449410 state="gathering"
2026-09-30T16:43:00.043605Z  INFO faf_app::infra::ice_java: ICE negotiation state remote_player=135128 state="gathering"
2026-09-30T16:43:00.400990Z  INFO faf_app::infra::ice_java: ICE negotiation state remote_player=449410 state="awaitingCandidates"
2026-09-30T16:43:02.299129Z  INFO faf_app::infra::ice_java: ICE negotiation state remote_player=135128 state="awaitingCandidates"
2026-09-30T16:43:03.016518Z  WARN faf_app::infra::discord: Discord rich presence disconnected reason=Discord is not running
2026-09-30T16:43:06.414721Z  INFO faf_app::infra::ice_java: ICE negotiation state remote_player=449410 state="disconnected"
2026-09-30T16:43:08.310100Z  INFO faf_app::infra::ice_java: ICE negotiation state remote_player=135128 state="disconnected"
2026-09-30T16:43:11.423544Z  INFO faf_app::infra::ice_java: ICE negotiation state remote_player=449410 state="gathering"
2026-09-30T16:43:13.319220Z  INFO faf_app::infra::ice_java: ICE negotiation state remote_player=135128 state="gathering"
2026-09-30T16:43:13.658354Z  INFO faf_app::infra::ice_java: ICE negotiation state remote_player=449410 state="awaitingCandidates"
2026-09-30T16:43:15.569581Z  INFO faf_app::infra::ice_java: ICE negotiation state remote_player=135128 state="awaitingCandidates"
2026-09-30T16:43:18.023154Z  WARN faf_app::infra::discord: Discord rich presence disconnected reason=Discord is not running
2026-09-30T16:43:19.671046Z  INFO faf_app::infra::ice_java: ICE negotiation state remote_player=449410 state="disconnected"
2026-09-30T16:43:21.579655Z  INFO faf_app::infra::ice_java: ICE negotiation state remote_player=135128 state="disconnected"
2026-09-30T16:43:24.682843Z  INFO faf_app::infra::ice_java: ICE negotiation state remote_player=449410 state="gathering"
2026-09-30T16:43:26.596788Z  INFO faf_app::infra::ice_java: ICE negotiation state remote_player=135128 state="gathering"
2026-09-30T16:43:26.920238Z  INFO faf_app::infra::ice_java: ICE negotiation state remote_player=449410 state="awaitingCandidates"
2026-09-30T16:43:28.860900Z  INFO faf_app::infra::ice_java: ICE negotiation state remote_player=135128 state="awaitingCandidates"
2026-09-30T16:43:32.929283Z  INFO faf_app::infra::ice_java: ICE negotiation state remote_player=449410 state="disconnected"
2026-09-30T16:43:33.037395Z  WARN faf_app::infra::discord: Discord rich presence disconnected reason=Discord is not running
2026-09-30T16:43:34.873353Z  INFO faf_app::infra::ice_java: ICE negotiation state remote_player=135128 state="disconnected"
2026-09-30T16:43:37.942323Z  INFO faf_app::infra::ice_java: ICE negotiation state remote_player=449410 state="gathering"
2026-09-30T16:43:39.887525Z  INFO faf_app::infra::ice_java: ICE negotiation state remote_player=135128 state="gathering"
2026-09-30T16:43:40.196594Z  INFO faf_app::infra::ice_java: ICE negotiation state remote_player=449410 state="awaitingCandidates"
2026-09-30T16:43:42.136964Z  INFO faf_app::infra::ice_java: ICE negotiation state remote_player=135128 state="awaitingCandidates"
2026-09-30T16:43:46.210081Z  INFO faf_app::infra::ice_java: ICE negotiation state remote_player=449410 state="disconnected"
2026-09-30T16:43:48.038700Z  WARN faf_app::infra::discord: Discord rich presence disconnected reason=Discord is not running
2026-09-30T16:43:48.148232Z  INFO faf_app::infra::ice_java: ICE negotiation state remote_player=135128 state="disconnected"
2026-09-30T16:43:51.221510Z  INFO faf_app::infra::ice_java: ICE negotiation state remote_player=449410 state="gathering"
2026-09-30T16:43:53.164168Z  INFO faf_app::infra::ice_java: ICE negotiation state remote_player=135128 state="gathering"
2026-09-30T16:43:53.474477Z  INFO faf_app::infra::ice_java: ICE negotiation state remote_player=449410 state="awaitingCandidates"
2026-09-30T16:43:55.436708Z  INFO faf_app::infra::ice_java: ICE negotiation state remote_player=135128 state="awaitingCandidates"
2026-09-30T16:43:59.489398Z  INFO faf_app::infra::ice_java: ICE negotiation state remote_player=449410 state="disconnected"
2026-09-30T16:44:01.439916Z  INFO faf_app::infra::ice_java: ICE negotiation state remote_player=135128 state="disconnected"
2026-09-30T16:44:03.054579Z  WARN faf_app::infra::discord: Discord rich presence disconnected reason=Discord is not running
2026-09-30T16:44:04.503008Z  INFO faf_app::infra::ice_java: ICE negotiation state remote_player=449410 state="gathering"
2026-09-30T16:44:06.452466Z  INFO faf_app::infra::ice_java: ICE negotiation state remote_player=135128 state="gathering"
2026-09-30T16:44:06.778626Z  INFO faf_app::infra::ice_java: ICE negotiation state remote_player=449410 state="awaitingCandidates"
2026-09-30T16:44:08.714746Z  INFO faf_app::infra::ice_java: ICE negotiation state remote_player=135128 state="awaitingCandidates"
2026-09-30T16:44:12.779435Z  INFO faf_app::infra::ice_java: ICE negotiation state remote_player=449410 state="disconnected"
2026-09-30T16:44:14.719805Z  INFO faf_app::infra::ice_java: ICE negotiation state remote_player=135128 state="disconnected"
2026-09-30T16:44:17.791988Z  INFO faf_app::infra::ice_java: ICE negotiation state remote_player=449410 state="gathering"
2026-09-30T16:44:18.056350Z  WARN faf_app::infra::discord: Discord rich presence disconnected reason=Discord is not running
2026-09-30T16:44:19.732587Z  INFO faf_app::infra::ice_java: ICE negotiation state remote_player=135128 state="gathering"
2026-09-30T16:44:20.027436Z  INFO faf_app::infra::ice_java: ICE negotiation state remote_player=449410 state="awaitingCandidates"
2026-09-30T16:44:21.985470Z  INFO faf_app::infra::ice_java: ICE negotiation state remote_player=135128 state="awaitingCandidates"
2026-09-30T16:44:26.039585Z  INFO faf_app::infra::ice_java: ICE negotiation state remote_player=449410 state="disconnected"
2026-09-30T16:44:27.997338Z  INFO faf_app::infra::ice_java: ICE negotiation state remote_player=135128 state="disconnected"
2026-09-30T16:44:31.050492Z  INFO faf_app::infra::ice_java: ICE negotiation state remote_player=449410 state="gathering"
2026-09-30T16:44:33.004488Z  INFO faf_app::infra::ice_java: ICE negotiation state remote_player=135128 state="gathering"
2026-09-30T16:44:33.066113Z  WARN faf_app::infra::discord: Discord rich presence disconnected reason=Discord is not running
2026-09-30T16:44:33.298640Z  INFO faf_app::infra::ice_java: ICE negotiation state remote_player=449410 state="awaitingCandidates"
2026-09-30T16:44:35.270451Z  INFO faf_app::infra::ice_java: ICE negotiation state remote_player=135128 state="awaitingCandidates"
2026-09-30T16:44:39.304404Z  INFO faf_app::infra::ice_java: ICE negotiation state remote_player=449410 state="disconnected"
2026-09-30T16:44:41.286259Z  INFO faf_app::infra::ice_java: ICE negotiation state remote_player=135128 state="disconnected"
2026-09-30T16:44:44.311157Z  INFO faf_app::infra::ice_java: ICE negotiation state remote_player=449410 state="gathering"
2026-09-30T16:44:46.301712Z  INFO faf_app::infra::ice_java: ICE negotiation state remote_player=135128 state="gathering"
2026-09-30T16:44:46.565120Z  INFO faf_app::infra::ice_java: ICE negotiation state remote_player=449410 state="awaitingCandidates"
2026-09-30T16:44:48.069793Z  WARN faf_app::infra::discord: Discord rich presence disconnected reason=Discord is not running
2026-09-30T16:44:48.534722Z  INFO faf_app::infra::ice_java: ICE negotiation state remote_player=135128 state="awaitingCandidates"
2026-09-30T16:44:52.573142Z  INFO faf_app::infra::ice_java: ICE negotiation state remote_player=449410 state="disconnected"
2026-09-30T16:44:54.547500Z  INFO faf_app::infra::ice_java: ICE negotiation state remote_player=135128 state="disconnected"
2026-09-30T16:44:57.577127Z  INFO faf_app::infra::ice_java: ICE negotiation state remote_player=449410 state="gathering"
2026-09-30T16:44:59.561459Z  INFO faf_app::infra::ice_java: ICE negotiation state remote_player=135128 state="gathering"
2026-09-30T16:44:59.826722Z  INFO faf_app::infra::ice_java: ICE negotiation state remote_player=449410 state="awaitingCandidates"
2026-09-30T16:45:01.802118Z  INFO faf_app::infra::ice_java: ICE negotiation state remote_player=135128 state="awaitingCandidates"
2026-09-30T16:45:03.071584Z  WARN faf_app::infra::discord: Discord rich presence disconnected reason=Discord is not running
2026-09-30T16:45:05.840144Z  INFO faf_app::infra::ice_java: ICE negotiation state remote_player=449410 state="disconnected"
2026-09-30T16:45:07.815436Z  INFO faf_app::infra::ice_java: ICE negotiation state remote_player=135128 state="disconnected"
2026-09-30T16:45:10.854870Z  INFO faf_app::infra::ice_java: ICE negotiation state remote_player=449410 state="gathering"
2026-09-30T16:45:12.821315Z  INFO faf_app::infra::ice_java: ICE negotiation state remote_player=135128 state="gathering"
2026-09-30T16:45:13.099604Z  INFO faf_app::infra::ice_java: ICE negotiation state remote_player=449410 state="awaitingCandidates"
2026-09-30T16:45:15.074525Z  INFO faf_app::infra::ice_java: ICE negotiation state remote_player=135128 state="awaitingCandidates"
2026-09-30T16:45:18.077383Z  WARN faf_app::infra::discord: Discord rich presence disconnected reason=Discord is not running
2026-09-30T16:45:19.112672Z  INFO faf_app::infra::ice_java: ICE negotiation state remote_player=449410 state="disconnected"
2026-09-30T16:45:21.084715Z  INFO faf_app::infra::ice_java: ICE negotiation state remote_player=135128 state="disconnected"
2026-09-30T16:45:24.125819Z  INFO faf_app::infra::ice_java: ICE negotiation state remote_player=449410 state="gathering"
2026-09-30T16:45:26.098274Z  INFO faf_app::infra::ice_java: ICE negotiation state remote_player=135128 state="gathering"
2026-09-30T16:45:26.361038Z  INFO faf_app::infra::ice_java: ICE negotiation state remote_player=449410 state="awaitingCandidates"
2026-09-30T16:45:28.367580Z  INFO faf_app::infra::ice_java: ICE negotiation state remote_player=135128 state="awaitingCandidates"
2026-09-30T16:45:32.369724Z  INFO faf_app::infra::ice_java: ICE negotiation state remote_player=449410 state="disconnected"
2026-09-30T16:45:33.086210Z  WARN faf_app::infra::discord: Discord rich presence disconnected reason=Discord is not running
2026-09-30T16:45:34.374069Z  INFO faf_app::infra::ice_java: ICE negotiation state remote_player=135128 state="disconnected"
2026-09-30T16:45:37.374298Z  INFO faf_app::infra::ice_java: ICE negotiation state remote_player=449410 state="gathering"
2026-09-30T16:45:39.390862Z  INFO faf_app::infra::ice_java: ICE negotiation state remote_player=135128 state="gathering"
2026-09-30T16:45:39.622854Z  INFO faf_app::infra::ice_java: ICE negotiation state remote_player=449410 state="awaitingCandidates"
2026-09-30T16:45:41.632840Z  INFO faf_app::infra::ice_java: ICE negotiation state remote_player=135128 state="awaitingCandidates"
2026-09-30T16:45:45.635856Z  INFO faf_app::infra::ice_java: ICE negotiation state remote_player=449410 state="disconnected"
2026-09-30T16:45:47.635365Z  INFO faf_app::infra::ice_java: ICE negotiation state remote_player=135128 state="disconnected"
2026-09-30T16:45:48.100037Z  WARN faf_app::infra::discord: Discord rich presence disconnected reason=Discord is not running
2026-09-30T16:45:50.642815Z  INFO faf_app::infra::ice_java: ICE negotiation state remote_player=449410 state="gathering"
2026-09-30T16:45:52.647561Z  INFO faf_app::infra::ice_java: ICE negotiation state remote_player=135128 state="gathering"
2026-09-30T16:45:52.895650Z  INFO faf_app::infra::ice_java: ICE negotiation state remote_player=449410 state="awaitingCandidates"
2026-09-30T16:45:54.898822Z  INFO faf_app::infra::ice_java: ICE negotiation state remote_player=135128 state="awaitingCandidates"
2026-09-30T16:45:58.898626Z  INFO faf_app::infra::ice_java: ICE negotiation state remote_player=449410 state="disconnected"
2026-09-30T16:46:00.912824Z  INFO faf_app::infra::ice_java: ICE negotiation state remote_player=135128 state="disconnected"
2026-09-30T16:46:03.102212Z  WARN faf_app::infra::discord: Discord rich presence disconnected reason=Discord is not running
2026-09-30T16:46:03.909466Z  INFO faf_app::infra::ice_java: ICE negotiation state remote_player=449410 state="gathering"
2026-09-30T16:46:05.930615Z  INFO faf_app::infra::ice_java: ICE negotiation state remote_player=135128 state="gathering"
2026-09-30T16:46:06.145239Z  INFO faf_app::infra::ice_java: ICE negotiation state remote_player=449410 state="awaitingCandidates"
2026-09-30T16:46:08.178593Z  INFO faf_app::infra::ice_java: ICE negotiation state remote_player=135128 state="awaitingCandidates"
2026-09-30T16:46:12.160541Z  INFO faf_app::infra::ice_java: ICE negotiation state remote_player=449410 state="disconnected"
2026-09-30T16:46:14.189486Z  INFO faf_app::infra::ice_java: ICE negotiation state remote_player=135128 state="disconnected"
2026-09-30T16:46:17.177659Z  INFO faf_app::infra::ice_java: ICE negotiation state remote_player=449410 state="gathering"
2026-09-30T16:46:18.106703Z  WARN faf_app::infra::discord: Discord rich presence disconnected reason=Discord is not running
2026-09-30T16:46:19.196309Z  INFO faf_app::infra::ice_java: ICE negotiation state remote_player=135128 state="gathering"
2026-09-30T16:46:19.427588Z  INFO faf_app::infra::ice_java: ICE negotiation state remote_player=449410 state="awaitingCandidates"
2026-09-30T16:46:21.456158Z  INFO faf_app::infra::ice_java: ICE negotiation state remote_player=135128 state="awaitingCandidates"
2026-09-30T16:46:25.441605Z  INFO faf_app::infra::ice_java: ICE negotiation state remote_player=449410 state="disconnected"
2026-09-30T16:46:27.460283Z  INFO faf_app::infra::ice_java: ICE negotiation state remote_player=135128 state="disconnected"
2026-09-30T16:46:30.458234Z  INFO faf_app::infra::ice_java: ICE negotiation state remote_player=449410 state="gathering"
2026-09-30T16:46:32.464166Z  INFO faf_app::infra::ice_java: ICE negotiation state remote_player=135128 state="gathering"
2026-09-30T16:46:32.695754Z  INFO faf_app::infra::ice_java: ICE negotiation state remote_player=449410 state="awaitingCandidates"
2026-09-30T16:46:33.109262Z  WARN faf_app::infra::discord: Discord rich presence disconnected reason=Discord is not running
2026-09-30T16:46:34.743830Z  INFO faf_app::infra::ice_java: ICE negotiation state remote_player=135128 state="awaitingCandidates"
2026-09-30T16:46:38.699921Z  INFO faf_app::infra::ice_java: ICE negotiation state remote_player=449410 state="disconnected"
2026-09-30T16:46:40.759411Z  INFO faf_app::infra::ice_java: ICE negotiation state remote_player=135128 state="disconnected"
2026-09-30T16:46:43.705902Z  INFO faf_app::infra::ice_java: ICE negotiation state remote_player=449410 state="gathering"
2026-09-30T16:46:45.768101Z  INFO faf_app::infra::ice_java: ICE negotiation state remote_player=135128 state="gathering"
2026-09-30T16:46:45.953752Z  INFO faf_app::infra::ice_java: ICE negotiation state remote_player=449410 state="awaitingCandidates"
2026-09-30T16:46:48.017977Z  INFO faf_app::infra::ice_java: ICE negotiation state remote_player=135128 state="awaitingCandidates"
2026-09-30T16:46:48.110208Z  WARN faf_app::infra::discord: Discord rich presence disconnected reason=Discord is not running
2026-09-30T16:46:51.958875Z  INFO faf_app::infra::ice_java: ICE negotiation state remote_player=449410 state="disconnected"
2026-09-30T16:46:54.026507Z  INFO faf_app::infra::ice_java: ICE negotiation state remote_player=135128 state="disconnected"
2026-09-30T16:46:56.973760Z  INFO faf_app::infra::ice_java: ICE negotiation state remote_player=449410 state="gathering"
2026-09-30T16:46:59.033525Z  INFO faf_app::infra::ice_java: ICE negotiation state remote_player=135128 state="gathering"
2026-09-30T16:46:59.217450Z  INFO faf_app::infra::ice_java: ICE negotiation state remote_player=449410 state="awaitingCandidates"
2026-09-30T16:47:01.287797Z  INFO faf_app::infra::ice_java: ICE negotiation state remote_player=135128 state="awaitingCandidates"
2026-09-30T16:47:03.115961Z  WARN faf_app::infra::discord: Discord rich presence disconnected reason=Discord is not running
2026-09-30T16:47:05.230315Z  INFO faf_app::infra::ice_java: ICE negotiation state remote_player=449410 state="disconnected"
2026-09-30T16:47:07.295962Z  INFO faf_app::infra::ice_java: ICE negotiation state remote_player=135128 state="disconnected"
2026-09-30T16:47:10.237298Z  INFO faf_app::infra::ice_java: ICE negotiation state remote_player=449410 state="gathering"
2026-09-30T16:47:12.307974Z  INFO faf_app::infra::ice_java: ICE negotiation state remote_player=135128 state="gathering"
2026-09-30T16:47:12.461739Z  INFO faf_app::infra::ice_java: ICE negotiation state remote_player=449410 state="awaitingCandidates"
2026-09-30T16:47:14.555635Z  INFO faf_app::infra::ice_java: ICE negotiation state remote_player=135128 state="awaitingCandidates"
2026-09-30T16:47:18.132067Z  WARN faf_app::infra::discord: Discord rich presence disconnected reason=Discord is not running
2026-09-30T16:47:18.473885Z  INFO faf_app::infra::ice_java: ICE negotiation state remote_player=449410 state="disconnected"
2026-09-30T16:47:20.564874Z  INFO faf_app::infra::ice_java: ICE negotiation state remote_player=135128 state="disconnected"
2026-09-30T16:47:23.485914Z  INFO faf_app::infra::ice_java: ICE negotiation state remote_player=449410 state="gathering"
2026-09-30T16:47:25.579850Z  INFO faf_app::infra::ice_java: ICE negotiation state remote_player=135128 state="gathering"
2026-09-30T16:47:25.735427Z  INFO faf_app::infra::ice_java: ICE negotiation state remote_player=449410 state="awaitingCandidates"
2026-09-30T16:47:27.827006Z  INFO faf_app::infra::ice_java: ICE negotiation state remote_player=135128 state="awaitingCandidates"
2026-09-30T16:47:31.744621Z  INFO faf_app::infra::ice_java: ICE negotiation state remote_player=449410 state="disconnected"
2026-09-30T16:47:33.136758Z  WARN faf_app::infra::discord: Discord rich presence disconnected reason=Discord is not running
2026-09-30T16:47:33.835382Z  INFO faf_app::infra::ice_java: ICE negotiation state remote_player=135128 state="disconnected"
2026-09-30T16:47:36.753938Z  INFO faf_app::infra::ice_java: ICE negotiation state remote_player=449410 state="gathering"
2026-09-30T16:47:38.840932Z  INFO faf_app::infra::ice_java: ICE negotiation state remote_player=135128 state="gathering"
2026-09-30T16:47:38.994774Z  INFO faf_app::infra::ice_java: ICE negotiation state remote_player=449410 state="awaitingCandidates"
2026-09-30T16:47:41.103806Z  INFO faf_app::infra::ice_java: ICE negotiation state remote_player=135128 state="awaitingCandidates"
2026-09-30T16:47:44.997297Z  INFO faf_app::infra::ice_java: ICE negotiation state remote_player=449410 state="disconnected"
2026-09-30T16:47:47.106201Z  INFO faf_app::infra::ice_java: ICE negotiation state remote_player=135128 state="disconnected"
2026-09-30T16:47:48.145763Z  WARN faf_app::infra::discord: Discord rich presence disconnected reason=Discord is not running
2026-09-30T16:47:50.013306Z  INFO faf_app::infra::ice_java: ICE negotiation state remote_player=449410 state="gathering"
2026-09-30T16:47:52.109954Z  INFO faf_app::infra::ice_java: ICE negotiation state remote_player=135128 state="gathering"
2026-09-30T16:47:52.264839Z  INFO faf_app::infra::ice_java: ICE negotiation state remote_player=449410 state="awaitingCandidates"
2026-09-30T16:47:54.372807Z  INFO faf_app::infra::ice_java: ICE negotiation state remote_player=135128 state="awaitingCandidates"
2026-09-30T16:47:58.270340Z  INFO faf_app::infra::ice_java: ICE negotiation state remote_player=449410 state="disconnected"
2026-09-30T16:48:00.380454Z  INFO faf_app::infra::ice_java: ICE negotiation state remote_player=135128 state="disconnected"
2026-09-30T16:48:03.154267Z  WARN faf_app::infra::discord: Discord rich presence disconnected reason=Discord is not running
2026-09-30T16:48:03.279067Z  INFO faf_app::infra::ice_java: ICE negotiation state remote_player=449410 state="gathering"
2026-09-30T16:48:05.392627Z  INFO faf_app::infra::ice_java: ICE negotiation state remote_player=135128 state="gathering"
2026-09-30T16:48:05.516058Z  INFO faf_app::infra::ice_java: ICE negotiation state remote_player=449410 state="awaitingCandidates"
2026-09-30T16:48:07.653733Z  INFO faf_app::infra::ice_java: ICE negotiation state remote_player=135128 state="awaitingCandidates"
2026-09-30T16:48:11.517610Z  INFO faf_app::infra::ice_java: ICE negotiation state remote_player=449410 state="disconnected"
2026-09-30T16:48:13.654723Z  INFO faf_app::infra::ice_java: ICE negotiation state remote_player=135128 state="disconnected"
2026-09-30T16:48:16.536223Z  INFO faf_app::infra::ice_java: ICE negotiation state remote_player=449410 state="gathering"
2026-09-30T16:48:18.168281Z  WARN faf_app::infra::discord: Discord rich presence disconnected reason=Discord is not running
2026-09-30T16:48:18.666516Z  INFO faf_app::infra::ice_java: ICE negotiation state remote_player=135128 state="gathering"
2026-09-30T16:48:18.775025Z  INFO faf_app::infra::ice_java: ICE negotiation state remote_player=449410 state="awaitingCandidates"
2026-09-30T16:48:20.914483Z  INFO faf_app::infra::ice_java: ICE negotiation state remote_player=135128 state="awaitingCandidates"
2026-09-30T16:48:24.781128Z  INFO faf_app::infra::ice_java: ICE negotiation state remote_player=449410 state="disconnected"
2026-09-30T16:48:26.919150Z  INFO faf_app::infra::ice_java: ICE negotiation state remote_player=135128 state="disconnected"
2026-09-30T16:48:29.791944Z  INFO faf_app::infra::ice_java: ICE negotiation state remote_player=449410 state="gathering"
2026-09-30T16:48:31.928014Z  INFO faf_app::infra::ice_java: ICE negotiation state remote_player=135128 state="gathering"
2026-09-30T16:48:32.037583Z  INFO faf_app::infra::ice_java: ICE negotiation state remote_player=449410 state="awaitingCandidates"
2026-09-30T16:48:33.170728Z  WARN faf_app::infra::discord: Discord rich presence disconnected reason=Discord is not running
2026-09-30T16:48:34.166893Z  INFO faf_app::infra::ice_java: ICE negotiation state remote_player=135128 state="awaitingCandidates"
2026-09-30T16:48:38.045996Z  INFO faf_app::infra::ice_java: ICE negotiation state remote_player=449410 state="disconnected"
2026-09-30T16:48:40.173266Z  INFO faf_app::infra::ice_java: ICE negotiation state remote_player=135128 state="disconnected"
2026-09-30T16:48:43.061729Z  INFO faf_app::infra::ice_java: ICE negotiation state remote_player=449410 state="gathering"
2026-09-30T16:48:45.189375Z  INFO faf_app::infra::ice_java: ICE negotiation state remote_player=135128 state="gathering"
2026-09-30T16:48:45.330117Z  INFO faf_app::infra::ice_java: ICE negotiation state remote_player=449410 state="awaitingCandidates"
2026-09-30T16:48:47.418803Z  INFO faf_app::infra::ice_java: ICE negotiation state remote_player=135128 state="awaitingCandidates"
2026-09-30T16:48:48.176873Z  WARN faf_app::infra::discord: Discord rich presence disconnected reason=Discord is not running
2026-09-30T16:48:51.338651Z  INFO faf_app::infra::ice_java: ICE negotiation state remote_player=449410 state="disconnected"
2026-09-30T16:48:53.423167Z  INFO faf_app::infra::ice_java: ICE negotiation state remote_player=135128 state="disconnected"
2026-09-30T16:48:56.344959Z  INFO faf_app::infra::ice_java: ICE negotiation state remote_player=449410 state="gathering"
2026-09-30T16:48:58.438117Z  INFO faf_app::infra::ice_java: ICE negotiation state remote_player=135128 state="gathering"
2026-09-30T16:48:58.592041Z  INFO faf_app::infra::ice_java: ICE negotiation state remote_player=449410 state="awaitingCandidates"
2026-09-30T16:49:00.684504Z  INFO faf_app::infra::ice_java: ICE negotiation state remote_player=135128 state="awaitingCandidates"
2026-09-30T16:49:03.193831Z  WARN faf_app::infra::discord: Discord rich presence disconnected reason=Discord is not running
2026-09-30T16:49:04.602339Z  INFO faf_app::infra::ice_java: ICE negotiation state remote_player=449410 state="disconnected"
2026-09-30T16:49:06.696704Z  INFO faf_app::infra::ice_java: ICE negotiation state remote_player=135128 state="disconnected"
2026-09-30T16:49:09.612993Z  INFO faf_app::infra::ice_java: ICE negotiation state remote_player=449410 state="gathering"
2026-09-30T16:49:11.706558Z  INFO faf_app::infra::ice_java: ICE negotiation state remote_player=135128 state="gathering"
2026-09-30T16:49:11.849108Z  INFO faf_app::infra::ice_java: ICE negotiation state remote_player=449410 state="awaitingCandidates"
2026-09-30T16:49:13.953158Z  INFO faf_app::infra::ice_java: ICE negotiation state remote_player=135128 state="awaitingCandidates"
2026-09-30T16:49:17.852866Z  INFO faf_app::infra::ice_java: ICE negotiation state remote_player=449410 state="disconnected"
2026-09-30T16:49:18.206343Z  WARN faf_app::infra::discord: Discord rich presence disconnected reason=Discord is not running
2026-09-30T16:49:19.957224Z  INFO faf_app::infra::ice_java: ICE negotiation state remote_player=135128 state="disconnected"
2026-09-30T16:49:22.869954Z  INFO faf_app::infra::ice_java: ICE negotiation state remote_player=449410 state="gathering"
2026-09-30T16:49:24.962595Z  INFO faf_app::infra::ice_java: ICE negotiation state remote_player=135128 state="gathering"
2026-09-30T16:49:25.132914Z  INFO faf_app::infra::ice_java: ICE negotiation state remote_player=449410 state="awaitingCandidates"
2026-09-30T16:49:27.196698Z  INFO faf_app::infra::ice_java: ICE negotiation state remote_player=135128 state="awaitingCandidates"
2026-09-30T16:49:31.139028Z  INFO faf_app::infra::ice_java: ICE negotiation state remote_player=449410 state="disconnected"
2026-09-30T16:49:33.207816Z  WARN faf_app::infra::discord: Discord rich presence disconnected reason=Discord is not running
2026-09-30T16:49:33.208459Z  INFO faf_app::infra::ice_java: ICE negotiation state remote_player=135128 state="disconnected"
2026-09-30T16:49:36.147250Z  INFO faf_app::infra::ice_java: ICE negotiation state remote_player=449410 state="gathering"
2026-09-30T16:49:38.223736Z  INFO faf_app::infra::ice_java: ICE negotiation state remote_player=135128 state="gathering"
2026-09-30T16:49:38.407479Z  INFO faf_app::infra::ice_java: ICE negotiation state remote_player=449410 state="awaitingCandidates"
2026-09-30T16:49:40.497495Z  INFO faf_app::infra::ice_java: ICE negotiation state remote_player=135128 state="awaitingCandidates"
2026-09-30T16:49:44.424355Z  INFO faf_app::infra::ice_java: ICE negotiation state remote_player=449410 state="disconnected"
2026-09-30T16:49:46.509171Z  INFO faf_app::infra::ice_java: ICE negotiation state remote_player=135128 state="disconnected"
2026-09-30T16:49:48.216495Z  WARN faf_app::infra::discord: Discord rich presence disconnected reason=Discord is not running
2026-09-30T16:49:49.440193Z  INFO faf_app::infra::ice_java: ICE negotiation state remote_player=449410 state="gathering"
2026-09-30T16:49:51.515609Z  INFO faf_app::infra::ice_java: ICE negotiation state remote_player=135128 state="gathering"
2026-09-30T16:49:51.700427Z  INFO faf_app::infra::ice_java: ICE negotiation state remote_player=449410 state="awaitingCandidates"
2026-09-30T16:49:53.745288Z  INFO faf_app::infra::ice_java: ICE negotiation state remote_player=135128 state="awaitingCandidates"
2026-09-30T16:49:57.703205Z  INFO faf_app::infra::ice_java: ICE negotiation state remote_player=449410 state="disconnected"
2026-09-30T16:49:59.758750Z  INFO faf_app::infra::ice_java: ICE negotiation state remote_player=135128 state="disconnected"
2026-09-30T16:50:02.707483Z  INFO faf_app::infra::ice_java: ICE negotiation state remote_player=449410 state="gathering"
2026-09-30T16:50:03.231492Z  WARN faf_app::infra::discord: Discord rich presence disconnected reason=Discord is not running
2026-09-30T16:50:04.770254Z  INFO faf_app::infra::ice_java: ICE negotiation state remote_player=135128 state="gathering"
2026-09-30T16:50:04.971448Z  INFO faf_app::infra::ice_java: ICE negotiation state remote_player=449410 state="awaitingCandidates"
2026-09-30T16:50:07.013589Z  INFO faf_app::infra::ice_java: ICE negotiation state remote_player=135128 state="awaitingCandidates"
2026-09-30T16:50:10.973487Z  INFO faf_app::infra::ice_java: ICE negotiation state remote_player=449410 state="disconnected"
2026-09-30T16:50:13.021326Z  INFO faf_app::infra::ice_java: ICE negotiation state remote_player=135128 state="disconnected"
2026-09-30T16:50:15.987644Z  INFO faf_app::infra::ice_java: ICE negotiation state remote_player=449410 state="gathering"
2026-09-30T16:50:18.030779Z  INFO faf_app::infra::ice_java: ICE negotiation state remote_player=135128 state="gathering"
2026-09-30T16:50:18.232551Z  INFO faf_app::infra::ice_java: ICE negotiation state remote_player=449410 state="awaitingCandidates"
2026-09-30T16:50:18.232572Z  WARN faf_app::infra::discord: Discord rich presence disconnected reason=Discord is not running
2026-09-30T16:50:20.257665Z  INFO faf_app::infra::ice_java: ICE negotiation state remote_player=135128 state="awaitingCandidates"
2026-09-30T16:50:24.245640Z  INFO faf_app::infra::ice_java: ICE negotiation state remote_player=449410 state="disconnected"
2026-09-30T16:50:26.260273Z  INFO faf_app::infra::ice_java: ICE negotiation state remote_player=135128 state="disconnected"
2026-09-30T16:50:29.259017Z  INFO faf_app::infra::ice_java: ICE negotiation state remote_player=449410 state="gathering"
2026-09-30T16:50:31.274239Z  INFO faf_app::infra::ice_java: ICE negotiation state remote_player=135128 state="gathering"
2026-09-30T16:50:31.507721Z  INFO faf_app::infra::ice_java: ICE negotiation state remote_player=449410 state="awaitingCandidates"
2026-09-30T16:50:33.244480Z  WARN faf_app::infra::discord: Discord rich presence disconnected reason=Discord is not running
2026-09-30T16:50:33.525107Z  INFO faf_app::infra::ice_java: ICE negotiation state remote_player=135128 state="awaitingCandidates"
2026-09-30T16:50:37.514406Z  INFO faf_app::infra::ice_java: ICE negotiation state remote_player=449410 state="disconnected"
2026-09-30T16:50:39.534628Z  INFO faf_app::infra::ice_java: ICE negotiation state remote_player=135128 state="disconnected"
2026-09-30T16:50:42.525183Z  INFO faf_app::infra::ice_java: ICE negotiation state remote_player=449410 state="gathering"
2026-09-30T16:50:44.549890Z  INFO faf_app::infra::ice_java: ICE negotiation state remote_player=135128 state="gathering"
2026-09-30T16:50:44.799257Z  INFO faf_app::infra::ice_java: ICE negotiation state remote_player=449410 state="awaitingCandidates"
2026-09-30T16:50:46.799908Z  INFO faf_app::infra::ice_java: ICE negotiation state remote_player=135128 state="awaitingCandidates"
2026-09-30T16:50:48.247252Z  WARN faf_app::infra::discord: Discord rich presence disconnected reason=Discord is not running
2026-09-30T16:50:50.813530Z  INFO faf_app::infra::ice_java: ICE negotiation state remote_player=449410 state="disconnected"
2026-09-30T16:50:52.806018Z  INFO faf_app::infra::ice_java: ICE negotiation state remote_player=135128 state="disconnected"
2026-09-30T16:50:55.818770Z  INFO faf_app::infra::ice_java: ICE negotiation state remote_player=449410 state="gathering"
2026-09-30T16:50:57.820968Z  INFO faf_app::infra::ice_java: ICE negotiation state remote_player=135128 state="gathering"
2026-09-30T16:50:58.067789Z  INFO faf_app::infra::ice_java: ICE negotiation state remote_player=449410 state="awaitingCandidates"
2026-09-30T16:51:00.071898Z  INFO faf_app::infra::ice_java: ICE negotiation state remote_player=135128 state="awaitingCandidates"
2026-09-30T16:51:03.250138Z  WARN faf_app::infra::discord: Discord rich presence disconnected reason=Discord is not running
2026-09-30T16:51:04.070928Z  INFO faf_app::infra::ice_java: ICE negotiation state remote_player=449410 state="disconnected"
2026-09-30T16:51:06.081126Z  INFO faf_app::infra::ice_java: ICE negotiation state remote_player=135128 state="disconnected"
2026-09-30T16:51:09.083942Z  INFO faf_app::infra::ice_java: ICE negotiation state remote_player=449410 state="gathering"
2026-09-30T16:51:11.099676Z  INFO faf_app::infra::ice_java: ICE negotiation state remote_player=135128 state="gathering"
2026-09-30T16:51:11.331602Z  INFO faf_app::infra::ice_java: ICE negotiation state remote_player=449410 state="awaitingCandidates"
2026-09-30T16:51:13.343506Z  INFO faf_app::infra::ice_java: ICE negotiation state remote_player=135128 state="awaitingCandidates"
2026-09-30T16:51:17.338208Z  INFO faf_app::infra::ice_java: ICE negotiation state remote_player=449410 state="disconnected"
2026-09-30T16:51:18.253684Z  WARN faf_app::infra::discord: Discord rich presence disconnected reason=Discord is not running
2026-09-30T16:51:19.356030Z  INFO faf_app::infra::ice_java: ICE negotiation state remote_player=135128 state="disconnected"
2026-09-30T16:51:22.346551Z  INFO faf_app::infra::ice_java: ICE negotiation state remote_player=449410 state="gathering"
2026-09-30T16:51:24.362313Z  INFO faf_app::infra::ice_java: ICE negotiation state remote_player=135128 state="gathering"
2026-09-30T16:51:24.593711Z  INFO faf_app::infra::ice_java: ICE negotiation state remote_player=449410 state="awaitingCandidates"
2026-09-30T16:51:26.645763Z  INFO faf_app::infra::ice_java: ICE negotiation state remote_player=135128 state="awaitingCandidates"
2026-09-30T16:51:30.607608Z  INFO faf_app::infra::ice_java: ICE negotiation state remote_player=449410 state="disconnected"
2026-09-30T16:51:32.652382Z  INFO faf_app::infra::ice_java: ICE negotiation state remote_player=135128 state="disconnected"
2026-09-30T16:51:33.267951Z  WARN faf_app::infra::discord: Discord rich presence disconnected reason=Discord is not running
2026-09-30T16:51:35.616744Z  INFO faf_app::infra::ice_java: ICE negotiation state remote_player=449410 state="gathering"
2026-09-30T16:51:37.663103Z  INFO faf_app::infra::ice_java: ICE negotiation state remote_player=135128 state="gathering"
2026-09-30T16:51:37.879376Z  INFO faf_app::infra::ice_java: ICE negotiation state remote_player=449410 state="awaitingCandidates"
2026-09-30T16:51:39.921579Z  INFO faf_app::infra::ice_java: ICE negotiation state remote_player=135128 state="awaitingCandidates"
2026-09-30T16:51:43.895399Z  INFO faf_app::infra::ice_java: ICE negotiation state remote_player=449410 state="disconnected"
2026-09-30T16:51:45.928725Z  INFO faf_app::infra::ice_java: ICE negotiation state remote_player=135128 state="disconnected"
2026-09-30T16:51:48.282962Z  WARN faf_app::infra::discord: Discord rich presence disconnected reason=Discord is not running
2026-09-30T16:51:48.906495Z  INFO faf_app::infra::ice_java: ICE negotiation state remote_player=449410 state="gathering"
2026-09-30T16:51:50.939764Z  INFO faf_app::infra::ice_java: ICE negotiation state remote_player=135128 state="gathering"
2026-09-30T16:51:51.138729Z  INFO faf_app::infra::ice_java: ICE negotiation state remote_player=449410 state="awaitingCandidates"
2026-09-30T16:51:53.189161Z  INFO faf_app::infra::ice_java: ICE negotiation state remote_player=135128 state="awaitingCandidates"
2026-09-30T16:51:57.149122Z  INFO faf_app::infra::ice_java: ICE negotiation state remote_player=449410 state="disconnected"
2026-09-30T16:51:59.200515Z  INFO faf_app::infra::ice_java: ICE negotiation state remote_player=135128 state="disconnected"
2026-09-30T16:52:02.166366Z  INFO faf_app::infra::ice_java: ICE negotiation state remote_player=449410 state="gathering"
2026-09-30T16:52:03.283666Z  WARN faf_app::infra::discord: Discord rich presence disconnected reason=Discord is not running
2026-09-30T16:52:04.211633Z  INFO faf_app::infra::ice_java: ICE negotiation state remote_player=135128 state="gathering"
2026-09-30T16:52:04.400432Z  INFO faf_app::infra::ice_java: ICE negotiation state remote_player=449410 state="awaitingCandidates"
2026-09-30T16:52:06.460624Z  INFO faf_app::infra::ice_java: ICE negotiation state remote_player=135128 state="awaitingCandidates"
2026-09-30T16:52:10.413252Z  INFO faf_app::infra::ice_java: ICE negotiation state remote_player=449410 state="disconnected"
2026-09-30T16:52:12.465704Z  INFO faf_app::infra::ice_java: ICE negotiation state remote_player=135128 state="disconnected"
2026-09-30T16:52:15.431177Z  INFO faf_app::infra::ice_java: ICE negotiation state remote_player=449410 state="gathering"
2026-09-30T16:52:17.479893Z  INFO faf_app::infra::ice_java: ICE negotiation state remote_player=135128 state="gathering"
2026-09-30T16:52:17.682783Z  INFO faf_app::infra::ice_java: ICE negotiation state remote_player=449410 state="awaitingCandidates"
2026-09-30T16:52:18.286176Z  WARN faf_app::infra::discord: Discord rich presence disconnected reason=Discord is not running
2026-09-30T16:52:19.718714Z  INFO faf_app::infra::ice_java: ICE negotiation state remote_player=135128 state="awaitingCandidates"
2026-09-30T16:52:23.686860Z  INFO faf_app::infra::ice_java: ICE negotiation state remote_player=449410 state="disconnected"
2026-09-30T16:52:25.729809Z  INFO faf_app::infra::ice_java: ICE negotiation state remote_player=135128 state="disconnected"
2026-09-30T16:52:28.696191Z  INFO faf_app::infra::ice_java: ICE negotiation state remote_player=449410 state="gathering"
2026-09-30T16:52:30.744375Z  INFO faf_app::infra::ice_java: ICE negotiation state remote_player=135128 state="gathering"
2026-09-30T16:52:30.946211Z  INFO faf_app::infra::ice_java: ICE negotiation state remote_player=449410 state="awaitingCandidates"
2026-09-30T16:52:32.975270Z  INFO faf_app::infra::ice_java: ICE negotiation state remote_player=135128 state="awaitingCandidates"
2026-09-30T16:52:33.300869Z  WARN faf_app::infra::discord: Discord rich presence disconnected reason=Discord is not running
2026-09-30T16:52:36.954019Z  INFO faf_app::infra::ice_java: ICE negotiation state remote_player=449410 state="disconnected"
2026-09-30T16:52:38.983182Z  INFO faf_app::infra::ice_java: ICE negotiation state remote_player=135128 state="disconnected"
2026-09-30T16:52:41.969074Z  INFO faf_app::infra::ice_java: ICE negotiation state remote_player=449410 state="gathering"
2026-09-30T16:52:43.993597Z  INFO faf_app::infra::ice_java: ICE negotiation state remote_player=135128 state="gathering"
2026-09-30T16:52:44.210111Z  INFO faf_app::infra::ice_java: ICE negotiation state remote_player=449410 state="awaitingCandidates"
2026-09-30T16:52:46.249210Z  INFO faf_app::infra::ice_java: ICE negotiation state remote_player=135128 state="awaitingCandidates"
2026-09-30T16:52:48.310654Z  WARN faf_app::infra::discord: Discord rich presence disconnected reason=Discord is not running
2026-09-30T16:52:50.215736Z  INFO faf_app::infra::ice_java: ICE negotiation state remote_player=449410 state="disconnected"
2026-09-30T16:52:52.261740Z  INFO faf_app::infra::ice_java: ICE negotiation state remote_player=135128 state="disconnected"
2026-09-30T16:52:55.220084Z  INFO faf_app::infra::ice_java: ICE negotiation state remote_player=449410 state="gathering"
2026-09-30T16:52:57.265340Z  INFO faf_app::infra::ice_java: ICE negotiation state remote_player=135128 state="gathering"
2026-09-30T16:52:57.464900Z  INFO faf_app::infra::ice_java: ICE negotiation state remote_player=449410 state="awaitingCandidates"
2026-09-30T16:52:59.516148Z  INFO faf_app::infra::ice_java: ICE negotiation state remote_player=135128 state="awaitingCandidates"
2026-09-30T16:53:03.318399Z  WARN faf_app::infra::discord: Discord rich presence disconnected reason=Discord is not running
2026-09-30T16:53:03.475577Z  INFO faf_app::infra::ice_java: ICE negotiation state remote_player=449410 state="disconnected"
2026-09-30T16:53:05.517932Z  INFO faf_app::infra::ice_java: ICE negotiation state remote_player=135128 state="disconnected"
2026-09-30T16:53:08.486505Z  INFO faf_app::infra::ice_java: ICE negotiation state remote_player=449410 state="gathering"
2026-09-30T16:53:10.532829Z  INFO faf_app::infra::ice_java: ICE negotiation state remote_player=135128 state="gathering"
2026-09-30T16:53:10.734743Z  INFO faf_app::infra::ice_java: ICE negotiation state remote_player=449410 state="awaitingCandidates"
2026-09-30T16:53:12.770632Z  INFO faf_app::infra::ice_java: ICE negotiation state remote_player=135128 state="awaitingCandidates"
2026-09-30T16:53:16.742857Z  INFO faf_app::infra::ice_java: ICE negotiation state remote_player=449410 state="disconnected"
2026-09-30T16:53:18.325104Z  WARN faf_app::infra::discord: Discord rich presence disconnected reason=Discord is not running
2026-09-30T16:53:18.776118Z  INFO faf_app::infra::ice_java: ICE negotiation state remote_player=135128 state="disconnected"
2026-09-30T16:53:21.745919Z  INFO faf_app::infra::ice_java: ICE negotiation state remote_player=449410 state="gathering"
2026-09-30T16:53:23.785745Z  INFO faf_app::infra::ice_java: ICE negotiation state remote_player=135128 state="gathering"
2026-09-30T16:53:23.986004Z  INFO faf_app::infra::ice_java: ICE negotiation state remote_player=449410 state="awaitingCandidates"
2026-09-30T16:53:26.031310Z  INFO faf_app::infra::ice_java: ICE negotiation state remote_player=135128 state="awaitingCandidates"
2026-09-30T16:53:30.002454Z  INFO faf_app::infra::ice_java: ICE negotiation state remote_player=449410 state="disconnected"
2026-09-30T16:53:32.034374Z  INFO faf_app::infra::ice_java: ICE negotiation state remote_player=135128 state="disconnected"
2026-09-30T16:53:33.334968Z  WARN faf_app::infra::discord: Discord rich presence disconnected reason=Discord is not running
2026-09-30T16:53:35.016772Z  INFO faf_app::infra::ice_java: ICE negotiation state remote_player=449410 state="gathering"
2026-09-30T16:53:37.051021Z  INFO faf_app::infra::ice_java: ICE negotiation state remote_player=135128 state="gathering"
2026-09-30T16:53:37.252280Z  INFO faf_app::infra::ice_java: ICE negotiation state remote_player=449410 state="awaitingCandidates"
2026-09-30T16:53:39.299600Z  INFO faf_app::infra::ice_java: ICE negotiation state remote_player=135128 state="awaitingCandidates"
2026-09-30T16:53:43.253521Z  INFO faf_app::infra::ice_java: ICE negotiation state remote_player=449410 state="disconnected"
2026-09-30T16:53:45.303410Z  INFO faf_app::infra::ice_java: ICE negotiation state remote_player=135128 state="disconnected"
2026-09-30T16:53:48.256429Z  INFO faf_app::infra::ice_java: ICE negotiation state remote_player=449410 state="gathering"
2026-09-30T16:53:48.348808Z  WARN faf_app::infra::discord: Discord rich presence disconnected reason=Discord is not running
2026-09-30T16:53:50.315000Z  INFO faf_app::infra::ice_java: ICE negotiation state remote_player=135128 state="gathering"
2026-09-30T16:53:50.514794Z  INFO faf_app::infra::ice_java: ICE negotiation state remote_player=449410 state="awaitingCandidates"
2026-09-30T16:53:52.565135Z  INFO faf_app::infra::ice_java: ICE negotiation state remote_player=135128 state="awaitingCandidates"
2026-09-30T16:53:56.519098Z  INFO faf_app::infra::ice_java: ICE negotiation state remote_player=449410 state="disconnected"
2026-09-30T16:53:58.571433Z  INFO faf_app::infra::ice_java: ICE negotiation state remote_player=135128 state="disconnected"
2026-09-30T16:54:01.526997Z  INFO faf_app::infra::ice_java: ICE negotiation state remote_player=449410 state="gathering"
2026-09-30T16:54:03.357729Z  WARN faf_app::infra::discord: Discord rich presence disconnected reason=Discord is not running
2026-09-30T16:54:03.578390Z  INFO faf_app::infra::ice_java: ICE negotiation state remote_player=135128 state="gathering"
2026-09-30T16:54:03.778760Z  INFO faf_app::infra::ice_java: ICE negotiation state remote_player=449410 state="awaitingCandidates"
2026-09-30T16:54:05.864902Z  INFO faf_app::infra::ice_java: ICE negotiation state remote_player=135128 state="awaitingCandidates"
2026-09-30T16:54:09.794279Z  INFO faf_app::infra::ice_java: ICE negotiation state remote_player=449410 state="disconnected"
2026-09-30T16:54:11.877309Z  INFO faf_app::infra::ice_java: ICE negotiation state remote_player=135128 state="disconnected"
2026-09-30T16:54:14.796872Z  INFO faf_app::infra::ice_java: ICE negotiation state remote_player=449410 state="gathering"
2026-09-30T16:54:16.881157Z  INFO faf_app::infra::ice_java: ICE negotiation state remote_player=135128 state="gathering"
2026-09-30T16:54:17.036029Z  INFO faf_app::infra::ice_java: ICE negotiation state remote_player=449410 state="awaitingCandidates"
2026-09-30T16:54:18.365217Z  WARN faf_app::infra::discord: Discord rich presence disconnected reason=Discord is not running
2026-09-30T16:54:19.123199Z  INFO faf_app::infra::ice_java: ICE negotiation state remote_player=135128 state="awaitingCandidates"
2026-09-30T16:54:23.039699Z  INFO faf_app::infra::ice_java: ICE negotiation state remote_player=449410 state="disconnected"
2026-09-30T16:54:25.136692Z  INFO faf_app::infra::ice_java: ICE negotiation state remote_player=135128 state="disconnected"
2026-09-30T16:54:28.043274Z  INFO faf_app::infra::ice_java: ICE negotiation state remote_player=449410 state="gathering"
2026-09-30T16:54:30.141057Z  INFO faf_app::infra::ice_java: ICE negotiation state remote_player=135128 state="gathering"
2026-09-30T16:54:30.296405Z  INFO faf_app::infra::ice_java: ICE negotiation state remote_player=449410 state="awaitingCandidates"
2026-09-30T16:54:32.379025Z  INFO faf_app::infra::ice_java: ICE negotiation state remote_player=135128 state="awaitingCandidates"
2026-09-30T16:54:33.369692Z  WARN faf_app::infra::discord: Discord rich presence disconnected reason=Discord is not running
2026-09-30T16:54:36.307551Z  INFO faf_app::infra::ice_java: ICE negotiation state remote_player=449410 state="disconnected"
2026-09-30T16:54:38.389279Z  INFO faf_app::infra::ice_java: ICE negotiation state remote_player=135128 state="disconnected"
2026-09-30T16:54:41.313806Z  INFO faf_app::infra::ice_java: ICE negotiation state remote_player=449410 state="gathering"
2026-09-30T16:54:43.394070Z  INFO faf_app::infra::ice_java: ICE negotiation state remote_player=135128 state="gathering"
2026-09-30T16:54:43.565374Z  INFO faf_app::infra::ice_java: ICE negotiation state remote_player=449410 state="awaitingCandidates"
2026-09-30T16:54:45.648383Z  INFO faf_app::infra::ice_java: ICE negotiation state remote_player=135128 state="awaitingCandidates"
2026-09-30T16:54:48.372508Z  WARN faf_app::infra::discord: Discord rich presence disconnected reason=Discord is not running
2026-09-30T16:54:49.569354Z  INFO faf_app::infra::ice_java: ICE negotiation state remote_player=449410 state="disconnected"
2026-09-30T16:54:51.650102Z  INFO faf_app::infra::ice_java: ICE negotiation state remote_player=135128 state="disconnected"
2026-09-30T16:54:54.572850Z  INFO faf_app::infra::ice_java: ICE negotiation state remote_player=449410 state="gathering"
2026-09-30T16:54:56.653030Z  INFO faf_app::infra::ice_java: ICE negotiation state remote_player=135128 state="gathering"
2026-09-30T16:54:56.824107Z  INFO faf_app::infra::ice_java: ICE negotiation state remote_player=449410 state="awaitingCandidates"
2026-09-30T16:54:58.909362Z  INFO faf_app::infra::ice_java: ICE negotiation state remote_player=135128 state="awaitingCandidates"
2026-09-30T16:55:02.827617Z  INFO faf_app::infra::ice_java: ICE negotiation state remote_player=449410 state="disconnected"
2026-09-30T16:55:03.387443Z  WARN faf_app::infra::discord: Discord rich presence disconnected reason=Discord is not running
2026-09-30T16:55:04.924149Z  INFO faf_app::infra::ice_java: ICE negotiation state remote_player=135128 state="disconnected"
2026-09-30T16:55:07.834493Z  INFO faf_app::infra::ice_java: ICE negotiation state remote_player=449410 state="gathering"
2026-09-30T16:55:09.937457Z  INFO faf_app::infra::ice_java: ICE negotiation state remote_player=135128 state="gathering"
2026-09-30T16:55:10.093486Z  INFO faf_app::infra::ice_java: ICE negotiation state remote_player=449410 state="awaitingCandidates"
2026-09-30T16:55:12.181207Z  INFO faf_app::infra::ice_java: ICE negotiation state remote_player=135128 state="awaitingCandidates"
2026-09-30T16:55:16.103805Z  INFO faf_app::infra::ice_java: ICE negotiation state remote_player=449410 state="disconnected"
2026-09-30T16:55:18.189234Z  INFO faf_app::infra::ice_java: ICE negotiation state remote_player=135128 state="disconnected"
2026-09-30T16:55:18.390947Z  WARN faf_app::infra::discord: Discord rich presence disconnected reason=Discord is not running
2026-09-30T16:55:21.108814Z  INFO faf_app::infra::ice_java: ICE negotiation state remote_player=449410 state="gathering"
2026-09-30T16:55:23.205361Z  INFO faf_app::infra::ice_java: ICE negotiation state remote_player=135128 state="gathering"
2026-09-30T16:55:23.361304Z  INFO faf_app::infra::ice_java: ICE negotiation state remote_player=449410 state="awaitingCandidates"
2026-09-30T16:55:25.457830Z  INFO faf_app::infra::ice_java: ICE negotiation state remote_player=135128 state="awaitingCandidates"
2026-09-30T16:55:29.373177Z  INFO faf_app::infra::ice_java: ICE negotiation state remote_player=449410 state="disconnected"
2026-09-30T16:55:31.470125Z  INFO faf_app::infra::ice_java: ICE negotiation state remote_player=135128 state="disconnected"
2026-09-30T16:55:33.393961Z  WARN faf_app::infra::discord: Discord rich presence disconnected reason=Discord is not running
2026-09-30T16:55:34.381057Z  INFO faf_app::infra::ice_java: ICE negotiation state remote_player=449410 state="gathering"
2026-09-30T16:55:36.481445Z  INFO faf_app::infra::ice_java: ICE negotiation state remote_player=135128 state="gathering"
2026-09-30T16:55:36.638410Z  INFO faf_app::infra::ice_java: ICE negotiation state remote_player=449410 state="awaitingCandidates"
2026-09-30T16:55:38.728841Z  INFO faf_app::infra::ice_java: ICE negotiation state remote_player=135128 state="awaitingCandidates"
2026-09-30T16:55:42.650214Z  INFO faf_app::infra::ice_java: ICE negotiation state remote_player=449410 state="disconnected"
2026-09-30T16:55:44.734274Z  INFO faf_app::infra::ice_java: ICE negotiation state remote_player=135128 state="disconnected"
2026-09-30T16:55:47.655832Z  INFO faf_app::infra::ice_java: ICE negotiation state remote_player=449410 state="gathering"
2026-09-30T16:55:48.399871Z  WARN faf_app::infra::discord: Discord rich presence disconnected reason=Discord is not running
2026-09-30T16:55:49.741806Z  INFO faf_app::infra::ice_java: ICE negotiation state remote_player=135128 state="gathering"
2026-09-30T16:55:49.897496Z  INFO faf_app::infra::ice_java: ICE negotiation state remote_player=449410 state="awaitingCandidates"
2026-09-30T16:55:51.987048Z  INFO faf_app::infra::ice_java: ICE negotiation state remote_player=135128 state="awaitingCandidates"
2026-09-30T16:55:55.904373Z  INFO faf_app::infra::ice_java: ICE negotiation state remote_player=449410 state="disconnected"
2026-09-30T16:55:57.998334Z  INFO faf_app::infra::ice_java: ICE negotiation state remote_player=135128 state="disconnected"
2026-09-30T16:56:00.920432Z  INFO faf_app::infra::ice_java: ICE negotiation state remote_player=449410 state="gathering"
2026-09-30T16:56:03.013642Z  INFO faf_app::infra::ice_java: ICE negotiation state remote_player=135128 state="gathering"
2026-09-30T16:56:03.168941Z  INFO faf_app::infra::ice_java: ICE negotiation state remote_player=449410 state="awaitingCandidates"
2026-09-30T16:56:03.414756Z  WARN faf_app::infra::discord: Discord rich presence disconnected reason=Discord is not running
2026-09-30T16:56:05.246696Z  INFO faf_app::infra::ice_java: ICE negotiation state remote_player=135128 state="awaitingCandidates"
2026-09-30T16:56:09.175121Z  INFO faf_app::infra::ice_java: ICE negotiation state remote_player=449410 state="disconnected"
2026-09-30T16:56:11.255811Z  INFO faf_app::infra::ice_java: ICE negotiation state remote_player=135128 state="disconnected"
2026-09-30T16:56:14.181438Z  INFO faf_app::infra::ice_java: ICE negotiation state remote_player=449410 state="gathering"
2026-09-30T16:56:16.261917Z  INFO faf_app::infra::ice_java: ICE negotiation state remote_player=135128 state="gathering"
2026-09-30T16:56:16.432766Z  INFO faf_app::infra::ice_java: ICE negotiation state remote_player=449410 state="awaitingCandidates"
2026-09-30T16:56:18.422230Z  WARN faf_app::infra::discord: Discord rich presence disconnected reason=Discord is not running
2026-09-30T16:56:18.501459Z  INFO faf_app::infra::ice_java: ICE negotiation state remote_player=135128 state="awaitingCandidates"
2026-09-30T16:56:22.442111Z  INFO faf_app::infra::ice_java: ICE negotiation state remote_player=449410 state="disconnected"
2026-09-30T16:56:24.510054Z  INFO faf_app::infra::ice_java: ICE negotiation state remote_player=135128 state="disconnected"
2026-09-30T16:56:27.455158Z  INFO faf_app::infra::ice_java: ICE negotiation state remote_player=449410 state="gathering"
2026-09-30T16:56:29.525551Z  INFO faf_app::infra::ice_java: ICE negotiation state remote_player=135128 state="gathering"
2026-09-30T16:56:29.695064Z  INFO faf_app::infra::ice_java: ICE negotiation state remote_player=449410 state="awaitingCandidates"
2026-09-30T16:56:31.792294Z  INFO faf_app::infra::ice_java: ICE negotiation state remote_player=135128 state="awaitingCandidates"
2026-09-30T16:56:33.437186Z  WARN faf_app::infra::discord: Discord rich presence disconnected reason=Discord is not running
2026-09-30T16:56:35.698739Z  INFO faf_app::infra::ice_java: ICE negotiation state remote_player=449410 state="disconnected"
2026-09-30T16:56:37.802559Z  INFO faf_app::infra::ice_java: ICE negotiation state remote_player=135128 state="disconnected"
2026-09-30T16:56:40.709113Z  INFO faf_app::infra::ice_java: ICE negotiation state remote_player=449410 state="gathering"
2026-09-30T16:56:42.806895Z  INFO faf_app::infra::ice_java: ICE negotiation state remote_player=135128 state="gathering"
2026-09-30T16:56:42.945527Z  INFO faf_app::infra::ice_java: ICE negotiation state remote_player=449410 state="awaitingCandidates"
2026-09-30T16:56:45.055353Z  INFO faf_app::infra::ice_java: ICE negotiation state remote_player=135128 state="awaitingCandidates"
2026-09-30T16:56:48.441556Z  WARN faf_app::infra::discord: Discord rich presence disconnected reason=Discord is not running
2026-09-30T16:56:48.957515Z  INFO faf_app::infra::ice_java: ICE negotiation state remote_player=449410 state="disconnected"
2026-09-30T16:56:51.067090Z  INFO faf_app::infra::ice_java: ICE negotiation state remote_player=135128 state="disconnected"
2026-09-30T16:56:53.972825Z  INFO faf_app::infra::ice_java: ICE negotiation state remote_player=449410 state="gathering"
2026-09-30T16:56:56.082574Z  INFO faf_app::infra::ice_java: ICE negotiation state remote_player=135128 state="gathering"
2026-09-30T16:56:56.206509Z  INFO faf_app::infra::ice_java: ICE negotiation state remote_player=449410 state="awaitingCandidates"
2026-09-30T16:56:58.343788Z  INFO faf_app::infra::ice_java: ICE negotiation state remote_player=135128 state="awaitingCandidates"
2026-09-30T16:57:02.209362Z  INFO faf_app::infra::ice_java: ICE negotiation state remote_player=449410 state="disconnected"
2026-09-30T16:57:03.448005Z  WARN faf_app::infra::discord: Discord rich presence disconnected reason=Discord is not running
2026-09-30T16:57:04.350750Z  INFO faf_app::infra::ice_java: ICE negotiation state remote_player=135128 state="disconnected"
2026-09-30T16:57:07.219668Z  INFO faf_app::infra::ice_java: ICE negotiation state remote_player=449410 state="gathering"
2026-09-30T16:57:09.359140Z  INFO faf_app::infra::ice_java: ICE negotiation state remote_player=135128 state="gathering"
2026-09-30T16:57:09.468037Z  INFO faf_app::infra::ice_java: ICE negotiation state remote_player=449410 state="awaitingCandidates"
2026-09-30T16:57:11.610865Z  INFO faf_app::infra::ice_java: ICE negotiation state remote_player=135128 state="awaitingCandidates"
2026-09-30T16:57:15.468851Z  INFO faf_app::infra::ice_java: ICE negotiation state remote_player=449410 state="disconnected"
2026-09-30T16:57:17.618251Z  INFO faf_app::infra::ice_java: ICE negotiation state remote_player=135128 state="disconnected"
2026-09-30T16:57:18.455893Z  WARN faf_app::infra::discord: Discord rich presence disconnected reason=Discord is not running
2026-09-30T16:57:20.473742Z  INFO faf_app::infra::ice_java: ICE negotiation state remote_player=449410 state="gathering"
2026-09-30T16:57:22.622889Z  INFO faf_app::infra::ice_java: ICE negotiation state remote_player=135128 state="gathering"
2026-09-30T16:57:22.733595Z  INFO faf_app::infra::ice_java: ICE negotiation state remote_player=449410 state="awaitingCandidates"
2026-09-30T16:57:24.858805Z  INFO faf_app::infra::ice_java: ICE negotiation state remote_player=135128 state="awaitingCandidates"
2026-09-30T16:57:28.745128Z  INFO faf_app::infra::ice_java: ICE negotiation state remote_player=449410 state="disconnected"
2026-09-30T16:57:30.861681Z  INFO faf_app::infra::ice_java: ICE negotiation state remote_player=135128 state="disconnected"
2026-09-30T16:57:33.468294Z  WARN faf_app::infra::discord: Discord rich presence disconnected reason=Discord is not running
2026-09-30T16:57:33.761746Z  INFO faf_app::infra::ice_java: ICE negotiation state remote_player=449410 state="gathering"
2026-09-30T16:57:35.876180Z  INFO faf_app::infra::ice_java: ICE negotiation state remote_player=135128 state="gathering"
2026-09-30T16:57:36.015831Z  INFO faf_app::infra::ice_java: ICE negotiation state remote_player=449410 state="awaitingCandidates"
2026-09-30T16:57:38.160400Z  INFO faf_app::infra::ice_java: ICE negotiation state remote_player=135128 state="awaitingCandidates"
2026-09-30T16:57:42.028540Z  INFO faf_app::infra::ice_java: ICE negotiation state remote_player=449410 state="disconnected"
2026-09-30T16:57:44.172864Z  INFO faf_app::infra::ice_java: ICE negotiation state remote_player=135128 state="disconnected"
2026-09-30T16:57:47.040866Z  INFO faf_app::infra::ice_java: ICE negotiation state remote_player=449410 state="gathering"
2026-09-30T16:57:48.482634Z  WARN faf_app::infra::discord: Discord rich presence disconnected reason=Discord is not running
2026-09-30T16:57:49.177099Z  INFO faf_app::infra::ice_java: ICE negotiation state remote_player=135128 state="gathering"
2026-09-30T16:57:49.300929Z  INFO faf_app::infra::ice_java: ICE negotiation state remote_player=449410 state="awaitingCandidates"
2026-09-30T16:57:51.409930Z  INFO faf_app::infra::ice_java: ICE negotiation state remote_player=135128 state="awaitingCandidates"
2026-09-30T16:57:55.308971Z  INFO faf_app::infra::ice_java: ICE negotiation state remote_player=449410 state="disconnected"
2026-09-30T16:57:57.421142Z  INFO faf_app::infra::ice_java: ICE negotiation state remote_player=135128 state="disconnected"
2026-09-30T16:58:00.324348Z  INFO faf_app::infra::ice_java: ICE negotiation state remote_player=449410 state="gathering"
2026-09-30T16:58:02.434867Z  INFO faf_app::infra::ice_java: ICE negotiation state remote_player=135128 state="gathering"
2026-09-30T16:58:02.573571Z  INFO faf_app::infra::ice_java: ICE negotiation state remote_player=449410 state="awaitingCandidates"
2026-09-30T16:58:03.488301Z  WARN faf_app::infra::discord: Discord rich presence disconnected reason=Discord is not running
2026-09-30T16:58:04.682318Z  INFO faf_app::infra::ice_java: ICE negotiation state remote_player=135128 state="awaitingCandidates"
2026-09-30T16:58:08.586056Z  INFO faf_app::infra::ice_java: ICE negotiation state remote_player=449410 state="disconnected"
2026-09-30T16:58:10.684860Z  INFO faf_app::infra::ice_java: ICE negotiation state remote_player=135128 state="disconnected"
2026-09-30T16:58:13.591644Z  INFO faf_app::infra::ice_java: ICE negotiation state remote_player=449410 state="gathering"
2026-09-30T16:58:15.699832Z  INFO faf_app::infra::ice_java: ICE negotiation state remote_player=135128 state="gathering"
2026-09-30T16:58:15.854221Z  INFO faf_app::infra::ice_java: ICE negotiation state remote_player=449410 state="awaitingCandidates"
2026-09-30T16:58:17.934467Z  INFO faf_app::infra::ice_java: ICE negotiation state remote_player=135128 state="awaitingCandidates"
2026-09-30T16:58:18.491915Z  WARN faf_app::infra::discord: Discord rich presence disconnected reason=Discord is not running
2026-09-30T16:58:21.854951Z  INFO faf_app::infra::ice_java: ICE negotiation state remote_player=449410 state="disconnected"
2026-09-30T16:58:23.949241Z  INFO faf_app::infra::ice_java: ICE negotiation state remote_player=135128 state="disconnected"
2026-09-30T16:58:26.861300Z  INFO faf_app::infra::ice_java: ICE negotiation state remote_player=449410 state="gathering"
2026-09-30T16:58:28.952756Z  INFO faf_app::infra::ice_java: ICE negotiation state remote_player=135128 state="gathering"
2026-09-30T16:58:29.107442Z  INFO faf_app::infra::ice_java: ICE negotiation state remote_player=449410 state="awaitingCandidates"
2026-09-30T16:58:31.213604Z  INFO faf_app::infra::ice_java: ICE negotiation state remote_player=135128 state="awaitingCandidates"
2026-09-30T16:58:33.498958Z  WARN faf_app::infra::discord: Discord rich presence disconnected reason=Discord is not running
2026-09-30T16:58:35.117814Z  INFO faf_app::infra::ice_java: ICE negotiation state remote_player=449410 state="disconnected"
2026-09-30T16:58:37.220334Z  INFO faf_app::infra::ice_java: ICE negotiation state remote_player=135128 state="disconnected"
2026-09-30T16:58:40.121628Z  INFO faf_app::infra::ice_java: ICE negotiation state remote_player=449410 state="gathering"
2026-09-30T16:58:42.236996Z  INFO faf_app::infra::ice_java: ICE negotiation state remote_player=135128 state="gathering"
2026-09-30T16:58:42.362619Z  INFO faf_app::infra::ice_java: ICE negotiation state remote_player=449410 state="awaitingCandidates"
2026-09-30T16:58:44.487819Z  INFO faf_app::infra::ice_java: ICE negotiation state remote_player=135128 state="awaitingCandidates"
2026-09-30T16:58:48.377160Z  INFO faf_app::infra::ice_java: ICE negotiation state remote_player=449410 state="disconnected"
2026-09-30T16:58:48.515828Z  WARN faf_app::infra::discord: Discord rich presence disconnected reason=Discord is not running
2026-09-30T16:58:50.497309Z  INFO faf_app::infra::ice_java: ICE negotiation state remote_player=135128 state="disconnected"
2026-09-30T16:58:53.386183Z  INFO faf_app::infra::ice_java: ICE negotiation state remote_player=449410 state="gathering"
2026-09-30T16:58:55.501295Z  INFO faf_app::infra::ice_java: ICE negotiation state remote_player=135128 state="gathering"
2026-09-30T16:58:55.624694Z  INFO faf_app::infra::ice_java: ICE negotiation state remote_player=449410 state="awaitingCandidates"
2026-09-30T16:58:57.754483Z  INFO faf_app::infra::ice_java: ICE negotiation state remote_player=135128 state="awaitingCandidates"
2026-09-30T16:59:01.639546Z  INFO faf_app::infra::ice_java: ICE negotiation state remote_player=449410 state="disconnected"
2026-09-30T16:59:03.517580Z  WARN faf_app::infra::discord: Discord rich presence disconnected reason=Discord is not running
2026-09-30T16:59:03.767432Z  INFO faf_app::infra::ice_java: ICE negotiation state remote_player=135128 state="disconnected"
2026-09-30T16:59:06.651786Z  INFO faf_app::infra::ice_java: ICE negotiation state remote_player=449410 state="gathering"
2026-09-30T16:59:08.778279Z  INFO faf_app::infra::ice_java: ICE negotiation state remote_player=135128 state="gathering"
2026-09-30T16:59:08.886021Z  INFO faf_app::infra::ice_java: ICE negotiation state remote_player=449410 state="awaitingCandidates"
2026-09-30T16:59:11.038692Z  INFO faf_app::infra::ice_java: ICE negotiation state remote_player=135128 state="awaitingCandidates"
2026-09-30T16:59:14.887048Z  INFO faf_app::infra::ice_java: ICE negotiation state remote_player=449410 state="disconnected"
2026-09-30T16:59:17.054659Z  INFO faf_app::infra::ice_java: ICE negotiation state remote_player=135128 state="disconnected"
2026-09-30T16:59:18.526811Z  WARN faf_app::infra::discord: Discord rich presence disconnected reason=Discord is not running
2026-09-30T16:59:19.896631Z  INFO faf_app::infra::ice_java: ICE negotiation state remote_player=449410 state="gathering"
2026-09-30T16:59:22.071448Z  INFO faf_app::infra::ice_java: ICE negotiation state remote_player=135128 state="gathering"
2026-09-30T16:59:22.149859Z  INFO faf_app::infra::ice_java: ICE negotiation state remote_player=449410 state="awaitingCandidates"
2026-09-30T16:59:24.306611Z  INFO faf_app::infra::ice_java: ICE negotiation state remote_player=135128 state="awaitingCandidates"
2026-09-30T16:59:28.161143Z  INFO faf_app::infra::ice_java: ICE negotiation state remote_player=449410 state="disconnected"
2026-09-30T16:59:30.321520Z  INFO faf_app::infra::ice_java: ICE negotiation state remote_player=135128 state="disconnected"
2026-09-30T16:59:33.178824Z  INFO faf_app::infra::ice_java: ICE negotiation state remote_player=449410 state="gathering"
2026-09-30T16:59:33.532231Z  WARN faf_app::infra::discord: Discord rich presence disconnected reason=Discord is not running
2026-09-30T16:59:35.328541Z  INFO faf_app::infra::ice_java: ICE negotiation state remote_player=135128 state="gathering"
2026-09-30T16:59:35.436867Z  INFO faf_app::infra::ice_java: ICE negotiation state remote_player=449410 state="awaitingCandidates"
2026-09-30T16:59:37.572910Z  INFO faf_app::infra::ice_java: ICE negotiation state remote_player=135128 state="awaitingCandidates"
2026-09-30T16:59:41.437875Z  INFO faf_app::infra::ice_java: ICE negotiation state remote_player=449410 state="disconnected"
2026-09-30T16:59:43.578675Z  INFO faf_app::infra::ice_java: ICE negotiation state remote_player=135128 state="disconnected"
2026-09-30T16:59:46.446585Z  INFO faf_app::infra::ice_java: ICE negotiation state remote_player=449410 state="gathering"
2026-09-30T16:59:48.543754Z  WARN faf_app::infra::discord: Discord rich presence disconnected reason=Discord is not running
2026-09-30T16:59:48.591971Z  INFO faf_app::infra::ice_java: ICE negotiation state remote_player=135128 state="gathering"
2026-09-30T16:59:48.699672Z  INFO faf_app::infra::ice_java: ICE negotiation state remote_player=449410 state="awaitingCandidates"
2026-09-30T16:59:50.837777Z  INFO faf_app::infra::ice_java: ICE negotiation state remote_player=135128 state="awaitingCandidates"
2026-09-30T16:59:54.709730Z  INFO faf_app::infra::ice_java: ICE negotiation state remote_player=449410 state="disconnected"
2026-09-30T16:59:56.843811Z  INFO faf_app::infra::ice_java: ICE negotiation state remote_player=135128 state="disconnected"
2026-09-30T16:59:59.717808Z  INFO faf_app::infra::ice_java: ICE negotiation state remote_player=449410 state="gathering"
2026-09-30T17:00:01.848399Z  INFO faf_app::infra::ice_java: ICE negotiation state remote_player=135128 state="gathering"
2026-09-30T17:00:01.972165Z  INFO faf_app::infra::ice_java: ICE negotiation state remote_player=449410 state="awaitingCandidates"
2026-09-30T17:00:03.544474Z  WARN faf_app::infra::discord: Discord rich presence disconnected reason=Discord is not running
2026-09-30T17:00:04.105311Z  INFO faf_app::infra::ice_java: ICE negotiation state remote_player=135128 state="awaitingCandidates"
2026-09-30T17:00:07.974143Z  INFO faf_app::infra::ice_java: ICE negotiation state remote_player=449410 state="disconnected"
2026-09-30T17:00:10.118577Z  INFO faf_app::infra::ice_java: ICE negotiation state remote_player=135128 state="disconnected"
2026-09-30T17:00:12.982439Z  INFO faf_app::infra::ice_java: ICE negotiation state remote_player=449410 state="gathering"
2026-09-30T17:00:15.126258Z  INFO faf_app::infra::ice_java: ICE negotiation state remote_player=135128 state="gathering"
2026-09-30T17:00:15.233816Z  INFO faf_app::infra::ice_java: ICE negotiation state remote_player=449410 state="awaitingCandidates"
2026-09-30T17:00:17.377774Z  INFO faf_app::infra::ice_java: ICE negotiation state remote_player=135128 state="awaitingCandidates"
2026-09-30T17:00:18.556360Z  WARN faf_app::infra::discord: Discord rich presence disconnected reason=Discord is not running
2026-09-30T17:00:21.246866Z  INFO faf_app::infra::ice_java: ICE negotiation state remote_player=449410 state="disconnected"
2026-09-30T17:00:23.389585Z  INFO faf_app::infra::ice_java: ICE negotiation state remote_player=135128 state="disconnected"
2026-09-30T17:00:26.259077Z  INFO faf_app::infra::ice_java: ICE negotiation state remote_player=449410 state="gathering"
2026-09-30T17:00:28.398008Z  INFO faf_app::infra::ice_java: ICE negotiation state remote_player=135128 state="gathering"
2026-09-30T17:00:28.508271Z  INFO faf_app::infra::ice_java: ICE negotiation state remote_player=449410 state="awaitingCandidates"
2026-09-30T17:00:30.650283Z  INFO faf_app::infra::ice_java: ICE negotiation state remote_player=135128 state="awaitingCandidates"
2026-09-30T17:00:33.562762Z  WARN faf_app::infra::discord: Discord rich presence disconnected reason=Discord is not running
2026-09-30T17:00:34.512018Z  INFO faf_app::infra::ice_java: ICE negotiation state remote_player=449410 state="disconnected"
2026-09-30T17:00:36.655969Z  INFO faf_app::infra::ice_java: ICE negotiation state remote_player=135128 state="disconnected"
2026-09-30T17:00:39.518221Z  INFO faf_app::infra::ice_java: ICE negotiation state remote_player=449410 state="gathering"
2026-09-30T17:00:41.665291Z  INFO faf_app::infra::ice_java: ICE negotiation state remote_player=135128 state="gathering"
2026-09-30T17:00:41.772294Z  INFO faf_app::infra::ice_java: ICE negotiation state remote_player=449410 state="awaitingCandidates"
2026-09-30T17:00:43.926413Z  INFO faf_app::infra::ice_java: ICE negotiation state remote_player=135128 state="awaitingCandidates"
2026-09-30T17:00:47.779778Z  INFO faf_app::infra::ice_java: ICE negotiation state remote_player=449410 state="disconnected"
2026-09-30T17:00:48.573872Z  WARN faf_app::infra::discord: Discord rich presence disconnected reason=Discord is not running
2026-09-30T17:00:49.936230Z  INFO faf_app::infra::ice_java: ICE negotiation state remote_player=135128 state="disconnected"
2026-09-30T17:00:52.791393Z  INFO faf_app::infra::ice_java: ICE negotiation state remote_player=449410 state="gathering"
2026-09-30T17:00:54.952529Z  INFO faf_app::infra::ice_java: ICE negotiation state remote_player=135128 state="gathering"
2026-09-30T17:00:55.029002Z  INFO faf_app::infra::ice_java: ICE negotiation state remote_player=449410 state="awaitingCandidates"
2026-09-30T17:00:57.230466Z  INFO faf_app::infra::ice_java: ICE negotiation state remote_player=135128 state="awaitingCandidates"
2026-09-30T17:01:01.029911Z  INFO faf_app::infra::ice_java: ICE negotiation state remote_player=449410 state="disconnected"
2026-09-30T17:01:03.238326Z  INFO faf_app::infra::ice_java: ICE negotiation state remote_player=135128 state="disconnected"
2026-09-30T17:01:03.578852Z  WARN faf_app::infra::discord: Discord rich presence disconnected reason=Discord is not running
2026-09-30T17:01:06.043347Z  INFO faf_app::infra::ice_java: ICE negotiation state remote_player=449410 state="gathering"
2026-09-30T17:01:08.245768Z  INFO faf_app::infra::ice_java: ICE negotiation state remote_player=135128 state="gathering"
2026-09-30T17:01:08.292398Z  INFO faf_app::infra::ice_java: ICE negotiation state remote_player=449410 state="awaitingCandidates"
2026-09-30T17:01:10.482408Z  INFO faf_app::infra::ice_java: ICE negotiation state remote_player=135128 state="awaitingCandidates"
2026-09-30T17:01:14.307540Z  INFO faf_app::infra::ice_java: ICE negotiation state remote_player=449410 state="disconnected"
2026-09-30T17:01:16.491800Z  INFO faf_app::infra::ice_java: ICE negotiation state remote_player=135128 state="disconnected"
2026-09-30T17:01:18.592451Z  WARN faf_app::infra::discord: Discord rich presence disconnected reason=Discord is not running
2026-09-30T17:01:19.325168Z  INFO faf_app::infra::ice_java: ICE negotiation state remote_player=449410 state="gathering"
2026-09-30T17:01:21.500181Z  INFO faf_app::infra::ice_java: ICE negotiation state remote_player=135128 state="gathering"
2026-09-30T17:01:21.576605Z  INFO faf_app::infra::ice_java: ICE negotiation state remote_player=449410 state="awaitingCandidates"
2026-09-30T17:01:23.747971Z  INFO faf_app::infra::ice_java: ICE negotiation state remote_player=135128 state="awaitingCandidates"
2026-09-30T17:01:27.586731Z  INFO faf_app::infra::ice_java: ICE negotiation state remote_player=449410 state="disconnected"
2026-09-30T17:01:29.752189Z  INFO faf_app::infra::ice_java: ICE negotiation state remote_player=135128 state="disconnected"
2026-09-30T17:01:32.591730Z  INFO faf_app::infra::ice_java: ICE negotiation state remote_player=449410 state="gathering"
2026-09-30T17:01:33.600244Z  WARN faf_app::infra::discord: Discord rich presence disconnected reason=Discord is not running
2026-09-30T17:01:34.767705Z  INFO faf_app::infra::ice_java: ICE negotiation state remote_player=135128 state="gathering"
2026-09-30T17:01:34.845642Z  INFO faf_app::infra::ice_java: ICE negotiation state remote_player=449410 state="awaitingCandidates"
2026-09-30T17:01:37.012930Z  INFO faf_app::infra::ice_java: ICE negotiation state remote_player=135128 state="awaitingCandidates"
2026-09-30T17:01:40.847789Z  INFO faf_app::infra::ice_java: ICE negotiation state remote_player=449410 state="disconnected"
2026-09-30T17:01:43.025002Z  INFO faf_app::infra::ice_java: ICE negotiation state remote_player=135128 state="disconnected"
2026-09-30T17:01:45.860263Z  INFO faf_app::infra::ice_java: ICE negotiation state remote_player=449410 state="gathering"
2026-09-30T17:01:48.040208Z  INFO faf_app::infra::ice_java: ICE negotiation state remote_player=135128 state="gathering"
2026-09-30T17:01:48.102162Z  INFO faf_app::infra::ice_java: ICE negotiation state remote_player=449410 state="awaitingCandidates"
2026-09-30T17:01:48.610649Z  WARN faf_app::infra::discord: Discord rich presence disconnected reason=Discord is not running
2026-09-30T17:01:50.281615Z  INFO faf_app::infra::ice_java: ICE negotiation state remote_player=135128 state="awaitingCandidates"
2026-09-30T17:01:54.114898Z  INFO faf_app::infra::ice_java: ICE negotiation state remote_player=449410 state="disconnected"
2026-09-30T17:01:56.289327Z  INFO faf_app::infra::ice_java: ICE negotiation state remote_player=135128 state="disconnected"
2026-09-30T17:01:59.130392Z  INFO faf_app::infra::ice_java: ICE negotiation state remote_player=449410 state="gathering"
2026-09-30T17:02:01.303505Z  INFO faf_app::infra::ice_java: ICE negotiation state remote_player=135128 state="gathering"
2026-09-30T17:02:01.365673Z  INFO faf_app::infra::ice_java: ICE negotiation state remote_player=449410 state="awaitingCandidates"
2026-09-30T17:02:03.542829Z  INFO faf_app::infra::ice_java: ICE negotiation state remote_player=135128 state="awaitingCandidates"
2026-09-30T17:02:03.619046Z  WARN faf_app::infra::discord: Discord rich presence disconnected reason=Discord is not running
2026-09-30T17:02:07.381434Z  INFO faf_app::infra::ice_java: ICE negotiation state remote_player=449410 state="disconnected"
2026-09-30T17:02:09.555818Z  INFO faf_app::infra::ice_java: ICE negotiation state remote_player=135128 state="disconnected"
2026-09-30T17:02:12.394560Z  INFO faf_app::infra::ice_java: ICE negotiation state remote_player=449410 state="gathering"
2026-09-30T17:02:14.565202Z  INFO faf_app::infra::ice_java: ICE negotiation state remote_player=135128 state="gathering"
2026-09-30T17:02:14.643182Z  INFO faf_app::infra::ice_java: ICE negotiation state remote_player=449410 state="awaitingCandidates"
2026-09-30T17:02:16.809304Z  INFO faf_app::infra::ice_java: ICE negotiation state remote_player=135128 state="awaitingCandidates"
2026-09-30T17:02:18.624534Z  WARN faf_app::infra::discord: Discord rich presence disconnected reason=Discord is not running
2026-09-30T17:02:20.656471Z  INFO faf_app::infra::ice_java: ICE negotiation state remote_player=449410 state="disconnected"
2026-09-30T17:02:22.825334Z  INFO faf_app::infra::ice_java: ICE negotiation state remote_player=135128 state="disconnected"
2026-09-30T17:02:25.664908Z  INFO faf_app::infra::ice_java: ICE negotiation state remote_player=449410 state="gathering"
2026-09-30T17:02:27.832734Z  INFO faf_app::infra::ice_java: ICE negotiation state remote_player=135128 state="gathering"
2026-09-30T17:02:27.941743Z  INFO faf_app::infra::ice_java: ICE negotiation state remote_player=449410 state="awaitingCandidates"
2026-09-30T17:02:30.070324Z  INFO faf_app::infra::ice_java: ICE negotiation state remote_player=135128 state="awaitingCandidates"
2026-09-30T17:02:33.632406Z  WARN faf_app::infra::discord: Discord rich presence disconnected reason=Discord is not running
2026-09-30T17:02:33.944879Z  INFO faf_app::infra::ice_java: ICE negotiation state remote_player=449410 state="disconnected"
2026-09-30T17:02:36.072462Z  INFO faf_app::infra::ice_java: ICE negotiation state remote_player=135128 state="disconnected"
2026-09-30T17:02:38.951971Z  INFO faf_app::infra::ice_java: ICE negotiation state remote_player=449410 state="gathering"
2026-09-30T17:02:41.076807Z  INFO faf_app::infra::ice_java: ICE negotiation state remote_player=135128 state="gathering"
2026-09-30T17:02:41.199406Z  INFO faf_app::infra::ice_java: ICE negotiation state remote_player=449410 state="awaitingCandidates"
2026-09-30T17:02:43.339432Z  INFO faf_app::infra::ice_java: ICE negotiation state remote_player=135128 state="awaitingCandidates"
2026-09-30T17:02:47.202348Z  INFO faf_app::infra::ice_java: ICE negotiation state remote_player=449410 state="disconnected"
2026-09-30T17:02:48.646481Z  WARN faf_app::infra::discord: Discord rich presence disconnected reason=Discord is not running
2026-09-30T17:02:49.344535Z  INFO faf_app::infra::ice_java: ICE negotiation state remote_player=135128 state="disconnected"
2026-09-30T17:02:52.212276Z  INFO faf_app::infra::ice_java: ICE negotiation state remote_player=449410 state="gathering"
2026-09-30T17:02:54.355172Z  INFO faf_app::infra::ice_java: ICE negotiation state remote_player=135128 state="gathering"
2026-09-30T17:02:54.448342Z  INFO faf_app::infra::ice_java: ICE negotiation state remote_player=449410 state="awaitingCandidates"
2026-09-30T17:02:56.612427Z  INFO faf_app::infra::ice_java: ICE negotiation state remote_player=135128 state="awaitingCandidates"
2026-09-30T17:03:00.462960Z  INFO faf_app::infra::ice_java: ICE negotiation state remote_player=449410 state="disconnected"
2026-09-30T17:03:02.616554Z  INFO faf_app::infra::ice_java: ICE negotiation state remote_player=135128 state="disconnected"
2026-09-30T17:03:03.654849Z  WARN faf_app::infra::discord: Discord rich presence disconnected reason=Discord is not running
2026-09-30T17:03:05.475820Z  INFO faf_app::infra::ice_java: ICE negotiation state remote_player=449410 state="gathering"
2026-09-30T17:03:07.629106Z  INFO faf_app::infra::ice_java: ICE negotiation state remote_player=135128 state="gathering"
2026-09-30T17:03:07.720334Z  INFO faf_app::infra::ice_java: ICE negotiation state remote_player=449410 state="awaitingCandidates"
2026-09-30T17:03:09.882384Z  INFO faf_app::infra::ice_java: ICE negotiation state remote_player=135128 state="awaitingCandidates"
2026-09-30T17:03:13.735641Z  INFO faf_app::infra::ice_java: ICE negotiation state remote_player=449410 state="disconnected"
2026-09-30T17:03:15.894820Z  INFO faf_app::infra::ice_java: ICE negotiation state remote_player=135128 state="disconnected"
2026-09-30T17:03:18.664511Z  WARN faf_app::infra::discord: Discord rich presence disconnected reason=Discord is not running
2026-09-30T17:03:18.743137Z  INFO faf_app::infra::ice_java: ICE negotiation state remote_player=449410 state="gathering"
2026-09-30T17:03:20.903270Z  INFO faf_app::infra::ice_java: ICE negotiation state remote_player=135128 state="gathering"
2026-09-30T17:03:20.979945Z  INFO faf_app::infra::ice_java: ICE negotiation state remote_player=449410 state="awaitingCandidates"
2026-09-30T17:03:23.162424Z  INFO faf_app::infra::ice_java: ICE negotiation state remote_player=135128 state="awaitingCandidates"
2026-09-30T17:03:26.988731Z  INFO faf_app::infra::ice_java: ICE negotiation state remote_player=449410 state="disconnected"
2026-09-30T17:03:29.165369Z  INFO faf_app::infra::ice_java: ICE negotiation state remote_player=135128 state="disconnected"
2026-09-30T17:03:31.993800Z  INFO faf_app::infra::ice_java: ICE negotiation state remote_player=449410 state="gathering"
2026-09-30T17:03:33.666912Z  WARN faf_app::infra::discord: Discord rich presence disconnected reason=Discord is not running
2026-09-30T17:03:34.179250Z  INFO faf_app::infra::ice_java: ICE negotiation state remote_player=135128 state="gathering"
2026-09-30T17:03:34.241559Z  INFO faf_app::infra::ice_java: ICE negotiation state remote_player=449410 state="awaitingCandidates"
2026-09-30T17:03:36.425280Z  INFO faf_app::infra::ice_java: ICE negotiation state remote_player=135128 state="awaitingCandidates"
2026-09-30T17:03:40.257663Z  INFO faf_app::infra::ice_java: ICE negotiation state remote_player=449410 state="disconnected"
2026-09-30T17:03:42.434683Z  INFO faf_app::infra::ice_java: ICE negotiation state remote_player=135128 state="disconnected"
2026-09-30T17:03:45.272042Z  INFO faf_app::infra::ice_java: ICE negotiation state remote_player=449410 state="gathering"
2026-09-30T17:03:47.444155Z  INFO faf_app::infra::ice_java: ICE negotiation state remote_player=135128 state="gathering"
2026-09-30T17:03:47.522335Z  INFO faf_app::infra::ice_java: ICE negotiation state remote_player=449410 state="awaitingCandidates"
2026-09-30T17:03:48.670647Z  WARN faf_app::infra::discord: Discord rich presence disconnected reason=Discord is not running
2026-09-30T17:03:49.696272Z  INFO faf_app::infra::ice_java: ICE negotiation state remote_player=135128 state="awaitingCandidates"
2026-09-30T17:03:53.536930Z  INFO faf_app::infra::ice_java: ICE negotiation state remote_player=449410 state="disconnected"
2026-09-30T17:03:55.702119Z  INFO faf_app::infra::ice_java: ICE negotiation state remote_player=135128 state="disconnected"
2026-09-30T17:03:58.541414Z  INFO faf_app::infra::ice_java: ICE negotiation state remote_player=449410 state="gathering"
2026-09-30T17:04:00.719328Z  INFO faf_app::infra::ice_java: ICE negotiation state remote_player=135128 state="gathering"
2026-09-30T17:04:00.812201Z  INFO faf_app::infra::ice_java: ICE negotiation state remote_player=449410 state="awaitingCandidates"
2026-09-30T17:04:02.966394Z  INFO faf_app::infra::ice_java: ICE negotiation state remote_player=135128 state="awaitingCandidates"
2026-09-30T17:04:03.681174Z  WARN faf_app::infra::discord: Discord rich presence disconnected reason=Discord is not running
2026-09-30T17:04:06.822072Z  INFO faf_app::infra::ice_java: ICE negotiation state remote_player=449410 state="disconnected"
2026-09-30T17:04:08.970504Z  INFO faf_app::infra::ice_java: ICE negotiation state remote_player=135128 state="disconnected"
2026-09-30T17:04:11.830300Z  INFO faf_app::infra::ice_java: ICE negotiation state remote_player=449410 state="gathering"
2026-09-30T17:04:13.988689Z  INFO faf_app::infra::ice_java: ICE negotiation state remote_player=135128 state="gathering"
2026-09-30T17:04:14.077924Z  INFO faf_app::infra::ice_java: ICE negotiation state remote_player=449410 state="awaitingCandidates"
2026-09-30T17:04:16.237206Z  INFO faf_app::infra::ice_java: ICE negotiation state remote_player=135128 state="awaitingCandidates"
2026-09-30T17:04:18.441427Z  INFO faf_app::infra::ice_java: ICE peer state remote_player=436001 connected=false
2026-09-30T17:04:18.441475Z  INFO faf_app::infra::ice_java: ICE negotiation state remote_player=436001 state="disconnected"
2026-09-30T17:04:18.443881Z  INFO faf_app::infra::ice_java: ICE negotiation state remote_player=436001 state="gathering"
2026-09-30T17:04:18.688956Z  WARN faf_app::infra::discord: Discord rich presence disconnected reason=Discord is not running
2026-09-30T17:04:20.088779Z  INFO faf_app::infra::ice_java: ICE negotiation state remote_player=449410 state="disconnected"
2026-09-30T17:04:20.693294Z  INFO faf_app::infra::ice_java: ICE negotiation state remote_player=436001 state="awaitingCandidates"
2026-09-30T17:04:22.245337Z  INFO faf_app::infra::ice_java: ICE negotiation state remote_player=135128 state="disconnected"
2026-09-30T17:04:25.091758Z  INFO faf_app::infra::ice_java: ICE negotiation state remote_player=449410 state="gathering"
2026-09-30T17:04:26.705924Z  INFO faf_app::infra::ice_java: ICE negotiation state remote_player=436001 state="disconnected"
2026-09-30T17:04:27.247464Z  INFO faf_app::infra::ice_java: ICE negotiation state remote_player=135128 state="gathering"
2026-09-30T17:04:27.353792Z  INFO faf_app::infra::ice_java: ICE negotiation state remote_player=449410 state="awaitingCandidates"
2026-09-30T17:04:29.496484Z  INFO faf_app::infra::ice_java: ICE negotiation state remote_player=135128 state="awaitingCandidates"
2026-09-30T17:04:31.718209Z  INFO faf_app::infra::ice_java: ICE negotiation state remote_player=436001 state="gathering"
2026-09-30T17:04:33.356359Z  INFO faf_app::infra::ice_java: ICE negotiation state remote_player=449410 state="disconnected"
2026-09-30T17:04:33.695537Z  WARN faf_app::infra::discord: Discord rich presence disconnected reason=Discord is not running
2026-09-30T17:04:33.976236Z  INFO faf_app::infra::ice_java: ICE negotiation state remote_player=436001 state="awaitingCandidates"
2026-09-30T17:04:35.511924Z  INFO faf_app::infra::ice_java: ICE negotiation state remote_player=135128 state="disconnected"
2026-09-30T17:04:38.369503Z  INFO faf_app::infra::ice_java: ICE negotiation state remote_player=449410 state="gathering"
2026-09-30T17:04:39.982549Z  INFO faf_app::infra::ice_java: ICE negotiation state remote_player=436001 state="disconnected"
2026-09-30T17:04:40.526941Z  INFO faf_app::infra::ice_java: ICE negotiation state remote_player=135128 state="gathering"
2026-09-30T17:04:40.620356Z  INFO faf_app::infra::ice_java: ICE negotiation state remote_player=449410 state="awaitingCandidates"
2026-09-30T17:04:42.766639Z  INFO faf_app::infra::ice_java: ICE negotiation state remote_player=135128 state="awaitingCandidates"
2026-09-30T17:04:44.984871Z  INFO faf_app::infra::ice_java: ICE negotiation state remote_player=436001 state="gathering"
2026-09-30T17:04:46.627115Z  INFO faf_app::infra::ice_java: ICE negotiation state remote_player=449410 state="disconnected"
2026-09-30T17:04:47.246033Z  INFO faf_app::infra::ice_java: ICE negotiation state remote_player=436001 state="awaitingCandidates"
2026-09-30T17:04:48.705623Z  WARN faf_app::infra::discord: Discord rich presence disconnected reason=Discord is not running
2026-09-30T17:04:48.768989Z  INFO faf_app::infra::ice_java: ICE negotiation state remote_player=135128 state="disconnected"
2026-09-30T17:04:51.638053Z  INFO faf_app::infra::ice_java: ICE negotiation state remote_player=449410 state="gathering"
2026-09-30T17:04:53.253327Z  INFO faf_app::infra::ice_java: ICE negotiation state remote_player=436001 state="disconnected"
2026-09-30T17:04:53.784910Z  INFO faf_app::infra::ice_java: ICE negotiation state remote_player=135128 state="gathering"
2026-09-30T17:04:53.877133Z  INFO faf_app::infra::ice_java: ICE negotiation state remote_player=449410 state="awaitingCandidates"
2026-09-30T17:04:56.032833Z  INFO faf_app::infra::ice_java: ICE negotiation state remote_player=135128 state="awaitingCandidates"
2026-09-30T17:04:58.267530Z  INFO faf_app::infra::ice_java: ICE negotiation state remote_player=436001 state="gathering"
2026-09-30T17:04:59.881914Z  INFO faf_app::infra::ice_java: ICE negotiation state remote_player=449410 state="disconnected"
2026-09-30T17:05:00.498218Z  INFO faf_app::infra::ice_java: ICE negotiation state remote_player=436001 state="awaitingCandidates"
2026-09-30T17:05:02.034261Z  INFO faf_app::infra::ice_java: ICE negotiation state remote_player=135128 state="disconnected"
2026-09-30T17:05:03.710508Z  WARN faf_app::infra::discord: Discord rich presence disconnected reason=Discord is not running
2026-09-30T17:05:04.891138Z  INFO faf_app::infra::ice_java: ICE negotiation state remote_player=449410 state="gathering"
2026-09-30T17:05:06.503132Z  INFO faf_app::infra::ice_java: ICE negotiation state remote_player=436001 state="disconnected"
2026-09-30T17:05:07.048630Z  INFO faf_app::infra::ice_java: ICE negotiation state remote_player=135128 state="gathering"
2026-09-30T17:05:07.126842Z  INFO faf_app::infra::ice_java: ICE negotiation state remote_player=449410 state="awaitingCandidates"
2026-09-30T17:05:09.298357Z  INFO faf_app::infra::ice_java: ICE negotiation state remote_player=135128 state="awaitingCandidates"
2026-09-30T17:05:11.513279Z  INFO faf_app::infra::ice_java: ICE negotiation state remote_player=436001 state="gathering"
2026-09-30T17:05:13.132272Z  INFO faf_app::infra::ice_java: ICE negotiation state remote_player=449410 state="disconnected"
2026-09-30T17:05:13.753032Z  INFO faf_app::infra::ice_java: ICE negotiation state remote_player=436001 state="awaitingCandidates"
2026-09-30T17:05:15.313193Z  INFO faf_app::infra::ice_java: ICE negotiation state remote_player=135128 state="disconnected"
2026-09-30T17:05:18.146895Z  INFO faf_app::infra::ice_java: ICE negotiation state remote_player=449410 state="gathering"
2026-09-30T17:05:18.717245Z  WARN faf_app::infra::discord: Discord rich presence disconnected reason=Discord is not running
2026-09-30T17:05:19.769777Z  INFO faf_app::infra::ice_java: ICE negotiation state remote_player=436001 state="disconnected"
2026-09-30T17:05:20.325257Z  INFO faf_app::infra::ice_java: ICE negotiation state remote_player=135128 state="gathering"
2026-09-30T17:05:20.387083Z  INFO faf_app::infra::ice_java: ICE negotiation state remote_player=449410 state="awaitingCandidates"
2026-09-30T17:05:22.554676Z  INFO faf_app::infra::ice_java: ICE negotiation state remote_player=135128 state="awaitingCandidates"
2026-09-30T17:05:24.785766Z  INFO faf_app::infra::ice_java: ICE negotiation state remote_player=436001 state="gathering"
2026-09-30T17:05:26.402854Z  INFO faf_app::infra::ice_java: ICE negotiation state remote_player=449410 state="disconnected"
2026-09-30T17:05:27.051657Z  INFO faf_app::infra::ice_java: ICE negotiation state remote_player=436001 state="awaitingCandidates"
2026-09-30T17:05:28.559078Z  INFO faf_app::infra::ice_java: ICE negotiation state remote_player=135128 state="disconnected"
2026-09-30T17:05:31.418025Z  INFO faf_app::infra::ice_java: ICE negotiation state remote_player=449410 state="gathering"
2026-09-30T17:05:33.059241Z  INFO faf_app::infra::ice_java: ICE negotiation state remote_player=436001 state="disconnected"
2026-09-30T17:05:33.576349Z  INFO faf_app::infra::ice_java: ICE negotiation state remote_player=135128 state="gathering"
2026-09-30T17:05:33.681925Z  INFO faf_app::infra::ice_java: ICE negotiation state remote_player=449410 state="awaitingCandidates"
2026-09-30T17:05:33.728426Z  WARN faf_app::infra::discord: Discord rich presence disconnected reason=Discord is not running
2026-09-30T17:05:35.821224Z  INFO faf_app::infra::ice_java: ICE negotiation state remote_player=135128 state="awaitingCandidates"
2026-09-30T17:05:38.062240Z  INFO faf_app::infra::ice_java: ICE negotiation state remote_player=436001 state="gathering"
2026-09-30T17:05:39.691468Z  INFO faf_app::infra::ice_java: ICE negotiation state remote_player=449410 state="disconnected"
2026-09-30T17:05:40.298373Z  INFO faf_app::infra::ice_java: ICE negotiation state remote_player=436001 state="awaitingCandidates"
2026-09-30T17:05:41.830564Z  INFO faf_app::infra::ice_java: ICE negotiation state remote_player=135128 state="disconnected"
2026-09-30T17:05:44.695403Z  INFO faf_app::infra::ice_java: ICE negotiation state remote_player=449410 state="gathering"
2026-09-30T17:05:46.312305Z  INFO faf_app::infra::ice_java: ICE negotiation state remote_player=436001 state="disconnected"
2026-09-30T17:05:46.836535Z  INFO faf_app::infra::ice_java: ICE negotiation state remote_player=135128 state="gathering"
2026-09-30T17:05:46.946111Z  INFO faf_app::infra::ice_java: ICE negotiation state remote_player=449410 state="awaitingCandidates"
2026-09-30T17:05:48.734709Z  WARN faf_app::infra::discord: Discord rich presence disconnected reason=Discord is not running
2026-09-30T17:05:49.080594Z  INFO faf_app::infra::ice_java: ICE negotiation state remote_player=135128 state="awaitingCandidates"
2026-09-30T17:05:51.323835Z  INFO faf_app::infra::ice_java: ICE negotiation state remote_player=436001 state="gathering"
2026-09-30T17:05:52.951162Z  INFO faf_app::infra::ice_java: ICE negotiation state remote_player=449410 state="disconnected"
2026-09-30T17:05:53.588479Z  INFO faf_app::infra::ice_java: ICE negotiation state remote_player=436001 state="awaitingCandidates"
2026-09-30T17:05:55.092603Z  INFO faf_app::infra::ice_java: ICE negotiation state remote_player=135128 state="disconnected"
2026-09-30T17:05:57.956297Z  INFO faf_app::infra::ice_java: ICE negotiation state remote_player=449410 state="gathering"
2026-09-30T17:05:59.602162Z  INFO faf_app::infra::ice_java: ICE negotiation state remote_player=436001 state="disconnected"
2026-09-30T17:06:00.109974Z  INFO faf_app::infra::ice_java: ICE negotiation state remote_player=135128 state="gathering"
2026-09-30T17:06:00.186800Z  INFO faf_app::infra::ice_java: ICE negotiation state remote_player=449410 state="awaitingCandidates"
2026-09-30T17:06:02.356239Z  INFO faf_app::infra::ice_java: ICE negotiation state remote_player=135128 state="awaitingCandidates"
2026-09-30T17:06:03.737128Z  WARN faf_app::infra::discord: Discord rich presence disconnected reason=Discord is not running
2026-09-30T17:06:04.606335Z  INFO faf_app::infra::ice_java: ICE negotiation state remote_player=436001 state="gathering"
2026-09-30T17:06:06.188357Z  INFO faf_app::infra::ice_java: ICE negotiation state remote_player=449410 state="disconnected"
2026-09-30T17:06:06.838669Z  INFO faf_app::infra::ice_java: ICE negotiation state remote_player=436001 state="awaitingCandidates"
2026-09-30T17:06:08.366369Z  INFO faf_app::infra::ice_java: ICE negotiation state remote_player=135128 state="disconnected"
2026-09-30T17:06:11.202616Z  INFO faf_app::infra::ice_java: ICE negotiation state remote_player=449410 state="gathering"
2026-09-30T17:06:12.850120Z  INFO faf_app::infra::ice_java: ICE negotiation state remote_player=436001 state="disconnected"
2026-09-30T17:06:13.378389Z  INFO faf_app::infra::ice_java: ICE negotiation state remote_player=135128 state="gathering"
2026-09-30T17:06:13.440080Z  INFO faf_app::infra::ice_java: ICE negotiation state remote_player=449410 state="awaitingCandidates"
2026-09-30T17:06:15.638374Z  INFO faf_app::infra::ice_java: ICE negotiation state remote_player=135128 state="awaitingCandidates"
2026-09-30T17:06:17.861538Z  INFO faf_app::infra::ice_java: ICE negotiation state remote_player=436001 state="gathering"
2026-09-30T17:06:18.749441Z  WARN faf_app::infra::discord: Discord rich presence disconnected reason=Discord is not running
2026-09-30T17:06:19.449430Z  INFO faf_app::infra::ice_java: ICE negotiation state remote_player=449410 state="disconnected"
2026-09-30T17:06:20.116533Z  INFO faf_app::infra::ice_java: ICE negotiation state remote_player=436001 state="awaitingCandidates"
2026-09-30T17:06:21.649918Z  INFO faf_app::infra::ice_java: ICE negotiation state remote_player=135128 state="disconnected"
2026-09-30T17:06:24.453791Z  INFO faf_app::infra::ice_java: ICE negotiation state remote_player=449410 state="gathering"
2026-09-30T17:06:26.117909Z  INFO faf_app::infra::ice_java: ICE negotiation state remote_player=436001 state="disconnected"
2026-09-30T17:06:26.661233Z  INFO faf_app::infra::ice_java: ICE negotiation state remote_player=135128 state="gathering"
2026-09-30T17:06:26.691721Z  INFO faf_app::infra::ice_java: ICE negotiation state remote_player=449410 state="awaitingCandidates"
2026-09-30T17:06:28.907451Z  INFO faf_app::infra::ice_java: ICE negotiation state remote_player=135128 state="awaitingCandidates"
2026-09-30T17:06:31.121822Z  INFO faf_app::infra::ice_java: ICE negotiation state remote_player=436001 state="gathering"
2026-09-30T17:06:32.705560Z  INFO faf_app::infra::ice_java: ICE negotiation state remote_player=449410 state="disconnected"
2026-09-30T17:06:33.374385Z  INFO faf_app::infra::ice_java: ICE negotiation state remote_player=436001 state="awaitingCandidates"
2026-09-30T17:06:33.763359Z  WARN faf_app::infra::discord: Discord rich presence disconnected reason=Discord is not running
2026-09-30T17:06:34.923668Z  INFO faf_app::infra::ice_java: ICE negotiation state remote_player=135128 state="disconnected"
2026-09-30T17:06:37.716715Z  INFO faf_app::infra::ice_java: ICE negotiation state remote_player=449410 state="gathering"
2026-09-30T17:06:39.375337Z  INFO faf_app::infra::ice_java: ICE negotiation state remote_player=436001 state="disconnected"
2026-09-30T17:06:39.935930Z  INFO faf_app::infra::ice_java: ICE negotiation state remote_player=135128 state="gathering"
2026-09-30T17:06:39.982339Z  INFO faf_app::infra::ice_java: ICE negotiation state remote_player=449410 state="awaitingCandidates"
2026-09-30T17:06:42.186143Z  INFO faf_app::infra::ice_java: ICE negotiation state remote_player=135128 state="awaitingCandidates"
2026-09-30T17:06:44.391425Z  INFO faf_app::infra::ice_java: ICE negotiation state remote_player=436001 state="gathering"
2026-09-30T17:06:45.992589Z  INFO faf_app::infra::ice_java: ICE negotiation state remote_player=449410 state="disconnected"
2026-09-30T17:06:46.658972Z  INFO faf_app::infra::ice_java: ICE negotiation state remote_player=436001 state="awaitingCandidates"
2026-09-30T17:06:48.192417Z  INFO faf_app::infra::ice_java: ICE negotiation state remote_player=135128 state="disconnected"
2026-09-30T17:06:48.777511Z  WARN faf_app::infra::discord: Discord rich presence disconnected reason=Discord is not running
2026-09-30T17:06:50.998971Z  INFO faf_app::infra::ice_java: ICE negotiation state remote_player=449410 state="gathering"
2026-09-30T17:06:52.672149Z  INFO faf_app::infra::ice_java: ICE negotiation state remote_player=436001 state="disconnected"
2026-09-30T17:06:53.201761Z  INFO faf_app::infra::ice_java: ICE negotiation state remote_player=135128 state="gathering"
2026-09-30T17:06:53.262463Z  INFO faf_app::infra::ice_java: ICE negotiation state remote_player=449410 state="awaitingCandidates"
2026-09-30T17:06:55.455450Z  INFO faf_app::infra::ice_java: ICE negotiation state remote_player=135128 state="awaitingCandidates"
2026-09-30T17:06:57.678640Z  INFO faf_app::infra::ice_java: ICE negotiation state remote_player=436001 state="gathering"
2026-09-30T17:06:59.263702Z  INFO faf_app::infra::ice_java: ICE negotiation state remote_player=449410 state="disconnected"
2026-09-30T17:06:59.917171Z  INFO faf_app::infra::ice_java: ICE negotiation state remote_player=436001 state="awaitingCandidates"
2026-09-30T17:07:01.461702Z  INFO faf_app::infra::ice_java: ICE negotiation state remote_player=135128 state="disconnected"
2026-09-30T17:07:03.784398Z  WARN faf_app::infra::discord: Discord rich presence disconnected reason=Discord is not running
2026-09-30T17:07:04.266688Z  INFO faf_app::infra::ice_java: ICE negotiation state remote_player=449410 state="gathering"
2026-09-30T17:07:05.922952Z  INFO faf_app::infra::ice_java: ICE negotiation state remote_player=436001 state="disconnected"
2026-09-30T17:07:06.468030Z  INFO faf_app::infra::ice_java: ICE negotiation state remote_player=135128 state="gathering"
2026-09-30T17:07:06.515199Z  INFO faf_app::infra::ice_java: ICE negotiation state remote_player=449410 state="awaitingCandidates"
2026-09-30T17:07:08.703194Z  INFO faf_app::infra::ice_java: ICE negotiation state remote_player=135128 state="awaitingCandidates"
2026-09-30T17:07:10.928856Z  INFO faf_app::infra::ice_java: ICE negotiation state remote_player=436001 state="gathering"
2026-09-30T17:07:12.525112Z  INFO faf_app::infra::ice_java: ICE negotiation state remote_player=449410 state="disconnected"
2026-09-30T17:07:13.180813Z  INFO faf_app::infra::ice_java: ICE negotiation state remote_player=436001 state="awaitingCandidates"
2026-09-30T17:07:14.704885Z  INFO faf_app::infra::ice_java: ICE negotiation state remote_player=135128 state="disconnected"
2026-09-30T17:07:17.540123Z  INFO faf_app::infra::ice_java: ICE negotiation state remote_player=449410 state="gathering"
2026-09-30T17:07:18.794069Z  WARN faf_app::infra::discord: Discord rich presence disconnected reason=Discord is not running
2026-09-30T17:07:19.183605Z  INFO faf_app::infra::ice_java: ICE negotiation state remote_player=436001 state="disconnected"
2026-09-30T17:07:19.710860Z  INFO faf_app::infra::ice_java: ICE negotiation state remote_player=135128 state="gathering"
2026-09-30T17:07:19.802430Z  INFO faf_app::infra::ice_java: ICE negotiation state remote_player=449410 state="awaitingCandidates"
2026-09-30T17:07:21.961710Z  INFO faf_app::infra::ice_java: ICE negotiation state remote_player=135128 state="awaitingCandidates"
2026-09-30T17:07:24.197462Z  INFO faf_app::infra::ice_java: ICE negotiation state remote_player=436001 state="gathering"
2026-09-30T17:07:25.814438Z  INFO faf_app::infra::ice_java: ICE negotiation state remote_player=449410 state="disconnected"
2026-09-30T17:07:26.451158Z  INFO faf_app::infra::ice_java: ICE negotiation state remote_player=436001 state="awaitingCandidates"
2026-09-30T17:07:27.972161Z  INFO faf_app::infra::ice_java: ICE negotiation state remote_player=135128 state="disconnected"
2026-09-30T17:07:30.827752Z  INFO faf_app::infra::ice_java: ICE negotiation state remote_player=449410 state="gathering"
2026-09-30T17:07:32.459580Z  INFO faf_app::infra::ice_java: ICE negotiation state remote_player=436001 state="disconnected"
2026-09-30T17:07:32.985467Z  INFO faf_app::infra::ice_java: ICE negotiation state remote_player=135128 state="gathering"
2026-09-30T17:07:33.061725Z  INFO faf_app::infra::ice_java: ICE negotiation state remote_player=449410 state="awaitingCandidates"
2026-09-30T17:07:33.800669Z  WARN faf_app::infra::discord: Discord rich presence disconnected reason=Discord is not running
2026-09-30T17:07:35.236901Z  INFO faf_app::infra::ice_java: ICE negotiation state remote_player=135128 state="awaitingCandidates"
2026-09-30T17:07:37.472264Z  INFO faf_app::infra::ice_java: ICE negotiation state remote_player=436001 state="gathering"
2026-09-30T17:07:39.068648Z  INFO faf_app::infra::ice_java: ICE negotiation state remote_player=449410 state="disconnected"
2026-09-30T17:07:39.706474Z  INFO faf_app::infra::ice_java: ICE negotiation state remote_player=436001 state="awaitingCandidates"
2026-09-30T17:07:41.243554Z  INFO faf_app::infra::ice_java: ICE negotiation state remote_player=135128 state="disconnected"
2026-09-30T17:07:44.081421Z  INFO faf_app::infra::ice_java: ICE negotiation state remote_player=449410 state="gathering"
2026-09-30T17:07:45.715974Z  INFO faf_app::infra::ice_java: ICE negotiation state remote_player=436001 state="disconnected"
2026-09-30T17:07:46.259362Z  INFO faf_app::infra::ice_java: ICE negotiation state remote_player=135128 state="gathering"
2026-09-30T17:07:46.336240Z  INFO faf_app::infra::ice_java: ICE negotiation state remote_player=449410 state="awaitingCandidates"
2026-09-30T17:07:48.510518Z  INFO faf_app::infra::ice_java: ICE negotiation state remote_player=135128 state="awaitingCandidates"
2026-09-30T17:07:48.805504Z  WARN faf_app::infra::discord: Discord rich presence disconnected reason=Discord is not running
2026-09-30T17:07:50.721401Z  INFO faf_app::infra::ice_java: ICE negotiation state remote_player=436001 state="gathering"
2026-09-30T17:07:52.337443Z  INFO faf_app::infra::ice_java: ICE negotiation state remote_player=449410 state="disconnected"
2026-09-30T17:07:52.987918Z  INFO faf_app::infra::ice_java: ICE negotiation state remote_player=436001 state="awaitingCandidates"
2026-09-30T17:07:54.522829Z  INFO faf_app::infra::ice_java: ICE negotiation state remote_player=135128 state="disconnected"
2026-09-30T17:07:57.347568Z  INFO faf_app::infra::ice_java: ICE negotiation state remote_player=449410 state="gathering"
2026-09-30T17:07:58.991460Z  INFO faf_app::infra::ice_java: ICE negotiation state remote_player=436001 state="disconnected"
2026-09-30T17:07:59.533990Z  INFO faf_app::infra::ice_java: ICE negotiation state remote_player=135128 state="gathering"
2026-09-30T17:07:59.580929Z  INFO faf_app::infra::ice_java: ICE negotiation state remote_player=449410 state="awaitingCandidates"
2026-09-30T17:08:01.783378Z  INFO faf_app::infra::ice_java: ICE negotiation state remote_player=135128 state="awaitingCandidates"
2026-09-30T17:08:03.816799Z  WARN faf_app::infra::discord: Discord rich presence disconnected reason=Discord is not running
2026-09-30T17:08:04.003795Z  INFO faf_app::infra::ice_java: ICE negotiation state remote_player=436001 state="gathering"
2026-09-30T17:08:05.590693Z  INFO faf_app::infra::ice_java: ICE negotiation state remote_player=449410 state="disconnected"
2026-09-30T17:08:06.275697Z  INFO faf_app::infra::ice_java: ICE negotiation state remote_player=436001 state="awaitingCandidates"
2026-09-30T17:08:07.788914Z  INFO faf_app::infra::ice_java: ICE negotiation state remote_player=135128 state="disconnected"
2026-09-30T17:08:10.605305Z  INFO faf_app::infra::ice_java: ICE negotiation state remote_player=449410 state="gathering"
2026-09-30T17:08:12.279243Z  INFO faf_app::infra::ice_java: ICE negotiation state remote_player=436001 state="disconnected"
2026-09-30T17:08:12.806408Z  INFO faf_app::infra::ice_java: ICE negotiation state remote_player=135128 state="gathering"
2026-09-30T17:08:12.854822Z  INFO faf_app::infra::ice_java: ICE negotiation state remote_player=449410 state="awaitingCandidates"
2026-09-30T17:08:15.054485Z  INFO faf_app::infra::ice_java: ICE negotiation state remote_player=135128 state="awaitingCandidates"
2026-09-30T17:08:17.286669Z  INFO faf_app::infra::ice_java: ICE negotiation state remote_player=436001 state="gathering"
2026-09-30T17:08:18.819652Z  WARN faf_app::infra::discord: Discord rich presence disconnected reason=Discord is not running
2026-09-30T17:08:18.866305Z  INFO faf_app::infra::ice_java: ICE negotiation state remote_player=449410 state="disconnected"
2026-09-30T17:08:19.533583Z  INFO faf_app::infra::ice_java: ICE negotiation state remote_player=436001 state="awaitingCandidates"
2026-09-30T17:08:21.066041Z  INFO faf_app::infra::ice_java: ICE negotiation state remote_player=135128 state="disconnected"
2026-09-30T17:08:23.869339Z  INFO faf_app::infra::ice_java: ICE negotiation state remote_player=449410 state="gathering"
2026-09-30T17:08:25.545600Z  INFO faf_app::infra::ice_java: ICE negotiation state remote_player=436001 state="disconnected"
2026-09-30T17:08:26.069984Z  INFO faf_app::infra::ice_java: ICE negotiation state remote_player=135128 state="gathering"
2026-09-30T17:08:26.100289Z  INFO faf_app::infra::ice_java: ICE negotiation state remote_player=449410 state="awaitingCandidates"
2026-09-30T17:08:28.345075Z  INFO faf_app::infra::ice_java: ICE negotiation state remote_player=135128 state="awaitingCandidates"
2026-09-30T17:08:30.554412Z  INFO faf_app::infra::ice_java: ICE negotiation state remote_player=436001 state="gathering"
2026-09-30T17:08:32.102225Z  INFO faf_app::infra::ice_java: ICE negotiation state remote_player=449410 state="disconnected"
2026-09-30T17:08:32.798836Z  INFO faf_app::infra::ice_java: ICE negotiation state remote_player=436001 state="awaitingCandidates"
2026-09-30T17:08:33.824354Z  WARN faf_app::infra::discord: Discord rich presence disconnected reason=Discord is not running
2026-09-30T17:08:34.351736Z  INFO faf_app::infra::ice_java: ICE negotiation state remote_player=135128 state="disconnected"
2026-09-30T17:08:37.109324Z  INFO faf_app::infra::ice_java: ICE negotiation state remote_player=449410 state="gathering"
2026-09-30T17:08:38.802291Z  INFO faf_app::infra::ice_java: ICE negotiation state remote_player=436001 state="disconnected"
2026-09-30T17:08:39.344204Z  INFO faf_app::infra::ice_java: ICE negotiation state remote_player=449410 state="awaitingCandidates"
2026-09-30T17:08:39.359242Z  INFO faf_app::infra::ice_java: ICE negotiation state remote_player=135128 state="gathering"
2026-09-30T17:08:41.593745Z  INFO faf_app::infra::ice_java: ICE negotiation state remote_player=135128 state="awaitingCandidates"
2026-09-30T17:08:43.805487Z  INFO faf_app::infra::ice_java: ICE negotiation state remote_player=436001 state="gathering"
2026-09-30T17:08:45.354763Z  INFO faf_app::infra::ice_java: ICE negotiation state remote_player=449410 state="disconnected"
2026-09-30T17:08:46.038159Z  INFO faf_app::infra::ice_java: ICE negotiation state remote_player=436001 state="awaitingCandidates"
2026-09-30T17:08:47.594740Z  INFO faf_app::infra::ice_java: ICE negotiation state remote_player=135128 state="disconnected"
2026-09-30T17:08:48.828327Z  WARN faf_app::infra::discord: Discord rich presence disconnected reason=Discord is not running
2026-09-30T17:08:50.368175Z  INFO faf_app::infra::ice_java: ICE negotiation state remote_player=449410 state="gathering"
2026-09-30T17:08:52.044756Z  INFO faf_app::infra::ice_java: ICE negotiation state remote_player=436001 state="disconnected"
2026-09-30T17:08:52.604612Z  INFO faf_app::infra::ice_java: ICE negotiation state remote_player=135128 state="gathering"
2026-09-30T17:08:52.620078Z  INFO faf_app::infra::ice_java: ICE negotiation state remote_player=449410 state="awaitingCandidates"
2026-09-30T17:08:54.855830Z  INFO faf_app::infra::ice_java: ICE negotiation state remote_player=135128 state="awaitingCandidates"
2026-09-30T17:08:57.058296Z  INFO faf_app::infra::ice_java: ICE negotiation state remote_player=436001 state="gathering"
2026-09-30T17:08:58.635694Z  INFO faf_app::infra::ice_java: ICE negotiation state remote_player=449410 state="disconnected"
2026-09-30T17:08:59.303188Z  INFO faf_app::infra::ice_java: ICE negotiation state remote_player=436001 state="awaitingCandidates"
2026-09-30T17:09:00.862212Z  INFO faf_app::infra::ice_java: ICE negotiation state remote_player=135128 state="disconnected"
2026-09-30T17:09:03.640957Z  INFO faf_app::infra::ice_java: ICE negotiation state remote_player=449410 state="gathering"
2026-09-30T17:09:03.840866Z  WARN faf_app::infra::discord: Discord rich presence disconnected reason=Discord is not running
2026-09-30T17:09:05.315580Z  INFO faf_app::infra::ice_java: ICE negotiation state remote_player=436001 state="disconnected"
2026-09-30T17:09:05.871666Z  INFO faf_app::infra::ice_java: ICE negotiation state remote_player=135128 state="gathering"
2026-09-30T17:09:05.886899Z  INFO faf_app::infra::ice_java: ICE negotiation state remote_player=449410 state="awaitingCandidates"
2026-09-30T17:09:08.110352Z  INFO faf_app::infra::ice_java: ICE negotiation state remote_player=135128 state="awaitingCandidates"
2026-09-30T17:09:10.321358Z  INFO faf_app::infra::ice_java: ICE negotiation state remote_player=436001 state="gathering"
2026-09-30T17:09:11.890108Z  INFO faf_app::infra::ice_java: ICE negotiation state remote_player=449410 state="disconnected"
2026-09-30T17:09:12.572836Z  INFO faf_app::infra::ice_java: ICE negotiation state remote_player=436001 state="awaitingCandidates"
2026-09-30T17:09:14.114818Z  INFO faf_app::infra::ice_java: ICE negotiation state remote_player=135128 state="disconnected"
2026-09-30T17:09:16.900681Z  INFO faf_app::infra::ice_java: ICE negotiation state remote_player=449410 state="gathering"
2026-09-30T17:09:18.576684Z  INFO faf_app::infra::ice_java: ICE negotiation state remote_player=436001 state="disconnected"
2026-09-30T17:09:18.856149Z  WARN faf_app::infra::discord: Discord rich presence disconnected reason=Discord is not running
2026-09-30T17:09:19.118335Z  INFO faf_app::infra::ice_java: ICE negotiation state remote_player=135128 state="gathering"
2026-09-30T17:09:19.133535Z  INFO faf_app::infra::ice_java: ICE negotiation state remote_player=449410 state="awaitingCandidates"
2026-09-30T17:09:21.369975Z  INFO faf_app::infra::ice_java: ICE negotiation state remote_player=135128 state="awaitingCandidates"
2026-09-30T17:09:23.592821Z  INFO faf_app::infra::ice_java: ICE negotiation state remote_player=436001 state="gathering"
2026-09-30T17:09:25.146682Z  INFO faf_app::infra::ice_java: ICE negotiation state remote_player=449410 state="disconnected"
2026-09-30T17:09:25.828396Z  INFO faf_app::infra::ice_java: ICE negotiation state remote_player=436001 state="awaitingCandidates"
2026-09-30T17:09:27.379640Z  INFO faf_app::infra::ice_java: ICE negotiation state remote_player=135128 state="disconnected"
2026-09-30T17:09:30.161475Z  INFO faf_app::infra::ice_java: ICE negotiation state remote_player=449410 state="gathering"
2026-09-30T17:09:31.842054Z  INFO faf_app::infra::ice_java: ICE negotiation state remote_player=436001 state="disconnected"
2026-09-30T17:09:32.387372Z  INFO faf_app::infra::ice_java: ICE negotiation state remote_player=135128 state="gathering"
2026-09-30T17:09:32.402938Z  INFO faf_app::infra::ice_java: ICE negotiation state remote_player=449410 state="awaitingCandidates"
2026-09-30T17:09:33.860781Z  WARN faf_app::infra::discord: Discord rich presence disconnected reason=Discord is not running
2026-09-30T17:09:34.654754Z  INFO faf_app::infra::ice_java: ICE negotiation state remote_player=135128 state="awaitingCandidates"
2026-09-30T17:09:36.849951Z  INFO faf_app::infra::ice_java: ICE negotiation state remote_player=436001 state="gathering"
2026-09-30T17:09:38.419869Z  INFO faf_app::infra::ice_java: ICE negotiation state remote_player=449410 state="disconnected"
2026-09-30T17:09:39.085011Z  INFO faf_app::infra::ice_java: ICE negotiation state remote_player=436001 state="awaitingCandidates"
2026-09-30T17:09:40.662280Z  INFO faf_app::infra::ice_java: ICE negotiation state remote_player=135128 state="disconnected"
2026-09-30T17:09:43.424588Z  INFO faf_app::infra::ice_java: ICE negotiation state remote_player=449410 state="gathering"
2026-09-30T17:09:45.096540Z  INFO faf_app::infra::ice_java: ICE negotiation state remote_player=436001 state="disconnected"
2026-09-30T17:09:45.670998Z  INFO faf_app::infra::ice_java: ICE negotiation state remote_player=135128 state="gathering"
2026-09-30T17:09:45.686111Z  INFO faf_app::infra::ice_java: ICE negotiation state remote_player=449410 state="awaitingCandidates"
2026-09-30T17:09:47.916150Z  INFO faf_app::infra::ice_java: ICE negotiation state remote_player=135128 state="awaitingCandidates"
2026-09-30T17:09:48.869298Z  WARN faf_app::infra::discord: Discord rich presence disconnected reason=Discord is not running
2026-09-30T17:09:50.108162Z  INFO faf_app::infra::ice_java: ICE negotiation state remote_player=436001 state="gathering"
2026-09-30T17:09:51.698566Z  INFO faf_app::infra::ice_java: ICE negotiation state remote_player=449410 state="disconnected"
2026-09-30T17:09:52.351955Z  INFO faf_app::infra::ice_java: ICE negotiation state remote_player=436001 state="awaitingCandidates"
2026-09-30T17:09:53.918494Z  INFO faf_app::infra::ice_java: ICE negotiation state remote_player=135128 state="disconnected"
2026-09-30T17:09:56.703852Z  INFO faf_app::infra::ice_java: ICE negotiation state remote_player=449410 state="gathering"
2026-09-30T17:09:58.358536Z  INFO faf_app::infra::ice_java: ICE negotiation state remote_player=436001 state="disconnected"
2026-09-30T17:09:58.932867Z  INFO faf_app::infra::ice_java: ICE negotiation state remote_player=135128 state="gathering"
2026-09-30T17:09:58.964227Z  INFO faf_app::infra::ice_java: ICE negotiation state remote_player=449410 state="awaitingCandidates"
2026-09-30T17:10:01.193811Z  INFO faf_app::infra::ice_java: ICE negotiation state remote_player=135128 state="awaitingCandidates"
2026-09-30T17:10:03.368659Z  INFO faf_app::infra::ice_java: ICE negotiation state remote_player=436001 state="gathering"
2026-09-30T17:10:03.880032Z  WARN faf_app::infra::discord: Discord rich presence disconnected reason=Discord is not running
2026-09-30T17:10:04.967947Z  INFO faf_app::infra::ice_java: ICE negotiation state remote_player=449410 state="disconnected"
2026-09-30T17:10:05.604033Z  INFO faf_app::infra::ice_java: ICE negotiation state remote_player=436001 state="awaitingCandidates"
2026-09-30T17:10:07.199877Z  INFO faf_app::infra::ice_java: ICE negotiation state remote_player=135128 state="disconnected"
2026-09-30T17:10:09.976312Z  INFO faf_app::infra::ice_java: ICE negotiation state remote_player=449410 state="gathering"
2026-09-30T17:10:11.616005Z  INFO faf_app::infra::ice_java: ICE negotiation state remote_player=436001 state="disconnected"
2026-09-30T17:10:12.205847Z  INFO faf_app::infra::ice_java: ICE negotiation state remote_player=135128 state="gathering"
2026-09-30T17:10:12.205863Z  INFO faf_app::infra::ice_java: ICE negotiation state remote_player=449410 state="awaitingCandidates"
2026-09-30T17:10:14.469510Z  INFO faf_app::infra::ice_java: ICE negotiation state remote_player=135128 state="awaitingCandidates"
2026-09-30T17:10:16.632082Z  INFO faf_app::infra::ice_java: ICE negotiation state remote_player=436001 state="gathering"
2026-09-30T17:10:18.212511Z  INFO faf_app::infra::ice_java: ICE negotiation state remote_player=449410 state="disconnected"
2026-09-30T17:10:18.865453Z  INFO faf_app::infra::ice_java: ICE negotiation state remote_player=436001 state="awaitingCandidates"
2026-09-30T17:10:18.880501Z  WARN faf_app::infra::discord: Discord rich presence disconnected reason=Discord is not running
2026-09-30T17:10:20.470455Z  INFO faf_app::infra::ice_java: ICE negotiation state remote_player=135128 state="disconnected"
2026-09-30T17:10:23.216697Z  INFO faf_app::infra::ice_java: ICE negotiation state remote_player=449410 state="gathering"
2026-09-30T17:10:24.876176Z  INFO faf_app::infra::ice_java: ICE negotiation state remote_player=436001 state="disconnected"
2026-09-30T17:10:25.485797Z  INFO faf_app::infra::ice_java: ICE negotiation state remote_player=135128 state="gathering"
2026-09-30T17:10:25.485814Z  INFO faf_app::infra::ice_java: ICE negotiation state remote_player=449410 state="awaitingCandidates"
2026-09-30T17:10:27.742556Z  INFO faf_app::infra::ice_java: ICE negotiation state remote_player=135128 state="awaitingCandidates"
2026-09-30T17:10:29.884944Z  INFO faf_app::infra::ice_java: ICE negotiation state remote_player=436001 state="gathering"
2026-09-30T17:10:31.499892Z  INFO faf_app::infra::ice_java: ICE negotiation state remote_player=449410 state="disconnected"
2026-09-30T17:10:32.165295Z  INFO faf_app::infra::ice_java: ICE negotiation state remote_player=436001 state="awaitingCandidates"
2026-09-30T17:10:33.747275Z  INFO faf_app::infra::ice_java: ICE negotiation state remote_player=135128 state="disconnected"
2026-09-30T17:10:33.887684Z  WARN faf_app::infra::discord: Discord rich presence disconnected reason=Discord is not running
2026-09-30T17:10:36.510152Z  INFO faf_app::infra::ice_java: ICE negotiation state remote_player=449410 state="gathering"
2026-09-30T17:10:38.181526Z  INFO faf_app::infra::ice_java: ICE negotiation state remote_player=436001 state="disconnected"
2026-09-30T17:10:38.742194Z  INFO faf_app::infra::ice_java: ICE negotiation state remote_player=449410 state="awaitingCandidates"
2026-09-30T17:10:38.757116Z  INFO faf_app::infra::ice_java: ICE negotiation state remote_player=135128 state="gathering"
2026-09-30T17:10:40.996543Z  INFO faf_app::infra::ice_java: ICE negotiation state remote_player=135128 state="awaitingCandidates"
2026-09-30T17:10:43.195575Z  INFO faf_app::infra::ice_java: ICE negotiation state remote_player=436001 state="gathering"
2026-09-30T17:10:44.748651Z  INFO faf_app::infra::ice_java: ICE negotiation state remote_player=449410 state="disconnected"
2026-09-30T17:10:45.448041Z  INFO faf_app::infra::ice_java: ICE negotiation state remote_player=436001 state="awaitingCandidates"
2026-09-30T17:10:47.001105Z  INFO faf_app::infra::ice_java: ICE negotiation state remote_player=135128 state="disconnected"
2026-09-30T17:10:48.894245Z  WARN faf_app::infra::discord: Discord rich presence disconnected reason=Discord is not running
2026-09-30T17:10:49.751142Z  INFO faf_app::infra::ice_java: ICE negotiation state remote_player=449410 state="gathering"
2026-09-30T17:10:51.460578Z  INFO faf_app::infra::ice_java: ICE negotiation state remote_player=436001 state="disconnected"
2026-09-30T17:10:51.986092Z  INFO faf_app::infra::ice_java: ICE negotiation state remote_player=449410 state="awaitingCandidates"
2026-09-30T17:10:52.016823Z  INFO faf_app::infra::ice_java: ICE negotiation state remote_player=135128 state="gathering"
2026-09-30T17:10:54.270267Z  INFO faf_app::infra::ice_java: ICE negotiation state remote_player=135128 state="awaitingCandidates"
2026-09-30T17:10:56.464250Z  INFO faf_app::infra::ice_java: ICE negotiation state remote_player=436001 state="gathering"
2026-09-30T17:10:57.988288Z  INFO faf_app::infra::ice_java: ICE negotiation state remote_player=449410 state="disconnected"
2026-09-30T17:10:58.703975Z  INFO faf_app::infra::ice_java: ICE negotiation state remote_player=436001 state="awaitingCandidates"
2026-09-30T17:11:00.274192Z  INFO faf_app::infra::ice_java: ICE negotiation state remote_player=135128 state="disconnected"
2026-09-30T17:11:02.991396Z  INFO faf_app::infra::ice_java: ICE negotiation state remote_player=449410 state="gathering"
2026-09-30T17:11:03.906150Z  WARN faf_app::infra::discord: Discord rich presence disconnected reason=Discord is not running
2026-09-30T17:11:04.717198Z  INFO faf_app::infra::ice_java: ICE negotiation state remote_player=436001 state="disconnected"
2026-09-30T17:11:05.245191Z  INFO faf_app::infra::ice_java: ICE negotiation state remote_player=449410 state="awaitingCandidates"
2026-09-30T17:11:05.291221Z  INFO faf_app::infra::ice_java: ICE negotiation state remote_player=135128 state="gathering"
2026-09-30T17:11:07.541668Z  INFO faf_app::infra::ice_java: ICE negotiation state remote_player=135128 state="awaitingCandidates"
2026-09-30T17:11:09.733571Z  INFO faf_app::infra::ice_java: ICE negotiation state remote_player=436001 state="gathering"
2026-09-30T17:11:11.260870Z  INFO faf_app::infra::ice_java: ICE negotiation state remote_player=449410 state="disconnected"
2026-09-30T17:11:11.987060Z  INFO faf_app::infra::ice_java: ICE negotiation state remote_player=436001 state="awaitingCandidates"
2026-09-30T17:11:13.543972Z  INFO faf_app::infra::ice_java: ICE negotiation state remote_player=135128 state="disconnected"
2026-09-30T17:11:18.002800Z  INFO faf_app::infra::ice_java: ICE negotiation state remote_player=436001 state="disconnected"
2026-09-30T17:11:18.643529Z  INFO faf_app::infra::ice_java: ICE peer state remote_player=362198 connected=false
2026-09-30T17:11:18.643630Z  INFO faf_app::infra::ice_java: ICE negotiation state remote_player=362198 state="disconnected"
2026-09-30T17:11:18.907903Z  WARN faf_app::infra::discord: Discord rich presence disconnected reason=Discord is not running
2026-09-30T17:11:33.917468Z  WARN faf_app::infra::discord: Discord rich presence disconnected reason=Discord is not running
2026-09-30T17:11:35.724714Z  INFO faf_app::infra::ice_java: ICE peer state remote_player=254192 connected=false
2026-09-30T17:11:35.724787Z  INFO faf_app::infra::ice_java: ICE negotiation state remote_player=254192 state="disconnected"
2026-09-30T17:11:47.069022Z  INFO faf_app::infra::ice_java: ICE peer state remote_player=370657 connected=false
2026-09-30T17:11:47.069128Z  INFO faf_app::infra::ice_java: ICE negotiation state remote_player=370657 state="disconnected"
2026-09-30T17:11:48.922955Z  WARN faf_app::infra::discord: Discord rich presence disconnected reason=Discord is not running
2026-09-30T17:12:03.936628Z  WARN faf_app::infra::discord: Discord rich presence disconnected reason=Discord is not running
2026-09-30T17:12:18.950315Z  WARN faf_app::infra::discord: Discord rich presence disconnected reason=Discord is not running
2026-09-30T17:12:33.961502Z  WARN faf_app::infra::discord: Discord rich presence disconnected reason=Discord is not running
2026-09-30T17:12:42.856677Z  WARN faf_app::infra::replay_relay: replay upload connection dropped; retrying game_id=27879014
2026-09-30T17:12:48.964301Z  WARN faf_app::infra::discord: Discord rich presence disconnected reason=Discord is not running
2026-09-30T17:12:58.344975Z  INFO faf_app::infra::replay_recorder: replay recorded path=C:\ProgramData\FAForever\replays\27879014-DillyDally.fafreplay raw_bytes=2969766 bytes=413051 complete=true
2026-09-30T17:12:58.345203Z  INFO faf_app::infra::replay_relay: replay uploaded to FAF game_id=27879014 bytes=2969799
2026-09-30T17:13:00.979269Z  INFO faf_app::infra::ice_java: ICE adapter connection state state="Disconnected"
2026-09-30T17:13:01.705869Z  INFO faf_app::services::launcher: the game process exited; releasing the launch
2026-09-30T17:13:01.749349Z  WARN faf_app::infra::ice_java: Java ICE adapter notification stream ended
2026-09-30T17:13:02.366154Z  INFO faf_app::services::launcher: launcher: game exit cleanup complete
2026-09-30T17:13:03.975140Z  WARN faf_app::infra::discord: Discord rich presence disconnected reason=Discord is not running
2026-09-30T17:13:18.986911Z  WARN faf_app::infra::discord: Discord rich presence disconnected reason=Discord is not running
2026-09-30T17:13:32.316315Z  WARN faf_app::infra::discord: Discord rich presence disconnected reason=Discord is not running
2026-09-30T17:13:47.319628Z  WARN faf_app::infra::discord: Discord rich presence disconnected reason=Discord is not running
2026-09-30T17:14:02.330382Z  WARN faf_app::infra::discord: Discord rich presence disconnected reason=Discord is not running
2026-09-30T17:14:17.345516Z  WARN faf_app::infra::discord: Discord rich presence disconnected reason=Discord is not running
2026-09-30T17:14:32.347756Z  WARN faf_app::infra::discord: Discord rich presence disconnected reason=Discord is not running
2026-09-30T17:14:47.363626Z  WARN faf_app::infra::discord: Discord rich presence disconnected reason=Discord is not running
2026-09-30T17:14:50.346286Z  INFO faf_app::infra::game_updater: resolved retail FA install for fa_path path=C:\Program Files (x86)\Steam\steamapps\common\Supreme Commander Forged Alliance
2026-09-30T17:14:50.356891Z  INFO faf_app::infra::game: launching Forged Alliance argument_count=9 wrapper=""
2026-09-30T17:15:02.374690Z  WARN faf_app::infra::discord: Discord rich presence disconnected reason=Discord is not running
2026-09-30T17:15:17.378460Z  WARN faf_app::infra::discord: Discord rich presence disconnected reason=Discord is not running
2026-09-30T17:15:32.384352Z  WARN faf_app::infra::discord: Discord rich presence disconnected reason=Discord is not running
2026-09-30T17:15:47.398620Z  WARN faf_app::infra::discord: Discord rich presence disconnected reason=Discord is not running
2026-09-30T17:16:02.406700Z  WARN faf_app::infra::discord: Discord rich presence disconnected reason=Discord is not running
2026-09-30T17:16:17.421693Z  WARN faf_app::infra::discord: Discord rich presence disconnected reason=Discord is not running
2026-09-30T17:16:32.424354Z  WARN faf_app::infra::discord: Discord rich presence disconnected reason=Discord is not running
2026-09-30T17:16:47.429891Z  WARN faf_app::infra::discord: Discord rich presence disconnected reason=Discord is not running
2026-09-30T17:17:02.439639Z  WARN faf_app::infra::discord: Discord rich presence disconnected reason=Discord is not running
2026-09-30T17:17:17.445076Z  WARN faf_app::infra::discord: Discord rich presence disconnected reason=Discord is not running
2026-09-30T17:17:32.454815Z  WARN faf_app::infra::discord: Discord rich presence disconnected reason=Discord is not running
2026-09-30T17:17:47.459630Z  WARN faf_app::infra::discord: Discord rich presence disconnected reason=Discord is not running
2026-09-30T17:18:02.461552Z  WARN faf_app::infra::discord: Discord rich presence disconnected reason=Discord is not running
2026-09-30T17:18:17.474797Z  WARN faf_app::infra::discord: Discord rich presence disconnected reason=Discord is not running
2026-09-30T17:18:32.486803Z  WARN faf_app::infra::discord: Discord rich presence disconnected reason=Discord is not running
2026-09-30T17:18:47.497644Z  WARN faf_app::infra::discord: Discord rich presence disconnected reason=Discord is not running
2026-09-30T17:19:02.503191Z  WARN faf_app::infra::discord: Discord rich presence disconnected reason=Discord is not running
2026-09-30T17:19:17.514007Z  WARN faf_app::infra::discord: Discord rich presence disconnected reason=Discord is not running
2026-09-30T17:19:32.517032Z  WARN faf_app::infra::discord: Discord rich presence disconnected reason=Discord is not running
2026-09-30T17:19:47.529679Z  WARN faf_app::infra::discord: Discord rich presence disconnected reason=Discord is not running
2026-09-30T17:20:02.533413Z  WARN faf_app::infra::discord: Discord rich presence disconnected reason=Discord is not running
2026-09-30T17:20:17.547157Z  WARN faf_app::infra::discord: Discord rich presence disconnected reason=Discord is not running
2026-09-30T17:20:32.558329Z  WARN faf_app::infra::discord: Discord rich presence disconnected reason=Discord is not running
2026-09-30T17:20:47.565262Z  WARN faf_app::infra::discord: Discord rich presence disconnected reason=Discord is not running
2026-09-30T17:21:02.574770Z  WARN faf_app::infra::discord: Discord rich presence disconnected reason=Discord is not running
2026-09-30T17:21:17.583339Z  WARN faf_app::infra::discord: Discord rich presence disconnected reason=Discord is not running
2026-09-30T17:21:32.588431Z  WARN faf_app::infra::discord: Discord rich presence disconnected reason=Discord is not running
2026-09-30T17:21:47.596033Z  WARN faf_app::infra::discord: Discord rich presence disconnected reason=Discord is not running
2026-09-30T17:22:02.610602Z  WARN faf_app::infra::discord: Discord rich presence disconnected reason=Discord is not running
2026-09-30T17:22:17.621310Z  WARN faf_app::infra::discord: Discord rich presence disconnected reason=Discord is not running
2026-09-30T17:22:32.628182Z  WARN faf_app::infra::discord: Discord rich presence disconnected reason=Discord is not running
2026-09-30T17:22:47.629966Z  WARN faf_app::infra::discord: Discord rich presence disconnected reason=Discord is not running
2026-09-30T17:23:02.645753Z  WARN faf_app::infra::discord: Discord rich presence disconnected reason=Discord is not running
2026-09-30T17:23:17.650155Z  WARN faf_app::infra::discord: Discord rich presence disconnected reason=Discord is not running
2026-09-30T17:23:32.660422Z  WARN faf_app::infra::discord: Discord rich presence disconnected reason=Discord is not running
2026-09-30T17:23:47.663590Z  WARN faf_app::infra::discord: Discord rich presence disconnected reason=Discord is not running
2026-09-30T17:24:02.665930Z  WARN faf_app::infra::discord: Discord rich presence disconnected reason=Discord is not running
2026-09-30T17:24:17.677293Z  WARN faf_app::infra::discord: Discord rich presence disconnected reason=Discord is not running
2026-09-30T17:24:32.688869Z  WARN faf_app::infra::discord: Discord rich presence disconnected reason=Discord is not running
2026-09-30T17:24:47.702024Z  WARN faf_app::infra::discord: Discord rich presence disconnected reason=Discord is not running
2026-09-30T17:25:02.713574Z  WARN faf_app::infra::discord: Discord rich presence disconnected reason=Discord is not running
2026-09-30T17:25:17.718576Z  WARN faf_app::infra::discord: Discord rich presence disconnected reason=Discord is not running
2026-09-30T17:25:32.724068Z  WARN faf_app::infra::discord: Discord rich presence disconnected reason=Discord is not running
2026-09-30T17:25:47.735914Z  WARN faf_app::infra::discord: Discord rich presence disconnected reason=Discord is not running
2026-09-30T17:26:02.752065Z  WARN faf_app::infra::discord: Discord rich presence disconnected reason=Discord is not running
2026-09-30T17:26:17.762340Z  WARN faf_app::infra::discord: Discord rich presence disconnected reason=Discord is not running
2026-09-30T17:26:32.773523Z  WARN faf_app::infra::discord: Discord rich presence disconnected reason=Discord is not running
2026-09-30T17:26:47.777042Z  WARN faf_app::infra::discord: Discord rich presence disconnected reason=Discord is not running
2026-09-30T17:27:02.785829Z  WARN faf_app::infra::discord: Discord rich presence disconnected reason=Discord is not running
2026-09-30T17:27:17.789472Z  WARN faf_app::infra::discord: Discord rich presence disconnected reason=Discord is not running
2026-09-30T17:27:32.800436Z  WARN faf_app::infra::discord: Discord rich presence disconnected reason=Discord is not running
2026-09-30T17:27:47.810757Z  WARN faf_app::infra::discord: Discord rich presence disconnected reason=Discord is not running
2026-09-30T17:28:02.822373Z  WARN faf_app::infra::discord: Discord rich presence disconnected reason=Discord is not running
2026-09-30T17:28:17.826881Z  WARN faf_app::infra::discord: Discord rich presence disconnected reason=Discord is not running
2026-09-30T17:28:32.831038Z  WARN faf_app::infra::discord: Discord rich presence disconnected reason=Discord is not running
2026-09-30T17:28:47.832999Z  WARN faf_app::infra::discord: Discord rich presence disconnected reason=Discord is not running
2026-09-30T17:29:02.844348Z  WARN faf_app::infra::discord: Discord rich presence disconnected reason=Discord is not running
2026-09-30T17:29:17.853721Z  WARN faf_app::infra::discord: Discord rich presence disconnected reason=Discord is not running
2026-09-30T17:29:32.865043Z  WARN faf_app::infra::discord: Discord rich presence disconnected reason=Discord is not running
2026-09-30T17:29:47.872073Z  WARN faf_app::infra::discord: Discord rich presence disconnected reason=Discord is not running
2026-09-30T17:30:02.878494Z  WARN faf_app::infra::discord: Discord rich presence disconnected reason=Discord is not running
2026-09-30T17:30:17.892286Z  WARN faf_app::infra::discord: Discord rich presence disconnected reason=Discord is not running
2026-09-30T17:30:32.894368Z  WARN faf_app::infra::discord: Discord rich presence disconnected reason=Discord is not running
2026-09-30T17:30:47.898859Z  WARN faf_app::infra::discord: Discord rich presence disconnected reason=Discord is not running
2026-09-30T17:31:02.914043Z  WARN faf_app::infra::discord: Discord rich presence disconnected reason=Discord is not running
2026-09-30T17:31:17.926078Z  WARN faf_app::infra::discord: Discord rich presence disconnected reason=Discord is not running
2026-09-30T17:31:24.393760Z  INFO faf_app::infra::game_updater: resolved retail FA install for fa_path path=C:\Program Files (x86)\Steam\steamapps\common\Supreme Commander Forged Alliance
2026-09-30T17:31:24.881017Z  INFO faf_app::infra::game: launching Forged Alliance argument_count=9 wrapper=""
2026-09-30T17:31:32.928210Z  WARN faf_app::infra::discord: Discord rich presence disconnected reason=Discord is not running
2026-09-30T17:31:47.933203Z  WARN faf_app::infra::discord: Discord rich presence disconnected reason=Discord is not running
2026-09-30T17:32:02.942579Z  WARN faf_app::infra::discord: Discord rich presence disconnected reason=Discord is not running
2026-09-30T17:32:17.955015Z  WARN faf_app::infra::discord: Discord rich presence disconnected reason=Discord is not running
2026-09-30T17:32:32.962159Z  WARN faf_app::infra::discord: Discord rich presence disconnected reason=Discord is not running
2026-09-30T17:32:47.969082Z  WARN faf_app::infra::discord: Discord rich presence disconnected reason=Discord is not running
2026-09-30T17:33:02.971002Z  WARN faf_app::infra::discord: Discord rich presence disconnected reason=Discord is not running
2026-09-30T17:33:17.981909Z  WARN faf_app::infra::discord: Discord rich presence disconnected reason=Discord is not running
2026-09-30T17:33:32.983286Z  WARN faf_app::infra::discord: Discord rich presence disconnected reason=Discord is not running
2026-09-30T17:33:47.985835Z  WARN faf_app::infra::discord: Discord rich presence disconnected reason=Discord is not running
2026-09-30T17:34:02.990765Z  WARN faf_app::infra::discord: Discord rich presence disconnected reason=Discord is not running
2026-09-30T17:34:18.001017Z  WARN faf_app::infra::discord: Discord rich presence disconnected reason=Discord is not running
2026-09-30T17:34:33.017027Z  WARN faf_app::infra::discord: Discord rich presence disconnected reason=Discord is not running
2026-09-30T17:34:48.022390Z  WARN faf_app::infra::discord: Discord rich presence disconnected reason=Discord is not running
2026-09-30T17:35:03.027353Z  WARN faf_app::infra::discord: Discord rich presence disconnected reason=Discord is not running
2026-09-30T17:35:18.036230Z  WARN faf_app::infra::discord: Discord rich presence disconnected reason=Discord is not running
2026-09-30T17:35:33.050289Z  WARN faf_app::infra::discord: Discord rich presence disconnected reason=Discord is not running
2026-09-30T17:35:48.060906Z  WARN faf_app::infra::discord: Discord rich presence disconnected reason=Discord is not running
2026-09-30T17:36:03.062231Z  WARN faf_app::infra::discord: Discord rich presence disconnected reason=Discord is not running
2026-09-30T17:36:18.075457Z  WARN faf_app::infra::discord: Discord rich presence disconnected reason=Discord is not running
2026-09-30T17:36:33.087234Z  WARN faf_app::infra::discord: Discord rich presence disconnected reason=Discord is not running
2026-09-30T17:36:48.091391Z  WARN faf_app::infra::discord: Discord rich presence disconnected reason=Discord is not running
2026-09-30T17:37:03.100954Z  WARN faf_app::infra::discord: Discord rich presence disconnected reason=Discord is not running
2026-09-30T17:37:18.114211Z  WARN faf_app::infra::discord: Discord rich presence disconnected reason=Discord is not running
2026-09-30T17:37:33.117377Z  WARN faf_app::infra::discord: Discord rich presence disconnected reason=Discord is not running
2026-09-30T17:37:48.124993Z  WARN faf_app::infra::discord: Discord rich presence disconnected reason=Discord is not running
2026-09-30T17:38:03.129103Z  WARN faf_app::infra::discord: Discord rich presence disconnected reason=Discord is not running
2026-09-30T17:38:18.136877Z  WARN faf_app::infra::discord: Discord rich presence disconnected reason=Discord is not running
2026-09-30T23:37:54.312569Z  INFO faforever_rust_client_lib::diagnostics: client diagnostics initialized retained_files=7 max_file_bytes=10485760
2026-09-30T23:37:54.313989Z  WARN faf_app::infra::discord: Discord rich presence disconnected reason=Discord is not running
2026-09-30T23:37:56.344742Z  INFO faf_app::infra::irc: chat WebSocket connected
2026-09-30T23:37:56.348413Z  INFO faf_app::infra::lobby_ws: lobby WebSocket connected
2026-09-30T23:37:56.399562Z  INFO faf_app::infra::lobby_ws: lobby notice received style=Info text=You are using an unofficial client version! Some features might not work as expected. If you experience any problems please download the latest version of the official client from <a href="https://www.faforever.com">https://www.faforever.com</a>
2026-09-30T23:37:58.706966Z  INFO faf_app::infra::lobby_ws: lobby authenticated
2026-09-30T23:38:09.328911Z  WARN faf_app::infra::discord: Discord rich presence disconnected reason=Discord is not running
2026-09-30T23:38:24.339781Z  WARN faf_app::infra::discord: Discord rich presence disconnected reason=Discord is not running
2026-09-30T23:38:39.350424Z  WARN faf_app::infra::discord: Discord rich presence disconnected reason=Discord is not running
2026-09-30T23:38:54.351977Z  WARN faf_app::infra::discord: Discord rich presence disconnected reason=Discord is not running
