2026-09-29T07:34:11.522062Z  INFO faforever_rust_client_lib::diagnostics: client diagnostics initialized retained_files=7 max_file_bytes=10485760
2026-09-29T07:34:11.525315Z  WARN faf_app::infra::discord: Discord rich presence disconnected reason=Discord is not running
2026-09-29T07:34:13.609735Z  INFO faf_app::infra::irc: chat WebSocket connected
2026-09-29T07:34:13.649353Z  INFO faf_app::infra::lobby_ws: lobby WebSocket connected
2026-09-29T07:34:13.701313Z  INFO faf_app::infra::lobby_ws: lobby notice received style=Info text=You are using an unofficial client version! Some features might not work as expected. If you experience any problems please download the latest version of the official client from <a href="https://www.faforever.com">https://www.faforever.com</a>
2026-09-29T07:34:16.028811Z  INFO faf_app::infra::lobby_ws: lobby authenticated
2026-09-29T07:34:26.541227Z  WARN faf_app::infra::discord: Discord rich presence disconnected reason=Discord is not running
2026-09-29T07:34:41.548138Z  WARN faf_app::infra::discord: Discord rich presence disconnected reason=Discord is not running
2026-09-29T07:34:56.554484Z  WARN faf_app::infra::discord: Discord rich presence disconnected reason=Discord is not running
2026-09-29T07:35:11.569461Z  WARN faf_app::infra::discord: Discord rich presence disconnected reason=Discord is not running
2026-09-29T07:35:26.573264Z  WARN faf_app::infra::discord: Discord rich presence disconnected reason=Discord is not running
2026-09-29T07:35:41.582393Z  WARN faf_app::infra::discord: Discord rich presence disconnected reason=Discord is not running
2026-09-29T07:35:56.592693Z  WARN faf_app::infra::discord: Discord rich presence disconnected reason=Discord is not running
2026-09-29T07:36:11.814496Z  INFO faf_app::infra::discord: Discord rich presence connected
2026-09-29T07:48:00.433256Z  WARN faf_app::infra::discord: Discord rich presence disconnected reason=Discord closed the connection
2026-09-29T07:48:08.742551Z  INFO faf_app::infra::game_updater: resolved retail FA install for fa_path path=C:\Program Files (x86)\Steam\steamapps\common\Supreme Commander Forged Alliance
2026-09-29T07:48:08.797510Z  INFO faf_app::infra::lobby_ws: lobby issued game launch game_id=27872755
2026-09-29T07:48:08.797571Z  INFO faf_app::infra::ice_select: starting selected ICE backend backend="Java (faf-ice-adapter)"
2026-09-29T07:48:15.442640Z  WARN faf_app::infra::discord: Discord rich presence disconnected reason=Discord is not running
2026-09-29T07:48:18.861679Z  INFO faf_app::infra::ice_java: starting Java ICE adapter game_id=27872755 rpc_port=50843 gpgnet_port=50844
2026-09-29T07:48:19.936418Z  INFO faf_app::infra::replay_recorder: recording this game's replay port=50847 game_id=27872755
2026-09-29T07:48:19.936498Z  INFO faf_app::infra::game: launching Forged Alliance argument_count=17 wrapper=""
2026-09-29T07:48:27.129672Z  INFO faf_app::infra::ice_java: ICE adapter connection state state="Connected"
2026-09-29T07:48:27.552809Z  INFO faf_app::infra::ice_java: ICE negotiation state remote_player=578125 state="gathering"
2026-09-29T07:48:30.325008Z  INFO faf_app::infra::ice_java: ICE negotiation state remote_player=310836 state="gathering"
2026-09-29T07:48:30.452597Z  WARN faf_app::infra::discord: Discord rich presence disconnected reason=Discord is not running
2026-09-29T07:48:32.751457Z  INFO faf_app::infra::ice_java: ICE negotiation state remote_player=310836 state="awaitingCandidates"
2026-09-29T07:48:32.767805Z  INFO faf_app::infra::ice_java: ICE negotiation state remote_player=310836 state="checking"
2026-09-29T07:48:33.362455Z  INFO faf_app::infra::ice_java: ICE peer state remote_player=310836 connected=true
2026-09-29T07:48:33.362608Z  INFO faf_app::infra::ice_java: ICE negotiation state remote_player=310836 state="connected"
2026-09-29T07:48:34.824374Z  INFO faf_app::infra::ice_java: ICE negotiation state remote_player=578125 state="awaitingCandidates"
2026-09-29T07:48:37.168806Z  INFO faf_app::infra::ice_java: ICE negotiation state remote_player=578125 state="checking"
2026-09-29T07:48:43.857982Z  INFO faf_app::infra::ice_java: ICE negotiation state remote_player=578125 state="disconnected"
2026-09-29T07:48:45.456256Z  WARN faf_app::infra::discord: Discord rich presence disconnected reason=Discord is not running
2026-09-29T07:48:48.889465Z  INFO faf_app::infra::ice_java: ICE negotiation state remote_player=578125 state="gathering"
2026-09-29T07:48:51.152565Z  INFO faf_app::infra::ice_java: ICE negotiation state remote_player=578125 state="awaitingCandidates"
2026-09-29T07:48:53.492190Z  INFO faf_app::infra::ice_java: ICE negotiation state remote_player=578125 state="checking"
2026-09-29T07:49:00.007690Z  INFO faf_app::infra::ice_java: ICE negotiation state remote_player=578125 state="disconnected"
2026-09-29T07:49:00.472002Z  WARN faf_app::infra::discord: Discord rich presence disconnected reason=Discord is not running
2026-09-29T07:49:05.021775Z  INFO faf_app::infra::ice_java: ICE negotiation state remote_player=578125 state="gathering"
2026-09-29T07:49:07.282545Z  INFO faf_app::infra::ice_java: ICE negotiation state remote_player=578125 state="awaitingCandidates"
2026-09-29T07:49:15.487889Z  WARN faf_app::infra::discord: Discord rich presence disconnected reason=Discord is not running
2026-09-29T07:49:30.500845Z  WARN faf_app::infra::discord: Discord rich presence disconnected reason=Discord is not running
2026-09-29T07:49:45.503741Z  WARN faf_app::infra::discord: Discord rich presence disconnected reason=Discord is not running
2026-09-29T07:50:00.515144Z  WARN faf_app::infra::discord: Discord rich presence disconnected reason=Discord is not running
2026-09-29T07:50:15.525967Z  WARN faf_app::infra::discord: Discord rich presence disconnected reason=Discord is not running
2026-09-29T07:50:30.539948Z  WARN faf_app::infra::discord: Discord rich presence disconnected reason=Discord is not running
2026-09-29T07:50:45.554720Z  WARN faf_app::infra::discord: Discord rich presence disconnected reason=Discord is not running
2026-09-29T07:51:00.560148Z  WARN faf_app::infra::discord: Discord rich presence disconnected reason=Discord is not running
2026-09-29T07:51:15.570402Z  WARN faf_app::infra::discord: Discord rich presence disconnected reason=Discord is not running
2026-09-29T07:51:30.583096Z  WARN faf_app::infra::discord: Discord rich presence disconnected reason=Discord is not running
2026-09-29T07:51:45.590874Z  WARN faf_app::infra::discord: Discord rich presence disconnected reason=Discord is not running
2026-09-29T07:52:00.600458Z  WARN faf_app::infra::discord: Discord rich presence disconnected reason=Discord is not running
2026-09-29T07:52:03.769317Z  INFO faf_app::infra::ice_java: ICE negotiation state remote_player=449782 state="gathering"
2026-09-29T07:52:05.991956Z  INFO faf_app::infra::ice_java: ICE negotiation state remote_player=449782 state="awaitingCandidates"
2026-09-29T07:52:05.993174Z  INFO faf_app::infra::ice_java: ICE negotiation state remote_player=449782 state="checking"
2026-09-29T07:52:06.238176Z  INFO faf_app::infra::ice_java: ICE peer state remote_player=449782 connected=true
2026-09-29T07:52:06.238336Z  INFO faf_app::infra::ice_java: ICE negotiation state remote_player=449782 state="connected"
2026-09-29T07:52:15.611181Z  WARN faf_app::infra::discord: Discord rich presence disconnected reason=Discord is not running
2026-09-29T07:52:30.612848Z  WARN faf_app::infra::discord: Discord rich presence disconnected reason=Discord is not running
2026-09-29T07:52:42.767714Z  INFO faf_app::infra::ice_java: ICE negotiation state remote_player=311312 state="gathering"
2026-09-29T07:52:44.985304Z  INFO faf_app::infra::ice_java: ICE negotiation state remote_player=311312 state="awaitingCandidates"
2026-09-29T07:52:44.986071Z  INFO faf_app::infra::ice_java: ICE negotiation state remote_player=311312 state="checking"
2026-09-29T07:52:45.354574Z  INFO faf_app::infra::ice_java: ICE peer state remote_player=311312 connected=true
2026-09-29T07:52:45.354674Z  INFO faf_app::infra::ice_java: ICE negotiation state remote_player=311312 state="connected"
2026-09-29T07:52:45.617813Z  WARN faf_app::infra::discord: Discord rich presence disconnected reason=Discord is not running
2026-09-29T07:53:00.628567Z  WARN faf_app::infra::discord: Discord rich presence disconnected reason=Discord is not running
2026-09-29T07:53:15.633848Z  WARN faf_app::infra::discord: Discord rich presence disconnected reason=Discord is not running
2026-09-29T07:53:30.647460Z  WARN faf_app::infra::discord: Discord rich presence disconnected reason=Discord is not running
2026-09-29T07:53:45.660966Z  WARN faf_app::infra::discord: Discord rich presence disconnected reason=Discord is not running
2026-09-29T07:54:00.666752Z  WARN faf_app::infra::discord: Discord rich presence disconnected reason=Discord is not running
2026-09-29T07:54:02.099990Z  INFO faf_app::infra::ice_java: ICE adapter connection state state="Disconnected"
2026-09-29T07:54:02.534351Z  INFO faf_app::services::launcher: the game process exited; releasing the launch
2026-09-29T07:54:02.544427Z  WARN faf_app::infra::ice_java: Java ICE adapter notification stream ended
2026-09-29T07:54:03.131260Z  INFO faf_app::services::launcher: launcher: game exit cleanup complete
2026-09-29T07:54:15.668883Z  WARN faf_app::infra::discord: Discord rich presence disconnected reason=Discord is not running
2026-09-29T07:54:30.682358Z  WARN faf_app::infra::discord: Discord rich presence disconnected reason=Discord is not running
2026-09-29T07:54:45.683859Z  WARN faf_app::infra::discord: Discord rich presence disconnected reason=Discord is not running
2026-09-29T07:54:49.798456Z  INFO faf_app::infra::lobby_ws: lobby issued game launch game_id=27872776
2026-09-29T07:54:51.230640Z  INFO faf_app::infra::game_updater: resolved retail FA install for fa_path path=C:\Program Files (x86)\Steam\steamapps\common\Supreme Commander Forged Alliance
2026-09-29T07:54:51.231635Z  INFO faf_app::infra::ice_select: starting selected ICE backend backend="Java (faf-ice-adapter)"
2026-09-29T07:55:00.685185Z  WARN faf_app::infra::discord: Discord rich presence disconnected reason=Discord is not running
2026-09-29T07:55:01.290277Z  INFO faf_app::infra::ice_java: starting Java ICE adapter game_id=27872776 rpc_port=61564 gpgnet_port=61565
2026-09-29T07:55:02.325445Z  INFO faf_app::infra::replay_recorder: recording this game's replay port=61568 game_id=27872776
2026-09-29T07:55:02.325528Z  INFO faf_app::infra::game: launching Forged Alliance argument_count=24 wrapper=""
2026-09-29T07:55:08.521942Z  INFO faf_app::infra::ice_java: ICE adapter connection state state="Connected"
2026-09-29T07:55:11.535885Z  INFO faf_app::infra::ice_java: ICE negotiation state remote_player=259 state="gathering"
2026-09-29T07:55:15.695092Z  WARN faf_app::infra::discord: Discord rich presence disconnected reason=Discord is not running
2026-09-29T07:55:18.765851Z  INFO faf_app::infra::ice_java: ICE negotiation state remote_player=259 state="awaitingCandidates"
2026-09-29T07:55:18.770242Z  INFO faf_app::infra::ice_java: ICE negotiation state remote_player=259 state="checking"
2026-09-29T07:55:22.637601Z  INFO faf_app::infra::ice_java: ICE negotiation state remote_player=259 state="disconnected"
2026-09-29T07:55:22.644911Z  INFO faf_app::infra::ice_java: ICE negotiation state remote_player=259 state="gathering"
2026-09-29T07:55:24.917463Z  INFO faf_app::infra::ice_java: ICE negotiation state remote_player=259 state="awaitingCandidates"
2026-09-29T07:55:24.918929Z  INFO faf_app::infra::ice_java: ICE negotiation state remote_player=259 state="checking"
2026-09-29T07:55:25.149935Z  INFO faf_app::infra::ice_java: ICE peer state remote_player=259 connected=true
2026-09-29T07:55:25.150091Z  INFO faf_app::infra::ice_java: ICE negotiation state remote_player=259 state="connected"
2026-09-29T07:55:25.164837Z  INFO faf_app::infra::ice_java: ICE peer state remote_player=259 connected=true
2026-09-29T07:55:25.165351Z  INFO faf_app::infra::ice_java: ICE negotiation state remote_player=259 state="connected"
2026-09-29T07:55:30.706612Z  WARN faf_app::infra::discord: Discord rich presence disconnected reason=Discord is not running
2026-09-29T07:55:45.717507Z  WARN faf_app::infra::discord: Discord rich presence disconnected reason=Discord is not running
2026-09-29T07:56:00.729274Z  WARN faf_app::infra::discord: Discord rich presence disconnected reason=Discord is not running
2026-09-29T07:56:15.742267Z  WARN faf_app::infra::discord: Discord rich presence disconnected reason=Discord is not running
2026-09-29T07:56:30.744480Z  WARN faf_app::infra::discord: Discord rich presence disconnected reason=Discord is not running
2026-09-29T07:56:45.753951Z  WARN faf_app::infra::discord: Discord rich presence disconnected reason=Discord is not running
2026-09-29T07:57:00.763508Z  WARN faf_app::infra::discord: Discord rich presence disconnected reason=Discord is not running
2026-09-29T07:57:15.773597Z  WARN faf_app::infra::discord: Discord rich presence disconnected reason=Discord is not running
2026-09-29T07:57:30.788179Z  WARN faf_app::infra::discord: Discord rich presence disconnected reason=Discord is not running
2026-09-29T07:57:45.796801Z  WARN faf_app::infra::discord: Discord rich presence disconnected reason=Discord is not running
2026-09-29T07:58:00.801524Z  WARN faf_app::infra::discord: Discord rich presence disconnected reason=Discord is not running
2026-09-29T07:58:15.809790Z  WARN faf_app::infra::discord: Discord rich presence disconnected reason=Discord is not running
2026-09-29T07:58:30.811115Z  WARN faf_app::infra::discord: Discord rich presence disconnected reason=Discord is not running
2026-09-29T07:58:45.817774Z  WARN faf_app::infra::discord: Discord rich presence disconnected reason=Discord is not running
2026-09-29T07:59:00.821581Z  WARN faf_app::infra::discord: Discord rich presence disconnected reason=Discord is not running
2026-09-29T07:59:15.824093Z  WARN faf_app::infra::discord: Discord rich presence disconnected reason=Discord is not running
2026-09-29T07:59:30.840148Z  WARN faf_app::infra::discord: Discord rich presence disconnected reason=Discord is not running
2026-09-29T07:59:45.850540Z  WARN faf_app::infra::discord: Discord rich presence disconnected reason=Discord is not running
2026-09-29T08:00:00.850974Z  WARN faf_app::infra::discord: Discord rich presence disconnected reason=Discord is not running
2026-09-29T08:00:15.862565Z  WARN faf_app::infra::discord: Discord rich presence disconnected reason=Discord is not running
2026-09-29T08:00:30.874749Z  WARN faf_app::infra::discord: Discord rich presence disconnected reason=Discord is not running
2026-09-29T08:00:45.890428Z  WARN faf_app::infra::discord: Discord rich presence disconnected reason=Discord is not running
2026-09-29T08:01:00.904532Z  WARN faf_app::infra::discord: Discord rich presence disconnected reason=Discord is not running
2026-09-29T08:01:15.911138Z  WARN faf_app::infra::discord: Discord rich presence disconnected reason=Discord is not running
2026-09-29T08:01:30.924220Z  WARN faf_app::infra::discord: Discord rich presence disconnected reason=Discord is not running
2026-09-29T08:01:45.936159Z  WARN faf_app::infra::discord: Discord rich presence disconnected reason=Discord is not running
2026-09-29T08:02:00.938603Z  WARN faf_app::infra::discord: Discord rich presence disconnected reason=Discord is not running
2026-09-29T08:02:15.946239Z  WARN faf_app::infra::discord: Discord rich presence disconnected reason=Discord is not running
2026-09-29T08:02:30.953594Z  WARN faf_app::infra::discord: Discord rich presence disconnected reason=Discord is not running
2026-09-29T08:02:45.958902Z  WARN faf_app::infra::discord: Discord rich presence disconnected reason=Discord is not running
2026-09-29T08:03:00.965329Z  WARN faf_app::infra::discord: Discord rich presence disconnected reason=Discord is not running
2026-09-29T08:03:15.971430Z  WARN faf_app::infra::discord: Discord rich presence disconnected reason=Discord is not running
2026-09-29T08:03:30.978076Z  WARN faf_app::infra::discord: Discord rich presence disconnected reason=Discord is not running
2026-09-29T08:03:45.981563Z  WARN faf_app::infra::discord: Discord rich presence disconnected reason=Discord is not running
2026-09-29T08:04:00.987162Z  WARN faf_app::infra::discord: Discord rich presence disconnected reason=Discord is not running
2026-09-29T08:04:16.002277Z  WARN faf_app::infra::discord: Discord rich presence disconnected reason=Discord is not running
2026-09-29T08:04:31.011112Z  WARN faf_app::infra::discord: Discord rich presence disconnected reason=Discord is not running
2026-09-29T08:04:46.015799Z  WARN faf_app::infra::discord: Discord rich presence disconnected reason=Discord is not running
2026-09-29T08:05:01.025203Z  WARN faf_app::infra::discord: Discord rich presence disconnected reason=Discord is not running
2026-09-29T08:05:16.037675Z  WARN faf_app::infra::discord: Discord rich presence disconnected reason=Discord is not running
2026-09-29T08:05:23.327672Z  INFO faf_app::infra::replay_recorder: replay recorded path=C:\ProgramData\FAForever\replays\27872776-DillyDally.fafreplay raw_bytes=162041 bytes=21562 complete=true
2026-09-29T08:05:23.327971Z  INFO faf_app::infra::replay_relay: replay uploaded to FAF game_id=27872776 bytes=162074
2026-09-29T08:05:23.329178Z  INFO faf_app::infra::ice_java: ICE adapter connection state state="Disconnected"
2026-09-29T08:05:23.347102Z  INFO faf_app::infra::ice_java: ICE peer state remote_player=259 connected=false
2026-09-29T08:05:23.347263Z  INFO faf_app::infra::ice_java: ICE negotiation state remote_player=259 state="disconnected"
2026-09-29T08:05:24.077476Z  INFO faf_app::services::launcher: the game process exited; releasing the launch
2026-09-29T08:05:24.087547Z  WARN faf_app::infra::ice_java: Java ICE adapter notification stream ended
2026-09-29T08:05:24.426689Z  INFO faf_app::services::launcher: launcher: game exit cleanup complete
2026-09-29T08:05:31.047000Z  WARN faf_app::infra::discord: Discord rich presence disconnected reason=Discord is not running
2026-09-29T08:05:41.194382Z  INFO faforever_rust_client_lib::diagnostics: client diagnostics initialized retained_files=7 max_file_bytes=10485760
2026-09-29T08:05:41.196344Z  WARN faf_app::infra::discord: Discord rich presence disconnected reason=Discord is not running
2026-09-29T08:05:42.590277Z  INFO faf_app::infra::irc: chat WebSocket connected
2026-09-29T08:05:42.643500Z  INFO faf_app::infra::lobby_ws: lobby WebSocket connected
2026-09-29T08:05:42.695505Z  INFO faf_app::infra::lobby_ws: lobby notice received style=Info text=You are using an unofficial client version! Some features might not work as expected. If you experience any problems please download the latest version of the official client from <a href="https://www.faforever.com">https://www.faforever.com</a>
2026-09-29T08:05:44.921375Z  INFO faf_app::infra::lobby_ws: lobby authenticated
2026-09-29T08:05:56.211688Z  WARN faf_app::infra::discord: Discord rich presence disconnected reason=Discord is not running
2026-09-29T08:06:11.224520Z  WARN faf_app::infra::discord: Discord rich presence disconnected reason=Discord is not running
2026-09-29T08:06:26.234232Z  WARN faf_app::infra::discord: Discord rich presence disconnected reason=Discord is not running
2026-09-29T08:06:41.240748Z  WARN faf_app::infra::discord: Discord rich presence disconnected reason=Discord is not running
2026-09-29T08:06:56.241303Z  WARN faf_app::infra::discord: Discord rich presence disconnected reason=Discord is not running
2026-09-29T08:07:11.245183Z  WARN faf_app::infra::discord: Discord rich presence disconnected reason=Discord is not running
2026-09-29T08:07:19.856104Z  INFO faf_app::infra::game_updater: resolved retail FA install for fa_path path=C:\Program Files (x86)\Steam\steamapps\common\Supreme Commander Forged Alliance
2026-09-29T08:07:19.863755Z  INFO faf_app::infra::game: launching Forged Alliance argument_count=9 wrapper=""
2026-09-29T08:07:26.248569Z  WARN faf_app::infra::discord: Discord rich presence disconnected reason=Discord is not running
2026-09-29T08:07:41.255945Z  WARN faf_app::infra::discord: Discord rich presence disconnected reason=Discord is not running
2026-09-29T08:07:46.465315Z  INFO faf_app::infra::lobby_ws: lobby issued game launch game_id=27872802
2026-09-29T08:07:47.995114Z  INFO faf_app::infra::game_updater: resolved retail FA install for fa_path path=C:\Program Files (x86)\Steam\steamapps\common\Supreme Commander Forged Alliance
2026-09-29T08:07:47.995894Z  INFO faf_app::infra::ice_select: starting selected ICE backend backend="Java (faf-ice-adapter)"
2026-09-29T08:07:56.269457Z  WARN faf_app::infra::discord: Discord rich presence disconnected reason=Discord is not running
2026-09-29T08:07:58.051237Z  INFO faf_app::infra::ice_java: starting Java ICE adapter game_id=27872802 rpc_port=62027 gpgnet_port=62028
2026-09-29T08:07:59.066294Z  INFO faf_app::infra::replay_recorder: recording this game's replay port=62031 game_id=27872802
2026-09-29T08:07:59.066477Z  INFO faf_app::infra::game: launching Forged Alliance argument_count=24 wrapper=""
2026-09-29T08:08:05.213391Z  INFO faf_app::infra::ice_java: ICE adapter connection state state="Connected"
2026-09-29T08:08:11.276720Z  WARN faf_app::infra::discord: Discord rich presence disconnected reason=Discord is not running
2026-09-29T08:08:22.545389Z  INFO faf_app::infra::ice_java: ICE negotiation state remote_player=375518 state="gathering"
2026-09-29T08:08:26.283549Z  WARN faf_app::infra::discord: Discord rich presence disconnected reason=Discord is not running
2026-09-29T08:08:29.710782Z  INFO faf_app::infra::ice_java: ICE negotiation state remote_player=375518 state="awaitingCandidates"
2026-09-29T08:08:31.760104Z  INFO faf_app::infra::ice_java: ICE negotiation state remote_player=375518 state="checking"
2026-09-29T08:08:34.497597Z  INFO faf_app::infra::ice_java: ICE peer state remote_player=375518 connected=true
2026-09-29T08:08:34.497769Z  INFO faf_app::infra::ice_java: ICE negotiation state remote_player=375518 state="connected"
2026-09-29T08:08:41.289785Z  WARN faf_app::infra::discord: Discord rich presence disconnected reason=Discord is not running
2026-09-29T08:08:56.293518Z  WARN faf_app::infra::discord: Discord rich presence disconnected reason=Discord is not running
2026-09-29T08:09:11.296351Z  WARN faf_app::infra::discord: Discord rich presence disconnected reason=Discord is not running
2026-09-29T08:09:26.312396Z  WARN faf_app::infra::discord: Discord rich presence disconnected reason=Discord is not running
2026-09-29T08:09:41.324750Z  WARN faf_app::infra::discord: Discord rich presence disconnected reason=Discord is not running
2026-09-29T08:09:56.331426Z  WARN faf_app::infra::discord: Discord rich presence disconnected reason=Discord is not running
2026-09-29T08:10:11.346415Z  WARN faf_app::infra::discord: Discord rich presence disconnected reason=Discord is not running
2026-09-29T08:10:26.359808Z  WARN faf_app::infra::discord: Discord rich presence disconnected reason=Discord is not running
2026-09-29T08:10:41.362555Z  WARN faf_app::infra::discord: Discord rich presence disconnected reason=Discord is not running
2026-09-29T08:10:56.370905Z  WARN faf_app::infra::discord: Discord rich presence disconnected reason=Discord is not running
2026-09-29T08:11:11.378433Z  WARN faf_app::infra::discord: Discord rich presence disconnected reason=Discord is not running
2026-09-29T08:11:26.380284Z  WARN faf_app::infra::discord: Discord rich presence disconnected reason=Discord is not running
2026-09-29T08:11:41.394250Z  WARN faf_app::infra::discord: Discord rich presence disconnected reason=Discord is not running
2026-09-29T08:11:56.404570Z  WARN faf_app::infra::discord: Discord rich presence disconnected reason=Discord is not running
2026-09-29T08:12:11.405497Z  WARN faf_app::infra::discord: Discord rich presence disconnected reason=Discord is not running
2026-09-29T08:12:26.408636Z  WARN faf_app::infra::discord: Discord rich presence disconnected reason=Discord is not running
2026-09-29T08:12:41.420818Z  WARN faf_app::infra::discord: Discord rich presence disconnected reason=Discord is not running
2026-09-29T08:12:56.437825Z  WARN faf_app::infra::discord: Discord rich presence disconnected reason=Discord is not running
2026-09-29T08:13:11.443206Z  WARN faf_app::infra::discord: Discord rich presence disconnected reason=Discord is not running
2026-09-29T08:13:26.450355Z  WARN faf_app::infra::discord: Discord rich presence disconnected reason=Discord is not running
2026-09-29T08:13:41.463208Z  WARN faf_app::infra::discord: Discord rich presence disconnected reason=Discord is not running
2026-09-29T08:13:56.476597Z  WARN faf_app::infra::discord: Discord rich presence disconnected reason=Discord is not running
2026-09-29T08:14:11.482544Z  WARN faf_app::infra::discord: Discord rich presence disconnected reason=Discord is not running
2026-09-29T08:14:26.488966Z  WARN faf_app::infra::discord: Discord rich presence disconnected reason=Discord is not running
2026-09-29T08:14:41.492359Z  WARN faf_app::infra::discord: Discord rich presence disconnected reason=Discord is not running
2026-09-29T08:14:56.494635Z  WARN faf_app::infra::discord: Discord rich presence disconnected reason=Discord is not running
2026-09-29T08:15:11.504237Z  WARN faf_app::infra::discord: Discord rich presence disconnected reason=Discord is not running
2026-09-29T08:15:26.513042Z  WARN faf_app::infra::discord: Discord rich presence disconnected reason=Discord is not running
2026-09-29T08:15:41.523680Z  WARN faf_app::infra::discord: Discord rich presence disconnected reason=Discord is not running
2026-09-29T08:15:56.534824Z  WARN faf_app::infra::discord: Discord rich presence disconnected reason=Discord is not running
2026-09-29T08:16:11.540382Z  WARN faf_app::infra::discord: Discord rich presence disconnected reason=Discord is not running
2026-09-29T08:16:26.541654Z  WARN faf_app::infra::discord: Discord rich presence disconnected reason=Discord is not running
2026-09-29T08:16:41.549891Z  WARN faf_app::infra::discord: Discord rich presence disconnected reason=Discord is not running
2026-09-29T08:16:56.552138Z  WARN faf_app::infra::discord: Discord rich presence disconnected reason=Discord is not running
2026-09-29T08:17:11.567377Z  WARN faf_app::infra::discord: Discord rich presence disconnected reason=Discord is not running
2026-09-29T08:17:26.579844Z  WARN faf_app::infra::discord: Discord rich presence disconnected reason=Discord is not running
2026-09-29T08:17:41.589709Z  WARN faf_app::infra::discord: Discord rich presence disconnected reason=Discord is not running
2026-09-29T08:17:56.603247Z  WARN faf_app::infra::discord: Discord rich presence disconnected reason=Discord is not running
2026-09-29T08:18:11.605339Z  WARN faf_app::infra::discord: Discord rich presence disconnected reason=Discord is not running
2026-09-29T08:18:26.607608Z  WARN faf_app::infra::discord: Discord rich presence disconnected reason=Discord is not running
2026-09-29T08:18:41.609780Z  WARN faf_app::infra::discord: Discord rich presence disconnected reason=Discord is not running
2026-09-29T08:18:56.619529Z  WARN faf_app::infra::discord: Discord rich presence disconnected reason=Discord is not running
2026-09-29T08:19:09.077218Z  INFO faf_app::infra::replay_recorder: replay recorded path=C:\ProgramData\FAForever\replays\27872802-DillyDally.fafreplay raw_bytes=197807 bytes=32064 complete=true
2026-09-29T08:19:09.077429Z  INFO faf_app::infra::ice_java: ICE adapter connection state state="Disconnected"
2026-09-29T08:19:09.077646Z  INFO faf_app::infra::replay_relay: replay uploaded to FAF game_id=27872802 bytes=197840
2026-09-29T08:19:09.606706Z  INFO faf_app::services::launcher: the game process exited; releasing the launch
2026-09-29T08:19:09.615742Z  WARN faf_app::infra::ice_java: Java ICE adapter notification stream ended
2026-09-29T08:19:09.941959Z  INFO faf_app::services::launcher: launcher: game exit cleanup complete
2026-09-29T08:19:11.621358Z  WARN faf_app::infra::discord: Discord rich presence disconnected reason=Discord is not running
2026-09-29T08:19:13.783988Z  INFO faforever_rust_client_lib::diagnostics: client diagnostics initialized retained_files=7 max_file_bytes=10485760
2026-09-29T08:19:13.786111Z  WARN faf_app::infra::discord: Discord rich presence disconnected reason=Discord is not running
2026-09-29T08:19:15.060786Z  INFO faf_app::infra::lobby_ws: lobby WebSocket connected
2026-09-29T08:19:15.094716Z  INFO faf_app::infra::lobby_ws: lobby notice received style=Info text=You are using an unofficial client version! Some features might not work as expected. If you experience any problems please download the latest version of the official client from <a href="https://www.faforever.com">https://www.faforever.com</a>
2026-09-29T08:19:15.118680Z  INFO faf_app::infra::irc: chat WebSocket connected
2026-09-29T08:19:17.314943Z  INFO faf_app::infra::lobby_ws: lobby authenticated
2026-09-29T08:19:28.796658Z  WARN faf_app::infra::discord: Discord rich presence disconnected reason=Discord is not running
2026-09-29T08:19:43.802493Z  WARN faf_app::infra::discord: Discord rich presence disconnected reason=Discord is not running
2026-09-29T08:19:58.803900Z  WARN faf_app::infra::discord: Discord rich presence disconnected reason=Discord is not running
2026-09-29T08:20:13.812942Z  WARN faf_app::infra::discord: Discord rich presence disconnected reason=Discord is not running
2026-09-29T08:20:28.828411Z  WARN faf_app::infra::discord: Discord rich presence disconnected reason=Discord is not running
2026-09-29T08:20:43.839437Z  WARN faf_app::infra::discord: Discord rich presence disconnected reason=Discord is not running
2026-09-29T08:20:58.851048Z  WARN faf_app::infra::discord: Discord rich presence disconnected reason=Discord is not running
2026-09-29T08:21:13.860799Z  WARN faf_app::infra::discord: Discord rich presence disconnected reason=Discord is not running
2026-09-29T08:21:28.868602Z  WARN faf_app::infra::discord: Discord rich presence disconnected reason=Discord is not running
2026-09-29T08:21:43.881560Z  WARN faf_app::infra::discord: Discord rich presence disconnected reason=Discord is not running
2026-09-29T08:21:58.896308Z  WARN faf_app::infra::discord: Discord rich presence disconnected reason=Discord is not running
2026-09-29T08:22:13.900504Z  WARN faf_app::infra::discord: Discord rich presence disconnected reason=Discord is not running
2026-09-29T08:22:28.915799Z  WARN faf_app::infra::discord: Discord rich presence disconnected reason=Discord is not running
2026-09-29T08:22:35.349227Z  INFO faf_app::infra::game_updater: resolved retail FA install for fa_path path=C:\Program Files (x86)\Steam\steamapps\common\Supreme Commander Forged Alliance
2026-09-29T08:22:35.358134Z  INFO faf_app::infra::game: launching Forged Alliance argument_count=9 wrapper=""
2026-09-29T08:22:43.917342Z  WARN faf_app::infra::discord: Discord rich presence disconnected reason=Discord is not running
2026-09-29T08:22:58.930503Z  WARN faf_app::infra::discord: Discord rich presence disconnected reason=Discord is not running
2026-09-29T08:23:13.941273Z  WARN faf_app::infra::discord: Discord rich presence disconnected reason=Discord is not running
2026-09-29T08:23:28.950134Z  WARN faf_app::infra::discord: Discord rich presence disconnected reason=Discord is not running
2026-09-29T08:23:43.959904Z  WARN faf_app::infra::discord: Discord rich presence disconnected reason=Discord is not running
2026-09-29T08:23:58.966832Z  WARN faf_app::infra::discord: Discord rich presence disconnected reason=Discord is not running
2026-09-29T08:24:13.979459Z  WARN faf_app::infra::discord: Discord rich presence disconnected reason=Discord is not running
2026-09-29T08:24:28.985573Z  WARN faf_app::infra::discord: Discord rich presence disconnected reason=Discord is not running
2026-09-29T08:24:43.999891Z  WARN faf_app::infra::discord: Discord rich presence disconnected reason=Discord is not running
2026-09-29T08:24:59.012524Z  WARN faf_app::infra::discord: Discord rich presence disconnected reason=Discord is not running
2026-09-29T08:25:14.019947Z  WARN faf_app::infra::discord: Discord rich presence disconnected reason=Discord is not running
2026-09-29T08:25:29.023018Z  WARN faf_app::infra::discord: Discord rich presence disconnected reason=Discord is not running
2026-09-29T08:25:44.027536Z  WARN faf_app::infra::discord: Discord rich presence disconnected reason=Discord is not running
2026-09-29T08:25:59.031006Z  WARN faf_app::infra::discord: Discord rich presence disconnected reason=Discord is not running
2026-09-29T08:26:14.042498Z  WARN faf_app::infra::discord: Discord rich presence disconnected reason=Discord is not running
2026-09-29T08:26:29.043682Z  WARN faf_app::infra::discord: Discord rich presence disconnected reason=Discord is not running
2026-09-29T08:26:44.057804Z  WARN faf_app::infra::discord: Discord rich presence disconnected reason=Discord is not running
2026-09-29T08:26:59.059965Z  WARN faf_app::infra::discord: Discord rich presence disconnected reason=Discord is not running
2026-09-29T08:27:14.062531Z  WARN faf_app::infra::discord: Discord rich presence disconnected reason=Discord is not running
2026-09-29T08:27:29.063813Z  WARN faf_app::infra::discord: Discord rich presence disconnected reason=Discord is not running
2026-09-29T08:27:44.072183Z  WARN faf_app::infra::discord: Discord rich presence disconnected reason=Discord is not running
2026-09-29T08:27:59.082395Z  WARN faf_app::infra::discord: Discord rich presence disconnected reason=Discord is not running
2026-09-29T08:28:14.089133Z  WARN faf_app::infra::discord: Discord rich presence disconnected reason=Discord is not running
2026-09-29T08:28:29.102335Z  WARN faf_app::infra::discord: Discord rich presence disconnected reason=Discord is not running
2026-09-29T08:28:44.103499Z  WARN faf_app::infra::discord: Discord rich presence disconnected reason=Discord is not running
2026-09-29T08:28:59.113403Z  WARN faf_app::infra::discord: Discord rich presence disconnected reason=Discord is not running
2026-09-29T08:29:14.127194Z  WARN faf_app::infra::discord: Discord rich presence disconnected reason=Discord is not running
2026-09-29T08:29:29.143769Z  WARN faf_app::infra::discord: Discord rich presence disconnected reason=Discord is not running
2026-09-29T08:29:44.153663Z  WARN faf_app::infra::discord: Discord rich presence disconnected reason=Discord is not running
2026-09-29T08:29:59.157968Z  WARN faf_app::infra::discord: Discord rich presence disconnected reason=Discord is not running
2026-09-29T08:30:14.174302Z  WARN faf_app::infra::discord: Discord rich presence disconnected reason=Discord is not running
2026-09-29T08:30:29.187353Z  WARN faf_app::infra::discord: Discord rich presence disconnected reason=Discord is not running
2026-09-29T08:30:44.203672Z  WARN faf_app::infra::discord: Discord rich presence disconnected reason=Discord is not running
2026-09-29T08:30:59.208198Z  WARN faf_app::infra::discord: Discord rich presence disconnected reason=Discord is not running
2026-09-29T08:31:14.214149Z  WARN faf_app::infra::discord: Discord rich presence disconnected reason=Discord is not running
2026-09-29T08:31:29.223423Z  WARN faf_app::infra::discord: Discord rich presence disconnected reason=Discord is not running
2026-09-29T08:31:44.229758Z  WARN faf_app::infra::discord: Discord rich presence disconnected reason=Discord is not running
2026-09-29T08:31:59.241877Z  WARN faf_app::infra::discord: Discord rich presence disconnected reason=Discord is not running
2026-09-29T08:32:14.252971Z  WARN faf_app::infra::discord: Discord rich presence disconnected reason=Discord is not running
2026-09-29T08:32:29.259523Z  WARN faf_app::infra::discord: Discord rich presence disconnected reason=Discord is not running
2026-09-29T08:32:44.267671Z  WARN faf_app::infra::discord: Discord rich presence disconnected reason=Discord is not running
2026-09-29T08:32:59.283650Z  WARN faf_app::infra::discord: Discord rich presence disconnected reason=Discord is not running
2026-09-29T08:33:14.292157Z  WARN faf_app::infra::discord: Discord rich presence disconnected reason=Discord is not running
2026-09-29T08:33:29.307615Z  WARN faf_app::infra::discord: Discord rich presence disconnected reason=Discord is not running
2026-09-29T08:33:44.320008Z  WARN faf_app::infra::discord: Discord rich presence disconnected reason=Discord is not running
2026-09-29T08:33:59.327173Z  WARN faf_app::infra::discord: Discord rich presence disconnected reason=Discord is not running
2026-09-29T08:34:14.336665Z  WARN faf_app::infra::discord: Discord rich presence disconnected reason=Discord is not running
2026-09-29T08:34:29.340877Z  WARN faf_app::infra::discord: Discord rich presence disconnected reason=Discord is not running
2026-09-29T08:34:44.356265Z  WARN faf_app::infra::discord: Discord rich presence disconnected reason=Discord is not running
2026-09-29T08:34:59.369424Z  WARN faf_app::infra::discord: Discord rich presence disconnected reason=Discord is not running
2026-09-29T08:35:14.377715Z  WARN faf_app::infra::discord: Discord rich presence disconnected reason=Discord is not running
2026-09-29T08:35:29.386646Z  WARN faf_app::infra::discord: Discord rich presence disconnected reason=Discord is not running
2026-09-29T08:35:44.392663Z  WARN faf_app::infra::discord: Discord rich presence disconnected reason=Discord is not running
2026-09-29T08:35:59.399141Z  WARN faf_app::infra::discord: Discord rich presence disconnected reason=Discord is not running
2026-09-29T08:36:14.404663Z  WARN faf_app::infra::discord: Discord rich presence disconnected reason=Discord is not running
2026-09-29T08:36:29.415675Z  WARN faf_app::infra::discord: Discord rich presence disconnected reason=Discord is not running
2026-09-29T08:36:44.431659Z  WARN faf_app::infra::discord: Discord rich presence disconnected reason=Discord is not running
2026-09-29T08:36:59.490715Z  WARN faf_app::infra::discord: Discord rich presence disconnected reason=Discord is not running
2026-09-29T08:37:14.495932Z  WARN faf_app::infra::discord: Discord rich presence disconnected reason=Discord is not running
2026-09-29T08:37:29.503678Z  WARN faf_app::infra::discord: Discord rich presence disconnected reason=Discord is not running
2026-09-29T08:37:44.508432Z  WARN faf_app::infra::discord: Discord rich presence disconnected reason=Discord is not running
2026-09-29T08:37:56.310525Z  INFO faf_app::infra::game_updater: resolved retail FA install for fa_path path=C:\Program Files (x86)\Steam\steamapps\common\Supreme Commander Forged Alliance
2026-09-29T08:37:56.760081Z  INFO faf_app::infra::game: launching Forged Alliance argument_count=9 wrapper=""
2026-09-29T08:37:59.512861Z  WARN faf_app::infra::discord: Discord rich presence disconnected reason=Discord is not running
2026-09-29T08:38:14.514803Z  WARN faf_app::infra::discord: Discord rich presence disconnected reason=Discord is not running
2026-09-29T08:38:29.524532Z  WARN faf_app::infra::discord: Discord rich presence disconnected reason=Discord is not running
2026-09-29T08:38:44.539406Z  WARN faf_app::infra::discord: Discord rich presence disconnected reason=Discord is not running
2026-09-29T08:38:59.540840Z  WARN faf_app::infra::discord: Discord rich presence disconnected reason=Discord is not running
2026-09-29T08:39:14.554802Z  WARN faf_app::infra::discord: Discord rich presence disconnected reason=Discord is not running
2026-09-29T08:39:29.558152Z  WARN faf_app::infra::discord: Discord rich presence disconnected reason=Discord is not running
2026-09-29T08:39:44.559893Z  WARN faf_app::infra::discord: Discord rich presence disconnected reason=Discord is not running
2026-09-29T08:39:59.562389Z  WARN faf_app::infra::discord: Discord rich presence disconnected reason=Discord is not running
2026-09-29T08:40:14.571338Z  WARN faf_app::infra::discord: Discord rich presence disconnected reason=Discord is not running
2026-09-29T08:40:29.574371Z  WARN faf_app::infra::discord: Discord rich presence disconnected reason=Discord is not running
2026-09-29T08:40:44.588704Z  WARN faf_app::infra::discord: Discord rich presence disconnected reason=Discord is not running
2026-09-29T08:40:59.601953Z  WARN faf_app::infra::discord: Discord rich presence disconnected reason=Discord is not running
2026-09-29T08:41:14.613869Z  WARN faf_app::infra::discord: Discord rich presence disconnected reason=Discord is not running
2026-09-29T08:41:29.629382Z  WARN faf_app::infra::discord: Discord rich presence disconnected reason=Discord is not running
2026-09-29T08:41:44.643206Z  WARN faf_app::infra::discord: Discord rich presence disconnected reason=Discord is not running
2026-09-29T08:41:59.644772Z  WARN faf_app::infra::discord: Discord rich presence disconnected reason=Discord is not running
2026-09-29T08:42:14.660792Z  WARN faf_app::infra::discord: Discord rich presence disconnected reason=Discord is not running
2026-09-29T08:42:29.676842Z  WARN faf_app::infra::discord: Discord rich presence disconnected reason=Discord is not running
2026-09-29T08:42:44.691879Z  WARN faf_app::infra::discord: Discord rich presence disconnected reason=Discord is not running
2026-09-29T08:42:59.699953Z  WARN faf_app::infra::discord: Discord rich presence disconnected reason=Discord is not running
2026-09-29T08:43:14.703523Z  WARN faf_app::infra::discord: Discord rich presence disconnected reason=Discord is not running
2026-09-29T08:43:29.714349Z  WARN faf_app::infra::discord: Discord rich presence disconnected reason=Discord is not running
2026-09-29T08:43:44.726302Z  WARN faf_app::infra::discord: Discord rich presence disconnected reason=Discord is not running
2026-09-29T08:43:59.732245Z  WARN faf_app::infra::discord: Discord rich presence disconnected reason=Discord is not running
2026-09-29T08:44:14.747705Z  WARN faf_app::infra::discord: Discord rich presence disconnected reason=Discord is not running
2026-09-29T08:44:29.758971Z  WARN faf_app::infra::discord: Discord rich presence disconnected reason=Discord is not running
2026-09-29T08:44:44.768052Z  WARN faf_app::infra::discord: Discord rich presence disconnected reason=Discord is not running
2026-09-29T08:44:59.782498Z  WARN faf_app::infra::discord: Discord rich presence disconnected reason=Discord is not running
2026-09-29T08:45:14.794575Z  WARN faf_app::infra::discord: Discord rich presence disconnected reason=Discord is not running
2026-09-29T08:45:29.806624Z  WARN faf_app::infra::discord: Discord rich presence disconnected reason=Discord is not running
2026-09-29T08:45:44.822879Z  WARN faf_app::infra::discord: Discord rich presence disconnected reason=Discord is not running
2026-09-29T08:45:59.839808Z  WARN faf_app::infra::discord: Discord rich presence disconnected reason=Discord is not running
2026-09-29T08:46:14.846128Z  WARN faf_app::infra::discord: Discord rich presence disconnected reason=Discord is not running
2026-09-29T08:46:29.857776Z  WARN faf_app::infra::discord: Discord rich presence disconnected reason=Discord is not running
2026-09-29T08:46:44.859140Z  WARN faf_app::infra::discord: Discord rich presence disconnected reason=Discord is not running
2026-09-29T08:46:59.870030Z  WARN faf_app::infra::discord: Discord rich presence disconnected reason=Discord is not running
2026-09-29T08:47:14.874986Z  WARN faf_app::infra::discord: Discord rich presence disconnected reason=Discord is not running
2026-09-29T08:47:29.884398Z  WARN faf_app::infra::discord: Discord rich presence disconnected reason=Discord is not running
2026-09-29T08:47:44.885974Z  WARN faf_app::infra::discord: Discord rich presence disconnected reason=Discord is not running
2026-09-29T08:47:59.897925Z  WARN faf_app::infra::discord: Discord rich presence disconnected reason=Discord is not running
2026-09-29T08:48:14.902619Z  WARN faf_app::infra::discord: Discord rich presence disconnected reason=Discord is not running
2026-09-29T08:48:29.919656Z  WARN faf_app::infra::discord: Discord rich presence disconnected reason=Discord is not running
2026-09-29T08:48:44.920887Z  WARN faf_app::infra::discord: Discord rich presence disconnected reason=Discord is not running
2026-09-29T08:48:59.926537Z  WARN faf_app::infra::discord: Discord rich presence disconnected reason=Discord is not running
2026-09-29T08:49:14.940454Z  WARN faf_app::infra::discord: Discord rich presence disconnected reason=Discord is not running
2026-09-29T08:49:29.942533Z  WARN faf_app::infra::discord: Discord rich presence disconnected reason=Discord is not running
2026-09-29T08:49:44.951943Z  WARN faf_app::infra::discord: Discord rich presence disconnected reason=Discord is not running
2026-09-29T08:49:59.963010Z  WARN faf_app::infra::discord: Discord rich presence disconnected reason=Discord is not running
2026-09-29T08:50:14.979664Z  WARN faf_app::infra::discord: Discord rich presence disconnected reason=Discord is not running
2026-09-29T08:50:29.995310Z  WARN faf_app::infra::discord: Discord rich presence disconnected reason=Discord is not running
2026-09-29T08:50:45.008455Z  WARN faf_app::infra::discord: Discord rich presence disconnected reason=Discord is not running
2026-09-29T08:51:00.012080Z  WARN faf_app::infra::discord: Discord rich presence disconnected reason=Discord is not running
2026-09-29T08:51:15.027494Z  WARN faf_app::infra::discord: Discord rich presence disconnected reason=Discord is not running
2026-09-29T08:51:30.040421Z  WARN faf_app::infra::discord: Discord rich presence disconnected reason=Discord is not running
2026-09-29T08:51:45.046946Z  WARN faf_app::infra::discord: Discord rich presence disconnected reason=Discord is not running
2026-09-29T08:52:00.049438Z  WARN faf_app::infra::discord: Discord rich presence disconnected reason=Discord is not running
2026-09-29T08:52:15.057608Z  WARN faf_app::infra::discord: Discord rich presence disconnected reason=Discord is not running
2026-09-29T08:52:30.069841Z  WARN faf_app::infra::discord: Discord rich presence disconnected reason=Discord is not running
2026-09-29T08:52:45.083794Z  WARN faf_app::infra::discord: Discord rich presence disconnected reason=Discord is not running
2026-09-29T08:53:00.087707Z  WARN faf_app::infra::discord: Discord rich presence disconnected reason=Discord is not running
2026-09-29T08:53:14.302563Z  INFO faf_app::infra::lobby_ws: lobby issued game launch game_id=27872897
2026-09-29T08:53:15.089422Z  WARN faf_app::infra::discord: Discord rich presence disconnected reason=Discord is not running
2026-09-29T08:53:15.943022Z  INFO faf_app::infra::game_updater: resolved retail FA install for fa_path path=C:\Program Files (x86)\Steam\steamapps\common\Supreme Commander Forged Alliance
2026-09-29T08:53:15.943747Z  INFO faf_app::infra::ice_select: starting selected ICE backend backend="Java (faf-ice-adapter)"
2026-09-29T08:53:26.008023Z  INFO faf_app::infra::ice_java: starting Java ICE adapter game_id=27872897 rpc_port=50566 gpgnet_port=50567
2026-09-29T08:53:27.035439Z  INFO faf_app::infra::replay_recorder: recording this game's replay port=50571 game_id=27872897
2026-09-29T08:53:27.035538Z  INFO faf_app::infra::game: launching Forged Alliance argument_count=24 wrapper=""
2026-09-29T08:53:30.097000Z  WARN faf_app::infra::discord: Discord rich presence disconnected reason=Discord is not running
2026-09-29T08:53:33.134612Z  INFO faf_app::infra::ice_java: ICE adapter connection state state="Connected"
2026-09-29T08:53:35.677356Z  INFO faf_app::infra::ice_java: ICE negotiation state remote_player=112454 state="gathering"
2026-09-29T08:53:42.793934Z  INFO faf_app::infra::ice_java: ICE negotiation state remote_player=112454 state="awaitingCandidates"
2026-09-29T08:53:42.799014Z  INFO faf_app::infra::ice_java: ICE negotiation state remote_player=112454 state="checking"
2026-09-29T08:53:45.102134Z  WARN faf_app::infra::discord: Discord rich presence disconnected reason=Discord is not running
2026-09-29T08:53:46.823047Z  INFO faf_app::infra::ice_java: ICE negotiation state remote_player=112454 state="disconnected"
2026-09-29T08:53:46.827389Z  INFO faf_app::infra::ice_java: ICE negotiation state remote_player=112454 state="gathering"
2026-09-29T08:53:49.085023Z  INFO faf_app::infra::ice_java: ICE negotiation state remote_player=112454 state="awaitingCandidates"
2026-09-29T08:53:49.086879Z  INFO faf_app::infra::ice_java: ICE negotiation state remote_player=112454 state="checking"
2026-09-29T08:53:49.429704Z  INFO faf_app::infra::ice_java: ICE peer state remote_player=112454 connected=true
2026-09-29T08:53:49.429850Z  INFO faf_app::infra::ice_java: ICE negotiation state remote_player=112454 state="connected"
2026-09-29T08:53:49.435460Z  INFO faf_app::infra::ice_java: ICE peer state remote_player=112454 connected=true
2026-09-29T08:53:49.435666Z  INFO faf_app::infra::ice_java: ICE negotiation state remote_player=112454 state="connected"
2026-09-29T08:54:00.105564Z  WARN faf_app::infra::discord: Discord rich presence disconnected reason=Discord is not running
2026-09-29T08:54:15.113698Z  WARN faf_app::infra::discord: Discord rich presence disconnected reason=Discord is not running
2026-09-29T08:54:30.130584Z  WARN faf_app::infra::discord: Discord rich presence disconnected reason=Discord is not running
2026-09-29T08:54:45.134265Z  WARN faf_app::infra::discord: Discord rich presence disconnected reason=Discord is not running
2026-09-29T08:55:00.144893Z  WARN faf_app::infra::discord: Discord rich presence disconnected reason=Discord is not running
2026-09-29T08:55:15.150289Z  WARN faf_app::infra::discord: Discord rich presence disconnected reason=Discord is not running
2026-09-29T08:55:30.166363Z  WARN faf_app::infra::discord: Discord rich presence disconnected reason=Discord is not running
2026-09-29T08:55:45.176360Z  WARN faf_app::infra::discord: Discord rich presence disconnected reason=Discord is not running
2026-09-29T08:56:00.188001Z  WARN faf_app::infra::discord: Discord rich presence disconnected reason=Discord is not running
2026-09-29T08:56:15.203763Z  WARN faf_app::infra::discord: Discord rich presence disconnected reason=Discord is not running
2026-09-29T08:56:30.205819Z  WARN faf_app::infra::discord: Discord rich presence disconnected reason=Discord is not running
2026-09-29T08:56:45.217290Z  WARN faf_app::infra::discord: Discord rich presence disconnected reason=Discord is not running
2026-09-29T08:57:00.219233Z  WARN faf_app::infra::discord: Discord rich presence disconnected reason=Discord is not running
2026-09-29T08:57:15.220256Z  WARN faf_app::infra::discord: Discord rich presence disconnected reason=Discord is not running
2026-09-29T08:57:30.227503Z  WARN faf_app::infra::discord: Discord rich presence disconnected reason=Discord is not running
2026-09-29T08:57:45.242461Z  WARN faf_app::infra::discord: Discord rich presence disconnected reason=Discord is not running
2026-09-29T08:58:00.252542Z  WARN faf_app::infra::discord: Discord rich presence disconnected reason=Discord is not running
2026-09-29T08:58:15.258144Z  WARN faf_app::infra::discord: Discord rich presence disconnected reason=Discord is not running
2026-09-29T08:58:30.261015Z  WARN faf_app::infra::discord: Discord rich presence disconnected reason=Discord is not running
2026-09-29T08:58:45.276289Z  WARN faf_app::infra::discord: Discord rich presence disconnected reason=Discord is not running
2026-09-29T08:59:00.287189Z  WARN faf_app::infra::discord: Discord rich presence disconnected reason=Discord is not running
2026-09-29T08:59:15.293713Z  WARN faf_app::infra::discord: Discord rich presence disconnected reason=Discord is not running
2026-09-29T08:59:30.309181Z  WARN faf_app::infra::discord: Discord rich presence disconnected reason=Discord is not running
2026-09-29T08:59:45.316416Z  WARN faf_app::infra::discord: Discord rich presence disconnected reason=Discord is not running
2026-09-29T09:00:00.317713Z  WARN faf_app::infra::discord: Discord rich presence disconnected reason=Discord is not running
2026-09-29T09:00:15.325247Z  WARN faf_app::infra::discord: Discord rich presence disconnected reason=Discord is not running
2026-09-29T09:00:30.339676Z  WARN faf_app::infra::discord: Discord rich presence disconnected reason=Discord is not running
2026-09-29T09:00:45.348010Z  WARN faf_app::infra::discord: Discord rich presence disconnected reason=Discord is not running
2026-09-29T09:01:00.357011Z  WARN faf_app::infra::discord: Discord rich presence disconnected reason=Discord is not running
2026-09-29T09:01:15.361049Z  WARN faf_app::infra::discord: Discord rich presence disconnected reason=Discord is not running
2026-09-29T09:01:30.363094Z  WARN faf_app::infra::discord: Discord rich presence disconnected reason=Discord is not running
2026-09-29T09:01:45.376734Z  WARN faf_app::infra::discord: Discord rich presence disconnected reason=Discord is not running
2026-09-29T09:02:00.382914Z  WARN faf_app::infra::discord: Discord rich presence disconnected reason=Discord is not running
2026-09-29T09:02:15.388003Z  WARN faf_app::infra::discord: Discord rich presence disconnected reason=Discord is not running
2026-09-29T09:02:30.403755Z  WARN faf_app::infra::discord: Discord rich presence disconnected reason=Discord is not running
2026-09-29T09:02:45.413776Z  WARN faf_app::infra::discord: Discord rich presence disconnected reason=Discord is not running
2026-09-29T09:03:00.420629Z  WARN faf_app::infra::discord: Discord rich presence disconnected reason=Discord is not running
2026-09-29T09:03:15.432894Z  WARN faf_app::infra::discord: Discord rich presence disconnected reason=Discord is not running
2026-09-29T09:03:30.446794Z  WARN faf_app::infra::discord: Discord rich presence disconnected reason=Discord is not running
2026-09-29T09:03:45.454154Z  WARN faf_app::infra::discord: Discord rich presence disconnected reason=Discord is not running
2026-09-29T09:04:00.461474Z  WARN faf_app::infra::discord: Discord rich presence disconnected reason=Discord is not running
2026-09-29T09:04:15.463125Z  WARN faf_app::infra::discord: Discord rich presence disconnected reason=Discord is not running
2026-09-29T09:04:30.478832Z  WARN faf_app::infra::discord: Discord rich presence disconnected reason=Discord is not running
2026-09-29T09:04:45.494826Z  WARN faf_app::infra::discord: Discord rich presence disconnected reason=Discord is not running
2026-09-29T09:05:00.496082Z  WARN faf_app::infra::discord: Discord rich presence disconnected reason=Discord is not running
2026-09-29T09:05:15.497002Z  WARN faf_app::infra::discord: Discord rich presence disconnected reason=Discord is not running
2026-09-29T09:05:30.504516Z  WARN faf_app::infra::discord: Discord rich presence disconnected reason=Discord is not running
2026-09-29T09:05:45.510744Z  WARN faf_app::infra::discord: Discord rich presence disconnected reason=Discord is not running
2026-09-29T09:06:00.513010Z  WARN faf_app::infra::discord: Discord rich presence disconnected reason=Discord is not running
2026-09-29T09:06:15.522404Z  WARN faf_app::infra::discord: Discord rich presence disconnected reason=Discord is not running
2026-09-29T09:06:30.535835Z  WARN faf_app::infra::discord: Discord rich presence disconnected reason=Discord is not running
2026-09-29T09:06:45.541412Z  WARN faf_app::infra::discord: Discord rich presence disconnected reason=Discord is not running
2026-09-29T09:07:00.548329Z  WARN faf_app::infra::discord: Discord rich presence disconnected reason=Discord is not running
2026-09-29T09:07:15.562043Z  WARN faf_app::infra::discord: Discord rich presence disconnected reason=Discord is not running
2026-09-29T09:07:30.563546Z  WARN faf_app::infra::discord: Discord rich presence disconnected reason=Discord is not running
2026-09-29T09:07:45.566953Z  WARN faf_app::infra::discord: Discord rich presence disconnected reason=Discord is not running
2026-09-29T09:08:00.583331Z  WARN faf_app::infra::discord: Discord rich presence disconnected reason=Discord is not running
2026-09-29T09:08:15.595065Z  WARN faf_app::infra::discord: Discord rich presence disconnected reason=Discord is not running
2026-09-29T09:08:30.607723Z  WARN faf_app::infra::discord: Discord rich presence disconnected reason=Discord is not running
2026-09-29T09:08:45.619837Z  WARN faf_app::infra::discord: Discord rich presence disconnected reason=Discord is not running
2026-09-29T09:09:00.621717Z  WARN faf_app::infra::discord: Discord rich presence disconnected reason=Discord is not running
2026-09-29T09:09:15.623743Z  WARN faf_app::infra::discord: Discord rich presence disconnected reason=Discord is not running
2026-09-29T09:09:30.638683Z  WARN faf_app::infra::discord: Discord rich presence disconnected reason=Discord is not running
2026-09-29T09:09:45.643552Z  WARN faf_app::infra::discord: Discord rich presence disconnected reason=Discord is not running
2026-09-29T09:10:00.658030Z  WARN faf_app::infra::discord: Discord rich presence disconnected reason=Discord is not running
2026-09-29T09:10:15.668691Z  WARN faf_app::infra::discord: Discord rich presence disconnected reason=Discord is not running
2026-09-29T09:10:30.683631Z  WARN faf_app::infra::discord: Discord rich presence disconnected reason=Discord is not running
2026-09-29T09:10:30.734254Z  INFO faf_app::infra::replay_recorder: replay recorded path=C:\ProgramData\FAForever\replays\27872897-DillyDally.fafreplay raw_bytes=318431 bytes=51019 complete=true
2026-09-29T09:10:30.734472Z  INFO faf_app::infra::replay_relay: replay uploaded to FAF game_id=27872897 bytes=318464
2026-09-29T09:10:32.732837Z  INFO faf_app::infra::ice_java: ICE adapter connection state state="Disconnected"
2026-09-29T09:10:32.740054Z  INFO faf_app::infra::ice_java: ICE peer state remote_player=112454 connected=false
2026-09-29T09:10:32.740059Z  INFO faf_app::infra::ice_java: ICE negotiation state remote_player=112454 state="disconnected"
2026-09-29T09:10:33.385136Z  INFO faf_app::services::launcher: the game process exited; releasing the launch
2026-09-29T09:10:33.405686Z  WARN faf_app::infra::ice_java: Java ICE adapter notification stream ended
2026-09-29T09:10:33.722120Z  INFO faf_app::services::launcher: launcher: game exit cleanup complete
2026-09-29T09:10:37.249889Z  INFO faforever_rust_client_lib::diagnostics: client diagnostics initialized retained_files=7 max_file_bytes=10485760
2026-09-29T09:10:37.252298Z  WARN faf_app::infra::discord: Discord rich presence disconnected reason=Discord is not running
2026-09-29T09:10:38.721244Z  INFO faf_app::infra::lobby_ws: lobby WebSocket connected
2026-09-29T09:10:38.736552Z  INFO faf_app::infra::irc: chat WebSocket connected
2026-09-29T09:10:38.772249Z  INFO faf_app::infra::lobby_ws: lobby notice received style=Info text=You are using an unofficial client version! Some features might not work as expected. If you experience any problems please download the latest version of the official client from <a href="https://www.faforever.com">https://www.faforever.com</a>
2026-09-29T09:10:41.025154Z  INFO faf_app::infra::lobby_ws: lobby authenticated
2026-09-29T09:10:52.253639Z  WARN faf_app::infra::discord: Discord rich presence disconnected reason=Discord is not running
2026-09-29T09:11:07.266540Z  WARN faf_app::infra::discord: Discord rich presence disconnected reason=Discord is not running
2026-09-29T09:11:22.273015Z  WARN faf_app::infra::discord: Discord rich presence disconnected reason=Discord is not running
2026-09-29T09:11:37.288960Z  WARN faf_app::infra::discord: Discord rich presence disconnected reason=Discord is not running
2026-09-29T09:11:52.300484Z  WARN faf_app::infra::discord: Discord rich presence disconnected reason=Discord is not running
2026-09-29T09:12:07.312148Z  WARN faf_app::infra::discord: Discord rich presence disconnected reason=Discord is not running
2026-09-29T09:12:22.322768Z  WARN faf_app::infra::discord: Discord rich presence disconnected reason=Discord is not running
2026-09-29T09:12:37.328148Z  WARN faf_app::infra::discord: Discord rich presence disconnected reason=Discord is not running
2026-09-29T09:12:52.336068Z  WARN faf_app::infra::discord: Discord rich presence disconnected reason=Discord is not running
2026-09-29T09:13:07.341263Z  WARN faf_app::infra::discord: Discord rich presence disconnected reason=Discord is not running
2026-09-29T09:13:22.347413Z  WARN faf_app::infra::discord: Discord rich presence disconnected reason=Discord is not running
2026-09-29T09:13:37.349527Z  WARN faf_app::infra::discord: Discord rich presence disconnected reason=Discord is not running
2026-09-29T09:13:52.356588Z  WARN faf_app::infra::discord: Discord rich presence disconnected reason=Discord is not running
2026-09-29T09:14:07.357097Z  WARN faf_app::infra::discord: Discord rich presence disconnected reason=Discord is not running
2026-09-29T09:14:22.364835Z  WARN faf_app::infra::discord: Discord rich presence disconnected reason=Discord is not running
2026-09-29T09:14:37.377585Z  WARN faf_app::infra::discord: Discord rich presence disconnected reason=Discord is not running
2026-09-29T09:14:52.387425Z  WARN faf_app::infra::discord: Discord rich presence disconnected reason=Discord is not running
2026-09-29T09:15:07.391215Z  WARN faf_app::infra::discord: Discord rich presence disconnected reason=Discord is not running
2026-09-29T09:15:22.415790Z  WARN faf_app::infra::discord: Discord rich presence disconnected reason=Discord is not running
2026-09-29T09:15:37.429505Z  WARN faf_app::infra::discord: Discord rich presence disconnected reason=Discord is not running
2026-09-29T09:15:52.443066Z  WARN faf_app::infra::discord: Discord rich presence disconnected reason=Discord is not running
2026-09-29T09:16:07.452369Z  WARN faf_app::infra::discord: Discord rich presence disconnected reason=Discord is not running
2026-09-29T09:16:22.464101Z  WARN faf_app::infra::discord: Discord rich presence disconnected reason=Discord is not running
2026-09-29T09:16:37.468667Z  WARN faf_app::infra::discord: Discord rich presence disconnected reason=Discord is not running
2026-09-29T09:16:52.474645Z  WARN faf_app::infra::discord: Discord rich presence disconnected reason=Discord is not running
2026-09-29T09:17:07.488377Z  WARN faf_app::infra::discord: Discord rich presence disconnected reason=Discord is not running
2026-09-29T09:17:22.499578Z  WARN faf_app::infra::discord: Discord rich presence disconnected reason=Discord is not running
2026-09-29T09:17:37.513991Z  WARN faf_app::infra::discord: Discord rich presence disconnected reason=Discord is not running
2026-09-29T09:17:52.523037Z  WARN faf_app::infra::discord: Discord rich presence disconnected reason=Discord is not running
2026-09-29T09:18:07.530493Z  WARN faf_app::infra::discord: Discord rich presence disconnected reason=Discord is not running
2026-09-29T09:18:22.534756Z  WARN faf_app::infra::discord: Discord rich presence disconnected reason=Discord is not running
2026-09-29T09:18:37.540537Z  WARN faf_app::infra::discord: Discord rich presence disconnected reason=Discord is not running
2026-09-29T09:18:52.552722Z  WARN faf_app::infra::discord: Discord rich presence disconnected reason=Discord is not running
2026-09-29T09:19:07.560548Z  WARN faf_app::infra::discord: Discord rich presence disconnected reason=Discord is not running
2026-09-29T09:19:22.567705Z  WARN faf_app::infra::discord: Discord rich presence disconnected reason=Discord is not running
2026-09-29T09:19:37.581279Z  WARN faf_app::infra::discord: Discord rich presence disconnected reason=Discord is not running
2026-09-29T09:19:52.595153Z  WARN faf_app::infra::discord: Discord rich presence disconnected reason=Discord is not running
2026-09-29T09:20:07.610231Z  WARN faf_app::infra::discord: Discord rich presence disconnected reason=Discord is not running
2026-09-29T09:20:22.625009Z  WARN faf_app::infra::discord: Discord rich presence disconnected reason=Discord is not running
2026-09-29T09:20:37.641386Z  WARN faf_app::infra::discord: Discord rich presence disconnected reason=Discord is not running
2026-09-29T09:20:52.654435Z  WARN faf_app::infra::discord: Discord rich presence disconnected reason=Discord is not running
2026-09-29T09:21:07.656044Z  WARN faf_app::infra::discord: Discord rich presence disconnected reason=Discord is not running
2026-09-29T09:21:22.668083Z  WARN faf_app::infra::discord: Discord rich presence disconnected reason=Discord is not running
2026-09-29T09:21:37.676604Z  WARN faf_app::infra::discord: Discord rich presence disconnected reason=Discord is not running
2026-09-29T09:21:52.680632Z  WARN faf_app::infra::discord: Discord rich presence disconnected reason=Discord is not running
2026-09-29T09:22:07.695523Z  WARN faf_app::infra::discord: Discord rich presence disconnected reason=Discord is not running
2026-09-29T09:22:22.700486Z  WARN faf_app::infra::discord: Discord rich presence disconnected reason=Discord is not running
2026-09-29T09:22:37.711212Z  WARN faf_app::infra::discord: Discord rich presence disconnected reason=Discord is not running
2026-09-29T09:22:52.725263Z  WARN faf_app::infra::discord: Discord rich presence disconnected reason=Discord is not running
2026-09-29T09:23:07.726070Z  WARN faf_app::infra::discord: Discord rich presence disconnected reason=Discord is not running
2026-09-29T09:23:22.735461Z  WARN faf_app::infra::discord: Discord rich presence disconnected reason=Discord is not running
2026-09-29T09:23:37.744784Z  WARN faf_app::infra::discord: Discord rich presence disconnected reason=Discord is not running
2026-09-29T09:23:52.760472Z  WARN faf_app::infra::discord: Discord rich presence disconnected reason=Discord is not running
2026-09-29T09:24:07.764383Z  WARN faf_app::infra::discord: Discord rich presence disconnected reason=Discord is not running
2026-09-29T09:24:22.766687Z  WARN faf_app::infra::discord: Discord rich presence disconnected reason=Discord is not running
2026-09-29T09:24:37.768746Z  WARN faf_app::infra::discord: Discord rich presence disconnected reason=Discord is not running
2026-09-29T09:24:52.778153Z  WARN faf_app::infra::discord: Discord rich presence disconnected reason=Discord is not running
2026-09-29T09:25:07.793188Z  WARN faf_app::infra::discord: Discord rich presence disconnected reason=Discord is not running
2026-09-29T09:25:22.802012Z  WARN faf_app::infra::discord: Discord rich presence disconnected reason=Discord is not running
2026-09-29T09:25:37.810128Z  WARN faf_app::infra::discord: Discord rich presence disconnected reason=Discord is not running
2026-09-29T09:25:52.821576Z  WARN faf_app::infra::discord: Discord rich presence disconnected reason=Discord is not running
2026-09-29T09:26:07.837705Z  WARN faf_app::infra::discord: Discord rich presence disconnected reason=Discord is not running
2026-09-29T09:26:22.845480Z  WARN faf_app::infra::discord: Discord rich presence disconnected reason=Discord is not running
2026-09-29T09:26:37.848601Z  WARN faf_app::infra::discord: Discord rich presence disconnected reason=Discord is not running
2026-09-29T09:26:52.854646Z  WARN faf_app::infra::discord: Discord rich presence disconnected reason=Discord is not running
2026-09-29T09:27:07.868285Z  WARN faf_app::infra::discord: Discord rich presence disconnected reason=Discord is not running
2026-09-29T09:27:22.883546Z  WARN faf_app::infra::discord: Discord rich presence disconnected reason=Discord is not running
2026-09-29T09:27:37.885245Z  WARN faf_app::infra::discord: Discord rich presence disconnected reason=Discord is not running
2026-09-29T09:27:52.895262Z  WARN faf_app::infra::discord: Discord rich presence disconnected reason=Discord is not running
2026-09-29T09:28:07.902499Z  WARN faf_app::infra::discord: Discord rich presence disconnected reason=Discord is not running
2026-09-29T09:28:22.908693Z  WARN faf_app::infra::discord: Discord rich presence disconnected reason=Discord is not running
2026-09-29T09:28:37.917666Z  WARN faf_app::infra::discord: Discord rich presence disconnected reason=Discord is not running
2026-09-29T09:28:52.927605Z  WARN faf_app::infra::discord: Discord rich presence disconnected reason=Discord is not running
2026-09-29T09:29:07.938929Z  WARN faf_app::infra::discord: Discord rich presence disconnected reason=Discord is not running
2026-09-29T09:29:22.954140Z  WARN faf_app::infra::discord: Discord rich presence disconnected reason=Discord is not running
2026-09-29T09:29:37.961006Z  WARN faf_app::infra::discord: Discord rich presence disconnected reason=Discord is not running
2026-09-29T09:29:52.973355Z  WARN faf_app::infra::discord: Discord rich presence disconnected reason=Discord is not running
2026-09-29T09:30:07.977189Z  WARN faf_app::infra::discord: Discord rich presence disconnected reason=Discord is not running
2026-09-29T09:30:22.985442Z  WARN faf_app::infra::discord: Discord rich presence disconnected reason=Discord is not running
2026-09-29T09:30:37.997221Z  WARN faf_app::infra::discord: Discord rich presence disconnected reason=Discord is not running
2026-09-29T09:30:52.999105Z  WARN faf_app::infra::discord: Discord rich presence disconnected reason=Discord is not running
2026-09-29T09:31:08.003114Z  WARN faf_app::infra::discord: Discord rich presence disconnected reason=Discord is not running
2026-09-29T09:31:23.014424Z  WARN faf_app::infra::discord: Discord rich presence disconnected reason=Discord is not running
2026-09-29T09:31:38.023981Z  WARN faf_app::infra::discord: Discord rich presence disconnected reason=Discord is not running
2026-09-29T09:31:53.026447Z  WARN faf_app::infra::discord: Discord rich presence disconnected reason=Discord is not running
2026-09-29T09:32:08.038530Z  WARN faf_app::infra::discord: Discord rich presence disconnected reason=Discord is not running
2026-09-29T09:32:23.051872Z  WARN faf_app::infra::discord: Discord rich presence disconnected reason=Discord is not running
2026-09-29T09:32:38.058148Z  WARN faf_app::infra::discord: Discord rich presence disconnected reason=Discord is not running
2026-09-29T09:32:53.065883Z  WARN faf_app::infra::discord: Discord rich presence disconnected reason=Discord is not running
2026-09-29T09:33:08.070910Z  WARN faf_app::infra::discord: Discord rich presence disconnected reason=Discord is not running
2026-09-29T09:33:23.073787Z  WARN faf_app::infra::discord: Discord rich presence disconnected reason=Discord is not running
2026-09-29T09:33:38.088372Z  WARN faf_app::infra::discord: Discord rich presence disconnected reason=Discord is not running
2026-09-29T09:33:53.094483Z  WARN faf_app::infra::discord: Discord rich presence disconnected reason=Discord is not running
2026-09-29T09:34:08.107808Z  WARN faf_app::infra::discord: Discord rich presence disconnected reason=Discord is not running
2026-09-29T09:34:23.124530Z  WARN faf_app::infra::discord: Discord rich presence disconnected reason=Discord is not running
2026-09-29T09:34:38.131425Z  WARN faf_app::infra::discord: Discord rich presence disconnected reason=Discord is not running
2026-09-29T09:34:53.145391Z  WARN faf_app::infra::discord: Discord rich presence disconnected reason=Discord is not running
2026-09-29T09:35:08.154460Z  WARN faf_app::infra::discord: Discord rich presence disconnected reason=Discord is not running
2026-09-29T09:35:23.163105Z  WARN faf_app::infra::discord: Discord rich presence disconnected reason=Discord is not running
2026-09-29T09:35:38.177088Z  WARN faf_app::infra::discord: Discord rich presence disconnected reason=Discord is not running
2026-09-29T09:35:53.180305Z  WARN faf_app::infra::discord: Discord rich presence disconnected reason=Discord is not running
2026-09-29T09:36:08.192315Z  WARN faf_app::infra::discord: Discord rich presence disconnected reason=Discord is not running
2026-09-29T09:36:23.200883Z  WARN faf_app::infra::discord: Discord rich presence disconnected reason=Discord is not running
2026-09-29T09:36:38.212936Z  WARN faf_app::infra::discord: Discord rich presence disconnected reason=Discord is not running
2026-09-29T09:36:53.219643Z  WARN faf_app::infra::discord: Discord rich presence disconnected reason=Discord is not running
2026-09-29T09:37:08.223904Z  WARN faf_app::infra::discord: Discord rich presence disconnected reason=Discord is not running
2026-09-29T09:37:23.228002Z  WARN faf_app::infra::discord: Discord rich presence disconnected reason=Discord is not running
2026-09-29T09:37:38.234593Z  WARN faf_app::infra::discord: Discord rich presence disconnected reason=Discord is not running
2026-09-29T09:37:53.243307Z  WARN faf_app::infra::discord: Discord rich presence disconnected reason=Discord is not running
2026-09-29T09:38:08.249518Z  WARN faf_app::infra::discord: Discord rich presence disconnected reason=Discord is not running
2026-09-29T09:38:23.258447Z  WARN faf_app::infra::discord: Discord rich presence disconnected reason=Discord is not running
2026-09-29T09:38:38.265541Z  WARN faf_app::infra::discord: Discord rich presence disconnected reason=Discord is not running
2026-09-29T09:38:53.266577Z  WARN faf_app::infra::discord: Discord rich presence disconnected reason=Discord is not running
2026-09-29T09:39:08.269176Z  WARN faf_app::infra::discord: Discord rich presence disconnected reason=Discord is not running
2026-09-29T09:39:23.274392Z  WARN faf_app::infra::discord: Discord rich presence disconnected reason=Discord is not running
2026-09-29T09:39:38.276598Z  WARN faf_app::infra::discord: Discord rich presence disconnected reason=Discord is not running
2026-09-29T09:39:53.277591Z  WARN faf_app::infra::discord: Discord rich presence disconnected reason=Discord is not running
2026-09-29T09:40:08.284610Z  WARN faf_app::infra::discord: Discord rich presence disconnected reason=Discord is not running
2026-09-29T09:40:23.287365Z  WARN faf_app::infra::discord: Discord rich presence disconnected reason=Discord is not running
2026-09-29T09:40:38.300895Z  WARN faf_app::infra::discord: Discord rich presence disconnected reason=Discord is not running
2026-09-29T09:40:53.313452Z  WARN faf_app::infra::discord: Discord rich presence disconnected reason=Discord is not running
2026-09-29T09:41:08.316100Z  WARN faf_app::infra::discord: Discord rich presence disconnected reason=Discord is not running
2026-09-29T09:41:23.318110Z  WARN faf_app::infra::discord: Discord rich presence disconnected reason=Discord is not running
2026-09-29T09:41:38.333750Z  WARN faf_app::infra::discord: Discord rich presence disconnected reason=Discord is not running
2026-09-29T09:41:53.349412Z  WARN faf_app::infra::discord: Discord rich presence disconnected reason=Discord is not running
2026-09-29T09:42:08.361544Z  WARN faf_app::infra::discord: Discord rich presence disconnected reason=Discord is not running
2026-09-29T09:42:23.363735Z  WARN faf_app::infra::discord: Discord rich presence disconnected reason=Discord is not running
2026-09-29T09:42:38.368022Z  WARN faf_app::infra::discord: Discord rich presence disconnected reason=Discord is not running
2026-09-29T09:42:53.379050Z  WARN faf_app::infra::discord: Discord rich presence disconnected reason=Discord is not running
2026-09-29T09:43:08.382779Z  WARN faf_app::infra::discord: Discord rich presence disconnected reason=Discord is not running
2026-09-29T09:43:23.392932Z  WARN faf_app::infra::discord: Discord rich presence disconnected reason=Discord is not running
2026-09-29T09:43:38.405683Z  WARN faf_app::infra::discord: Discord rich presence disconnected reason=Discord is not running
2026-09-29T09:43:53.416398Z  WARN faf_app::infra::discord: Discord rich presence disconnected reason=Discord is not running
2026-09-29T09:44:08.420520Z  WARN faf_app::infra::discord: Discord rich presence disconnected reason=Discord is not running
2026-09-29T09:44:23.422902Z  WARN faf_app::infra::discord: Discord rich presence disconnected reason=Discord is not running
2026-09-29T09:44:38.432595Z  WARN faf_app::infra::discord: Discord rich presence disconnected reason=Discord is not running
2026-09-29T09:44:53.444664Z  WARN faf_app::infra::discord: Discord rich presence disconnected reason=Discord is not running
2026-09-29T09:45:08.455160Z  WARN faf_app::infra::discord: Discord rich presence disconnected reason=Discord is not running
2026-09-29T09:45:23.471239Z  WARN faf_app::infra::discord: Discord rich presence disconnected reason=Discord is not running
2026-09-29T09:45:38.478829Z  WARN faf_app::infra::discord: Discord rich presence disconnected reason=Discord is not running
2026-09-29T09:45:53.479927Z  WARN faf_app::infra::discord: Discord rich presence disconnected reason=Discord is not running
2026-09-29T09:46:08.486380Z  WARN faf_app::infra::discord: Discord rich presence disconnected reason=Discord is not running
2026-09-29T09:46:23.500970Z  WARN faf_app::infra::discord: Discord rich presence disconnected reason=Discord is not running
2026-09-29T09:46:38.511986Z  WARN faf_app::infra::discord: Discord rich presence disconnected reason=Discord is not running
2026-09-29T09:46:53.526121Z  WARN faf_app::infra::discord: Discord rich presence disconnected reason=Discord is not running
2026-09-29T09:47:08.534651Z  WARN faf_app::infra::discord: Discord rich presence disconnected reason=Discord is not running
2026-09-29T09:47:23.544600Z  WARN faf_app::infra::discord: Discord rich presence disconnected reason=Discord is not running
2026-09-29T09:47:38.553507Z  WARN faf_app::infra::discord: Discord rich presence disconnected reason=Discord is not running
2026-09-29T09:47:53.563282Z  WARN faf_app::infra::discord: Discord rich presence disconnected reason=Discord is not running
2026-09-29T09:48:08.576123Z  WARN faf_app::infra::discord: Discord rich presence disconnected reason=Discord is not running
2026-09-29T09:48:23.577408Z  WARN faf_app::infra::discord: Discord rich presence disconnected reason=Discord is not running
2026-09-29T09:48:38.587942Z  WARN faf_app::infra::discord: Discord rich presence disconnected reason=Discord is not running
2026-09-29T09:48:53.594777Z  WARN faf_app::infra::discord: Discord rich presence disconnected reason=Discord is not running
2026-09-29T09:49:08.609199Z  WARN faf_app::infra::discord: Discord rich presence disconnected reason=Discord is not running
2026-09-29T09:49:23.617547Z  WARN faf_app::infra::discord: Discord rich presence disconnected reason=Discord is not running
2026-09-29T09:49:38.625992Z  WARN faf_app::infra::discord: Discord rich presence disconnected reason=Discord is not running
2026-09-29T09:49:53.628674Z  WARN faf_app::infra::discord: Discord rich presence disconnected reason=Discord is not running
2026-09-29T09:50:08.644128Z  WARN faf_app::infra::discord: Discord rich presence disconnected reason=Discord is not running
2026-09-29T09:50:23.657084Z  WARN faf_app::infra::discord: Discord rich presence disconnected reason=Discord is not running
2026-09-29T09:50:38.666046Z  WARN faf_app::infra::discord: Discord rich presence disconnected reason=Discord is not running
2026-09-29T09:50:53.669364Z  WARN faf_app::infra::discord: Discord rich presence disconnected reason=Discord is not running
2026-09-29T09:51:08.674523Z  WARN faf_app::infra::discord: Discord rich presence disconnected reason=Discord is not running
2026-09-29T09:51:23.681027Z  WARN faf_app::infra::discord: Discord rich presence disconnected reason=Discord is not running
2026-09-29T09:51:38.686965Z  WARN faf_app::infra::discord: Discord rich presence disconnected reason=Discord is not running
2026-09-29T09:51:53.694648Z  WARN faf_app::infra::discord: Discord rich presence disconnected reason=Discord is not running
2026-09-29T09:52:08.704420Z  WARN faf_app::infra::discord: Discord rich presence disconnected reason=Discord is not running
2026-09-29T09:52:23.718368Z  WARN faf_app::infra::discord: Discord rich presence disconnected reason=Discord is not running
2026-09-29T09:52:38.732652Z  WARN faf_app::infra::discord: Discord rich presence disconnected reason=Discord is not running
2026-09-29T09:52:53.735101Z  WARN faf_app::infra::discord: Discord rich presence disconnected reason=Discord is not running
2026-09-29T09:53:08.741681Z  WARN faf_app::infra::discord: Discord rich presence disconnected reason=Discord is not running
2026-09-29T09:53:23.756396Z  WARN faf_app::infra::discord: Discord rich presence disconnected reason=Discord is not running
2026-09-29T09:53:38.761852Z  WARN faf_app::infra::discord: Discord rich presence disconnected reason=Discord is not running
2026-09-29T09:53:53.769176Z  WARN faf_app::infra::discord: Discord rich presence disconnected reason=Discord is not running
2026-09-29T09:54:08.783569Z  WARN faf_app::infra::discord: Discord rich presence disconnected reason=Discord is not running
2026-09-29T09:54:23.790761Z  WARN faf_app::infra::discord: Discord rich presence disconnected reason=Discord is not running
2026-09-29T09:54:38.794916Z  WARN faf_app::infra::discord: Discord rich presence disconnected reason=Discord is not running
2026-09-29T09:54:53.797674Z  WARN faf_app::infra::discord: Discord rich presence disconnected reason=Discord is not running
2026-09-29T09:55:08.799011Z  WARN faf_app::infra::discord: Discord rich presence disconnected reason=Discord is not running
2026-09-29T09:55:23.800946Z  WARN faf_app::infra::discord: Discord rich presence disconnected reason=Discord is not running
2026-09-29T09:55:38.810291Z  WARN faf_app::infra::discord: Discord rich presence disconnected reason=Discord is not running
2026-09-29T09:55:53.815896Z  WARN faf_app::infra::discord: Discord rich presence disconnected reason=Discord is not running
2026-09-29T09:56:08.822368Z  WARN faf_app::infra::discord: Discord rich presence disconnected reason=Discord is not running
2026-09-29T09:56:23.834763Z  WARN faf_app::infra::discord: Discord rich presence disconnected reason=Discord is not running
2026-09-29T09:56:38.848852Z  WARN faf_app::infra::discord: Discord rich presence disconnected reason=Discord is not running
2026-09-29T09:56:53.855170Z  WARN faf_app::infra::discord: Discord rich presence disconnected reason=Discord is not running
2026-09-29T09:57:08.864168Z  WARN faf_app::infra::discord: Discord rich presence disconnected reason=Discord is not running
2026-09-29T09:57:23.874801Z  WARN faf_app::infra::discord: Discord rich presence disconnected reason=Discord is not running
2026-09-29T09:57:38.886357Z  WARN faf_app::infra::discord: Discord rich presence disconnected reason=Discord is not running
2026-09-29T09:57:53.893201Z  WARN faf_app::infra::discord: Discord rich presence disconnected reason=Discord is not running
2026-09-29T09:58:08.907338Z  WARN faf_app::infra::discord: Discord rich presence disconnected reason=Discord is not running
2026-09-29T09:58:23.912311Z  WARN faf_app::infra::discord: Discord rich presence disconnected reason=Discord is not running
2026-09-29T09:58:38.917651Z  WARN faf_app::infra::discord: Discord rich presence disconnected reason=Discord is not running
2026-09-29T09:58:53.921757Z  WARN faf_app::infra::discord: Discord rich presence disconnected reason=Discord is not running
2026-09-29T09:59:08.931518Z  WARN faf_app::infra::discord: Discord rich presence disconnected reason=Discord is not running
2026-09-29T09:59:23.947319Z  WARN faf_app::infra::discord: Discord rich presence disconnected reason=Discord is not running
2026-09-29T09:59:38.949691Z  WARN faf_app::infra::discord: Discord rich presence disconnected reason=Discord is not running
2026-09-29T09:59:53.953107Z  WARN faf_app::infra::discord: Discord rich presence disconnected reason=Discord is not running
2026-09-29T10:00:08.969571Z  WARN faf_app::infra::discord: Discord rich presence disconnected reason=Discord is not running
2026-09-29T10:00:23.978503Z  WARN faf_app::infra::discord: Discord rich presence disconnected reason=Discord is not running
2026-09-29T10:00:38.986569Z  WARN faf_app::infra::discord: Discord rich presence disconnected reason=Discord is not running
2026-09-29T10:00:54.000283Z  WARN faf_app::infra::discord: Discord rich presence disconnected reason=Discord is not running
2026-09-29T10:01:09.011648Z  WARN faf_app::infra::discord: Discord rich presence disconnected reason=Discord is not running
2026-09-29T10:01:24.022095Z  WARN faf_app::infra::discord: Discord rich presence disconnected reason=Discord is not running
2026-09-29T10:01:39.026386Z  WARN faf_app::infra::discord: Discord rich presence disconnected reason=Discord is not running
2026-09-29T10:01:54.037681Z  WARN faf_app::infra::discord: Discord rich presence disconnected reason=Discord is not running
2026-09-29T10:02:09.054047Z  WARN faf_app::infra::discord: Discord rich presence disconnected reason=Discord is not running
2026-09-29T10:02:24.069666Z  WARN faf_app::infra::discord: Discord rich presence disconnected reason=Discord is not running
2026-09-29T10:02:39.077960Z  WARN faf_app::infra::discord: Discord rich presence disconnected reason=Discord is not running
2026-09-29T10:02:54.085788Z  WARN faf_app::infra::discord: Discord rich presence disconnected reason=Discord is not running
2026-09-29T10:03:09.094628Z  WARN faf_app::infra::discord: Discord rich presence disconnected reason=Discord is not running
2026-09-29T10:03:24.104714Z  WARN faf_app::infra::discord: Discord rich presence disconnected reason=Discord is not running
2026-09-29T10:03:39.116134Z  WARN faf_app::infra::discord: Discord rich presence disconnected reason=Discord is not running
2026-09-29T10:03:54.121797Z  WARN faf_app::infra::discord: Discord rich presence disconnected reason=Discord is not running
2026-09-29T10:04:09.123364Z  WARN faf_app::infra::discord: Discord rich presence disconnected reason=Discord is not running
2026-09-29T10:04:24.139549Z  WARN faf_app::infra::discord: Discord rich presence disconnected reason=Discord is not running
2026-09-29T10:04:39.152939Z  WARN faf_app::infra::discord: Discord rich presence disconnected reason=Discord is not running
2026-09-29T10:04:54.163480Z  WARN faf_app::infra::discord: Discord rich presence disconnected reason=Discord is not running
2026-09-29T10:05:09.170710Z  WARN faf_app::infra::discord: Discord rich presence disconnected reason=Discord is not running
2026-09-29T10:05:24.179116Z  WARN faf_app::infra::discord: Discord rich presence disconnected reason=Discord is not running
2026-09-29T10:05:39.180719Z  WARN faf_app::infra::discord: Discord rich presence disconnected reason=Discord is not running
2026-09-29T10:05:54.185811Z  WARN faf_app::infra::discord: Discord rich presence disconnected reason=Discord is not running
2026-09-29T10:06:09.195836Z  WARN faf_app::infra::discord: Discord rich presence disconnected reason=Discord is not running
2026-09-29T10:06:24.207900Z  WARN faf_app::infra::discord: Discord rich presence disconnected reason=Discord is not running
2026-09-29T10:06:39.216530Z  WARN faf_app::infra::discord: Discord rich presence disconnected reason=Discord is not running
2026-09-29T10:06:54.217182Z  WARN faf_app::infra::discord: Discord rich presence disconnected reason=Discord is not running
2026-09-29T10:07:09.232799Z  WARN faf_app::infra::discord: Discord rich presence disconnected reason=Discord is not running
2026-09-29T10:07:24.245844Z  WARN faf_app::infra::discord: Discord rich presence disconnected reason=Discord is not running
2026-09-29T10:07:39.250296Z  WARN faf_app::infra::discord: Discord rich presence disconnected reason=Discord is not running
2026-09-29T10:07:54.257707Z  WARN faf_app::infra::discord: Discord rich presence disconnected reason=Discord is not running
2026-09-29T10:08:09.259628Z  WARN faf_app::infra::discord: Discord rich presence disconnected reason=Discord is not running
2026-09-29T10:08:24.271435Z  WARN faf_app::infra::discord: Discord rich presence disconnected reason=Discord is not running
2026-09-29T10:08:39.287607Z  WARN faf_app::infra::discord: Discord rich presence disconnected reason=Discord is not running
2026-09-29T10:08:54.297540Z  WARN faf_app::infra::discord: Discord rich presence disconnected reason=Discord is not running
2026-09-29T10:09:09.301752Z  WARN faf_app::infra::discord: Discord rich presence disconnected reason=Discord is not running
2026-09-29T10:09:24.312683Z  WARN faf_app::infra::discord: Discord rich presence disconnected reason=Discord is not running
2026-09-29T10:09:39.327762Z  WARN faf_app::infra::discord: Discord rich presence disconnected reason=Discord is not running
2026-09-29T10:09:54.335926Z  WARN faf_app::infra::discord: Discord rich presence disconnected reason=Discord is not running
2026-09-29T10:10:09.339960Z  WARN faf_app::infra::discord: Discord rich presence disconnected reason=Discord is not running
2026-09-29T10:10:24.344441Z  WARN faf_app::infra::discord: Discord rich presence disconnected reason=Discord is not running
2026-09-29T10:10:39.359686Z  WARN faf_app::infra::discord: Discord rich presence disconnected reason=Discord is not running
2026-09-29T10:10:54.376158Z  WARN faf_app::infra::discord: Discord rich presence disconnected reason=Discord is not running
2026-09-29T10:11:09.381385Z  WARN faf_app::infra::discord: Discord rich presence disconnected reason=Discord is not running
2026-09-29T10:11:15.752453Z  INFO faf_app::infra::lobby_ws: lobby issued game launch game_id=27873071
2026-09-29T10:11:17.346563Z  INFO faf_app::infra::game_updater: resolved retail FA install for fa_path path=C:\Program Files (x86)\Steam\steamapps\common\Supreme Commander Forged Alliance
2026-09-29T10:11:17.640872Z  INFO faf_app::infra::ice_select: starting selected ICE backend backend="Java (faf-ice-adapter)"
2026-09-29T10:11:24.389379Z  WARN faf_app::infra::discord: Discord rich presence disconnected reason=Discord is not running
2026-09-29T10:11:27.695834Z  INFO faf_app::infra::ice_java: starting Java ICE adapter game_id=27873071 rpc_port=54533 gpgnet_port=54534
2026-09-29T10:11:28.731972Z  INFO faf_app::infra::replay_recorder: recording this game's replay port=54538 game_id=27873071
2026-09-29T10:11:28.732054Z  INFO faf_app::infra::game: launching Forged Alliance argument_count=24 wrapper=""
2026-09-29T10:11:28.911996Z  WARN faf_app::infra::ice_java: Java ICE adapter notification stream ended
2026-09-29T10:11:29.409016Z  INFO faf_app::services::launcher: the game process exited; releasing the launch
2026-09-29T10:11:29.717738Z  INFO faf_app::services::launcher: launcher: game exit cleanup complete
2026-09-29T10:11:39.404713Z  WARN faf_app::infra::discord: Discord rich presence disconnected reason=Discord is not running
2026-09-29T10:11:54.421533Z  WARN faf_app::infra::discord: Discord rich presence disconnected reason=Discord is not running
2026-09-29T10:12:09.424311Z  WARN faf_app::infra::discord: Discord rich presence disconnected reason=Discord is not running
2026-09-29T10:12:24.435093Z  WARN faf_app::infra::discord: Discord rich presence disconnected reason=Discord is not running
2026-09-29T10:12:39.437979Z  WARN faf_app::infra::discord: Discord rich presence disconnected reason=Discord is not running
2026-09-29T10:12:46.634030Z  WARN faf_app::services::lobby: no launch order arrived for the match that was found; giving up on it queue=ladder1v1 seconds=120
2026-09-29T10:12:51.331913Z  INFO faf_app::infra::lobby_ws: lobby issued game launch game_id=27873076
2026-09-29T10:12:52.773209Z  INFO faf_app::infra::game_updater: resolved retail FA install for fa_path path=C:\Program Files (x86)\Steam\steamapps\common\Supreme Commander Forged Alliance
2026-09-29T10:12:52.773987Z  INFO faf_app::infra::ice_select: starting selected ICE backend backend="Java (faf-ice-adapter)"
2026-09-29T10:12:54.449309Z  WARN faf_app::infra::discord: Discord rich presence disconnected reason=Discord is not running
2026-09-29T10:13:02.850848Z  INFO faf_app::infra::ice_java: starting Java ICE adapter game_id=27873076 rpc_port=61870 gpgnet_port=61871
2026-09-29T10:13:03.887813Z  INFO faf_app::infra::replay_recorder: recording this game's replay port=61875 game_id=27873076
2026-09-29T10:13:03.887901Z  INFO faf_app::infra::game: launching Forged Alliance argument_count=24 wrapper=""
2026-09-29T10:13:09.452830Z  WARN faf_app::infra::discord: Discord rich presence disconnected reason=Discord is not running
2026-09-29T10:13:09.583020Z  INFO faf_app::infra::ice_java: ICE adapter connection state state="Connected"
2026-09-29T10:13:11.514461Z  INFO faf_app::infra::ice_java: ICE negotiation state remote_player=259 state="gathering"
2026-09-29T10:13:18.591468Z  INFO faf_app::infra::ice_java: ICE negotiation state remote_player=259 state="awaitingCandidates"
2026-09-29T10:13:18.599132Z  INFO faf_app::infra::ice_java: ICE negotiation state remote_player=259 state="checking"
2026-09-29T10:13:22.581661Z  INFO faf_app::infra::ice_java: ICE negotiation state remote_player=259 state="disconnected"
2026-09-29T10:13:22.702018Z  INFO faf_app::infra::ice_java: ICE negotiation state remote_player=259 state="gathering"
2026-09-29T10:13:24.458749Z  WARN faf_app::infra::discord: Discord rich presence disconnected reason=Discord is not running
2026-09-29T10:13:24.939366Z  INFO faf_app::infra::ice_java: ICE negotiation state remote_player=259 state="awaitingCandidates"
2026-09-29T10:13:24.946468Z  INFO faf_app::infra::ice_java: ICE negotiation state remote_player=259 state="checking"
2026-09-29T10:13:25.157550Z  INFO faf_app::infra::ice_java: ICE peer state remote_player=259 connected=true
2026-09-29T10:13:25.157703Z  INFO faf_app::infra::ice_java: ICE negotiation state remote_player=259 state="connected"
2026-09-29T10:13:39.472513Z  WARN faf_app::infra::discord: Discord rich presence disconnected reason=Discord is not running
2026-09-29T10:13:54.477125Z  WARN faf_app::infra::discord: Discord rich presence disconnected reason=Discord is not running
2026-09-29T10:14:09.483761Z  WARN faf_app::infra::discord: Discord rich presence disconnected reason=Discord is not running
2026-09-29T10:14:24.487570Z  WARN faf_app::infra::discord: Discord rich presence disconnected reason=Discord is not running
2026-09-29T10:14:39.498218Z  WARN faf_app::infra::discord: Discord rich presence disconnected reason=Discord is not running
2026-09-29T10:14:54.506123Z  WARN faf_app::infra::discord: Discord rich presence disconnected reason=Discord is not running
2026-09-29T10:15:09.508397Z  WARN faf_app::infra::discord: Discord rich presence disconnected reason=Discord is not running
2026-09-29T10:15:24.515410Z  WARN faf_app::infra::discord: Discord rich presence disconnected reason=Discord is not running
2026-09-29T10:15:39.524069Z  WARN faf_app::infra::discord: Discord rich presence disconnected reason=Discord is not running
2026-09-29T10:15:54.528755Z  WARN faf_app::infra::discord: Discord rich presence disconnected reason=Discord is not running
2026-09-29T10:16:09.530941Z  WARN faf_app::infra::discord: Discord rich presence disconnected reason=Discord is not running
2026-09-29T10:16:24.544608Z  WARN faf_app::infra::discord: Discord rich presence disconnected reason=Discord is not running
2026-09-29T10:16:39.554791Z  WARN faf_app::infra::discord: Discord rich presence disconnected reason=Discord is not running
2026-09-29T10:16:54.560324Z  WARN faf_app::infra::discord: Discord rich presence disconnected reason=Discord is not running
2026-09-29T10:17:09.570300Z  WARN faf_app::infra::discord: Discord rich presence disconnected reason=Discord is not running
2026-09-29T10:17:24.573165Z  WARN faf_app::infra::discord: Discord rich presence disconnected reason=Discord is not running
2026-09-29T10:17:39.588435Z  WARN faf_app::infra::discord: Discord rich presence disconnected reason=Discord is not running
2026-09-29T10:17:54.594141Z  WARN faf_app::infra::discord: Discord rich presence disconnected reason=Discord is not running
2026-09-29T10:18:09.601816Z  WARN faf_app::infra::discord: Discord rich presence disconnected reason=Discord is not running
2026-09-29T10:18:24.603725Z  WARN faf_app::infra::discord: Discord rich presence disconnected reason=Discord is not running
2026-09-29T10:18:39.618800Z  WARN faf_app::infra::discord: Discord rich presence disconnected reason=Discord is not running
2026-09-29T10:18:54.629569Z  WARN faf_app::infra::discord: Discord rich presence disconnected reason=Discord is not running
2026-09-29T10:19:09.631037Z  WARN faf_app::infra::discord: Discord rich presence disconnected reason=Discord is not running
2026-09-29T10:19:24.640999Z  WARN faf_app::infra::discord: Discord rich presence disconnected reason=Discord is not running
2026-09-29T10:19:39.648113Z  WARN faf_app::infra::discord: Discord rich presence disconnected reason=Discord is not running
2026-09-29T10:19:54.652104Z  WARN faf_app::infra::discord: Discord rich presence disconnected reason=Discord is not running
2026-09-29T10:20:09.656357Z  WARN faf_app::infra::discord: Discord rich presence disconnected reason=Discord is not running
2026-09-29T10:20:24.670045Z  WARN faf_app::infra::discord: Discord rich presence disconnected reason=Discord is not running
2026-09-29T10:20:39.679144Z  WARN faf_app::infra::discord: Discord rich presence disconnected reason=Discord is not running
2026-09-29T10:20:54.685976Z  WARN faf_app::infra::discord: Discord rich presence disconnected reason=Discord is not running
2026-09-29T10:21:09.691314Z  WARN faf_app::infra::discord: Discord rich presence disconnected reason=Discord is not running
2026-09-29T10:21:24.698161Z  WARN faf_app::infra::discord: Discord rich presence disconnected reason=Discord is not running
2026-09-29T10:21:39.706662Z  WARN faf_app::infra::discord: Discord rich presence disconnected reason=Discord is not running
2026-09-29T10:21:54.710884Z  WARN faf_app::infra::discord: Discord rich presence disconnected reason=Discord is not running
2026-09-29T10:22:09.726803Z  WARN faf_app::infra::discord: Discord rich presence disconnected reason=Discord is not running
2026-09-29T10:22:24.739954Z  WARN faf_app::infra::discord: Discord rich presence disconnected reason=Discord is not running
2026-09-29T10:22:39.741826Z  WARN faf_app::infra::discord: Discord rich presence disconnected reason=Discord is not running
2026-09-29T10:22:54.746686Z  WARN faf_app::infra::discord: Discord rich presence disconnected reason=Discord is not running
2026-09-29T10:23:09.759712Z  WARN faf_app::infra::discord: Discord rich presence disconnected reason=Discord is not running
2026-09-29T10:23:24.769264Z  WARN faf_app::infra::discord: Discord rich presence disconnected reason=Discord is not running
2026-09-29T10:23:39.771713Z  WARN faf_app::infra::discord: Discord rich presence disconnected reason=Discord is not running
2026-09-29T10:23:54.780367Z  WARN faf_app::infra::discord: Discord rich presence disconnected reason=Discord is not running
2026-09-29T10:24:09.796303Z  WARN faf_app::infra::discord: Discord rich presence disconnected reason=Discord is not running
2026-09-29T10:24:24.798447Z  WARN faf_app::infra::discord: Discord rich presence disconnected reason=Discord is not running
2026-09-29T10:24:39.814547Z  WARN faf_app::infra::discord: Discord rich presence disconnected reason=Discord is not running
2026-09-29T10:24:54.825705Z  WARN faf_app::infra::discord: Discord rich presence disconnected reason=Discord is not running
2026-09-29T10:25:09.830086Z  WARN faf_app::infra::discord: Discord rich presence disconnected reason=Discord is not running
2026-09-29T10:25:24.831283Z  WARN faf_app::infra::discord: Discord rich presence disconnected reason=Discord is not running
2026-09-29T10:25:39.838758Z  WARN faf_app::infra::discord: Discord rich presence disconnected reason=Discord is not running
2026-09-29T10:25:54.852080Z  WARN faf_app::infra::discord: Discord rich presence disconnected reason=Discord is not running
2026-09-29T10:26:09.858521Z  WARN faf_app::infra::discord: Discord rich presence disconnected reason=Discord is not running
2026-09-29T10:26:24.865966Z  WARN faf_app::infra::discord: Discord rich presence disconnected reason=Discord is not running
2026-09-29T10:26:39.878373Z  WARN faf_app::infra::discord: Discord rich presence disconnected reason=Discord is not running
2026-09-29T10:26:54.880836Z  WARN faf_app::infra::discord: Discord rich presence disconnected reason=Discord is not running
2026-09-29T10:27:09.887638Z  WARN faf_app::infra::discord: Discord rich presence disconnected reason=Discord is not running
2026-09-29T10:27:24.899530Z  WARN faf_app::infra::discord: Discord rich presence disconnected reason=Discord is not running
2026-09-29T10:27:39.906988Z  WARN faf_app::infra::discord: Discord rich presence disconnected reason=Discord is not running
2026-09-29T10:27:54.911667Z  WARN faf_app::infra::discord: Discord rich presence disconnected reason=Discord is not running
2026-09-29T10:28:09.920095Z  WARN faf_app::infra::discord: Discord rich presence disconnected reason=Discord is not running
2026-09-29T10:28:24.925550Z  WARN faf_app::infra::discord: Discord rich presence disconnected reason=Discord is not running
2026-09-29T10:28:39.934109Z  WARN faf_app::infra::discord: Discord rich presence disconnected reason=Discord is not running
2026-09-29T10:28:54.939643Z  WARN faf_app::infra::discord: Discord rich presence disconnected reason=Discord is not running
2026-09-29T10:29:09.944462Z  WARN faf_app::infra::discord: Discord rich presence disconnected reason=Discord is not running
2026-09-29T10:29:24.953513Z  WARN faf_app::infra::discord: Discord rich presence disconnected reason=Discord is not running
2026-09-29T10:29:39.968872Z  WARN faf_app::infra::discord: Discord rich presence disconnected reason=Discord is not running
2026-09-29T10:29:54.973377Z  WARN faf_app::infra::discord: Discord rich presence disconnected reason=Discord is not running
2026-09-29T10:30:09.976968Z  WARN faf_app::infra::discord: Discord rich presence disconnected reason=Discord is not running
2026-09-29T10:30:24.984503Z  WARN faf_app::infra::discord: Discord rich presence disconnected reason=Discord is not running
2026-09-29T10:30:39.985447Z  WARN faf_app::infra::discord: Discord rich presence disconnected reason=Discord is not running
2026-09-29T10:30:54.992625Z  WARN faf_app::infra::discord: Discord rich presence disconnected reason=Discord is not running
2026-09-29T10:31:09.995138Z  WARN faf_app::infra::discord: Discord rich presence disconnected reason=Discord is not running
2026-09-29T10:31:24.996344Z  WARN faf_app::infra::discord: Discord rich presence disconnected reason=Discord is not running
2026-09-29T10:31:27.417069Z  INFO faf_app::infra::replay_recorder: replay recorded path=C:\ProgramData\FAForever\replays\27873076-DillyDally.fafreplay raw_bytes=295511 bytes=42228 complete=true
2026-09-29T10:31:27.417262Z  INFO faf_app::infra::replay_relay: replay uploaded to FAF game_id=27873076 bytes=295544
2026-09-29T10:31:30.630544Z  INFO faf_app::infra::ice_java: ICE adapter connection state state="Disconnected"
2026-09-29T10:31:30.986453Z  INFO faf_app::services::launcher: the game process exited; releasing the launch
2026-09-29T10:31:31.018553Z  WARN faf_app::infra::ice_java: Java ICE adapter notification stream ended
2026-09-29T10:31:31.300342Z  INFO faf_app::services::launcher: launcher: game exit cleanup complete
2026-09-29T10:31:40.005951Z  WARN faf_app::infra::discord: Discord rich presence disconnected reason=Discord is not running
2026-09-29T10:31:55.012590Z  WARN faf_app::infra::discord: Discord rich presence disconnected reason=Discord is not running
2026-09-29T10:32:10.017018Z  WARN faf_app::infra::discord: Discord rich presence disconnected reason=Discord is not running
2026-09-29T10:32:25.023512Z  WARN faf_app::infra::discord: Discord rich presence disconnected reason=Discord is not running
2026-09-29T10:32:40.036535Z  WARN faf_app::infra::discord: Discord rich presence disconnected reason=Discord is not running
2026-09-29T10:32:55.045144Z  WARN faf_app::infra::discord: Discord rich presence disconnected reason=Discord is not running
2026-09-29T10:33:10.048337Z  WARN faf_app::infra::discord: Discord rich presence disconnected reason=Discord is not running
2026-09-29T10:33:25.063979Z  WARN faf_app::infra::discord: Discord rich presence disconnected reason=Discord is not running
2026-09-29T10:33:40.073412Z  WARN faf_app::infra::discord: Discord rich presence disconnected reason=Discord is not running
2026-09-29T10:33:55.081819Z  WARN faf_app::infra::discord: Discord rich presence disconnected reason=Discord is not running
2026-09-29T10:34:10.096373Z  WARN faf_app::infra::discord: Discord rich presence disconnected reason=Discord is not running
2026-09-29T10:34:25.106224Z  WARN faf_app::infra::discord: Discord rich presence disconnected reason=Discord is not running
2026-09-29T10:34:40.119317Z  WARN faf_app::infra::discord: Discord rich presence disconnected reason=Discord is not running
2026-09-29T10:34:55.126449Z  WARN faf_app::infra::discord: Discord rich presence disconnected reason=Discord is not running
2026-09-29T10:35:10.132039Z  WARN faf_app::infra::discord: Discord rich presence disconnected reason=Discord is not running
2026-09-29T10:35:25.133063Z  WARN faf_app::infra::discord: Discord rich presence disconnected reason=Discord is not running
2026-09-29T10:35:40.145548Z  WARN faf_app::infra::discord: Discord rich presence disconnected reason=Discord is not running
2026-09-29T10:35:55.161024Z  WARN faf_app::infra::discord: Discord rich presence disconnected reason=Discord is not running
2026-09-29T10:36:10.176661Z  WARN faf_app::infra::discord: Discord rich presence disconnected reason=Discord is not running
2026-09-29T10:36:25.189402Z  WARN faf_app::infra::discord: Discord rich presence disconnected reason=Discord is not running
2026-09-29T10:36:40.204001Z  WARN faf_app::infra::discord: Discord rich presence disconnected reason=Discord is not running
2026-09-29T10:36:55.207971Z  WARN faf_app::infra::discord: Discord rich presence disconnected reason=Discord is not running
2026-09-29T10:37:10.221536Z  WARN faf_app::infra::discord: Discord rich presence disconnected reason=Discord is not running
2026-09-29T10:37:25.225023Z  WARN faf_app::infra::discord: Discord rich presence disconnected reason=Discord is not running
2026-09-29T10:37:40.240743Z  WARN faf_app::infra::discord: Discord rich presence disconnected reason=Discord is not running
2026-09-29T10:37:55.253483Z  WARN faf_app::infra::discord: Discord rich presence disconnected reason=Discord is not running
2026-09-29T10:38:10.264983Z  WARN faf_app::infra::discord: Discord rich presence disconnected reason=Discord is not running
2026-09-29T10:38:25.277695Z  WARN faf_app::infra::discord: Discord rich presence disconnected reason=Discord is not running
2026-09-29T10:38:40.293275Z  WARN faf_app::infra::discord: Discord rich presence disconnected reason=Discord is not running
2026-09-29T10:38:55.300413Z  WARN faf_app::infra::discord: Discord rich presence disconnected reason=Discord is not running
2026-09-29T10:39:10.306282Z  WARN faf_app::infra::discord: Discord rich presence disconnected reason=Discord is not running
2026-09-29T10:39:25.320972Z  WARN faf_app::infra::discord: Discord rich presence disconnected reason=Discord is not running
2026-09-29T10:39:40.331637Z  WARN faf_app::infra::discord: Discord rich presence disconnected reason=Discord is not running
2026-09-29T10:39:55.345613Z  WARN faf_app::infra::discord: Discord rich presence disconnected reason=Discord is not running
2026-09-29T10:40:10.362887Z  WARN faf_app::infra::discord: Discord rich presence disconnected reason=Discord is not running
2026-09-29T10:40:25.369003Z  WARN faf_app::infra::discord: Discord rich presence disconnected reason=Discord is not running
2026-09-29T10:40:40.384707Z  WARN faf_app::infra::discord: Discord rich presence disconnected reason=Discord is not running
2026-09-29T10:40:55.390810Z  WARN faf_app::infra::discord: Discord rich presence disconnected reason=Discord is not running
2026-09-29T10:41:10.400839Z  WARN faf_app::infra::discord: Discord rich presence disconnected reason=Discord is not running
2026-09-29T10:41:25.408130Z  WARN faf_app::infra::discord: Discord rich presence disconnected reason=Discord is not running
2026-09-29T10:41:40.412648Z  WARN faf_app::infra::discord: Discord rich presence disconnected reason=Discord is not running
2026-09-29T10:41:55.429207Z  WARN faf_app::infra::discord: Discord rich presence disconnected reason=Discord is not running
2026-09-29T10:42:10.432162Z  WARN faf_app::infra::discord: Discord rich presence disconnected reason=Discord is not running
2026-09-29T10:42:25.443230Z  WARN faf_app::infra::discord: Discord rich presence disconnected reason=Discord is not running
2026-09-29T10:42:40.456635Z  WARN faf_app::infra::discord: Discord rich presence disconnected reason=Discord is not running
2026-09-29T10:42:55.459809Z  WARN faf_app::infra::discord: Discord rich presence disconnected reason=Discord is not running
2026-09-29T10:43:10.465100Z  WARN faf_app::infra::discord: Discord rich presence disconnected reason=Discord is not running
2026-09-29T10:43:25.472468Z  WARN faf_app::infra::discord: Discord rich presence disconnected reason=Discord is not running
2026-09-29T10:43:40.480182Z  WARN faf_app::infra::discord: Discord rich presence disconnected reason=Discord is not running
2026-09-29T10:43:55.483155Z  WARN faf_app::infra::discord: Discord rich presence disconnected reason=Discord is not running
2026-09-29T10:44:10.493733Z  WARN faf_app::infra::discord: Discord rich presence disconnected reason=Discord is not running
2026-09-29T10:44:25.503177Z  WARN faf_app::infra::discord: Discord rich presence disconnected reason=Discord is not running
2026-09-29T10:44:40.505290Z  WARN faf_app::infra::discord: Discord rich presence disconnected reason=Discord is not running
2026-09-29T10:44:55.520275Z  WARN faf_app::infra::discord: Discord rich presence disconnected reason=Discord is not running
2026-09-29T10:45:10.523728Z  WARN faf_app::infra::discord: Discord rich presence disconnected reason=Discord is not running
2026-09-29T10:45:25.528935Z  WARN faf_app::infra::discord: Discord rich presence disconnected reason=Discord is not running
2026-09-29T10:45:40.540029Z  WARN faf_app::infra::discord: Discord rich presence disconnected reason=Discord is not running
2026-09-29T10:45:55.552708Z  WARN faf_app::infra::discord: Discord rich presence disconnected reason=Discord is not running
2026-09-29T10:46:10.562117Z  WARN faf_app::infra::discord: Discord rich presence disconnected reason=Discord is not running
2026-09-29T10:46:25.569598Z  WARN faf_app::infra::discord: Discord rich presence disconnected reason=Discord is not running
2026-09-29T10:46:40.582366Z  WARN faf_app::infra::discord: Discord rich presence disconnected reason=Discord is not running
2026-09-29T10:46:55.586378Z  WARN faf_app::infra::discord: Discord rich presence disconnected reason=Discord is not running
2026-09-29T10:47:10.596480Z  WARN faf_app::infra::discord: Discord rich presence disconnected reason=Discord is not running
2026-09-29T10:47:25.603474Z  WARN faf_app::infra::discord: Discord rich presence disconnected reason=Discord is not running
2026-09-29T10:47:40.611964Z  WARN faf_app::infra::discord: Discord rich presence disconnected reason=Discord is not running
2026-09-29T10:47:55.624200Z  WARN faf_app::infra::discord: Discord rich presence disconnected reason=Discord is not running
2026-09-29T10:48:10.628065Z  WARN faf_app::infra::discord: Discord rich presence disconnected reason=Discord is not running
2026-09-29T10:48:25.630867Z  WARN faf_app::infra::discord: Discord rich presence disconnected reason=Discord is not running
2026-09-29T10:48:40.635236Z  WARN faf_app::infra::discord: Discord rich presence disconnected reason=Discord is not running
2026-09-29T10:48:55.650951Z  WARN faf_app::infra::discord: Discord rich presence disconnected reason=Discord is not running
2026-09-29T10:49:10.664636Z  WARN faf_app::infra::discord: Discord rich presence disconnected reason=Discord is not running
2026-09-29T10:49:25.675628Z  WARN faf_app::infra::discord: Discord rich presence disconnected reason=Discord is not running
2026-09-29T10:49:40.691665Z  WARN faf_app::infra::discord: Discord rich presence disconnected reason=Discord is not running
2026-09-29T11:36:39.265636Z  WARN faf_app::infra::discord: Discord rich presence disconnected reason=Discord is not running
2026-09-29T11:36:39.266511Z  WARN faf_app::infra::oauth: could not refresh the access token error=Refresh request failed: error sending request for url (https://hydra.faforever.com/oauth2/token)
2026-09-29T11:36:49.274934Z  WARN faf_app::infra::lobby_ws: the lobby server went silent through two keepalive periods; treating the connection as dead
2026-09-29T11:36:49.274956Z  INFO faf_app::infra::lobby_ws: lobby connection closed
2026-09-29T11:36:49.557146Z ERROR faf_app::infra::lobby_ws: could not obtain lobby access URL error=/lobby/access returned 401 Unauthorized
2026-09-29T11:36:49.614154Z ERROR faf_app::infra::lobby_ws: could not obtain lobby access URL error=/lobby/access returned 401 Unauthorized
2026-09-29T11:36:49.686758Z ERROR faf_app::infra::lobby_ws: could not obtain lobby access URL error=/lobby/access returned 401 Unauthorized
2026-09-29T11:36:49.686776Z  INFO faf_app::infra::lobby_ws: lobby reconnect scheduled delay_seconds=10 failures=4
2026-09-29T11:36:54.269229Z  WARN faf_app::infra::discord: Discord rich presence disconnected reason=Discord is not running
2026-09-29T11:36:59.749585Z ERROR faf_app::infra::lobby_ws: could not obtain lobby access URL error=/lobby/access returned 401 Unauthorized
2026-09-29T11:36:59.749604Z  INFO faf_app::infra::lobby_ws: lobby reconnect scheduled delay_seconds=20 failures=5
2026-09-29T11:37:00.992601Z  WARN faf_app::infra::irc: the FAF API refused our access token error=irc/ergochat/token returned 401 Unauthorized: 
2026-09-29T11:37:00.992617Z  WARN faf_app::infra::irc: chat stood down until the access token is renewed
2026-09-29T11:37:04.313835Z  INFO faf_app::services::reconnect: reconnecting to chat attempt=1
2026-09-29T11:37:04.373612Z  WARN faf_app::infra::irc: the FAF API refused our access token error=irc/ergochat/token returned 401 Unauthorized: 
2026-09-29T11:37:04.373619Z  WARN faf_app::infra::irc: chat stood down until the access token is renewed
2026-09-29T11:37:09.280831Z  WARN faf_app::infra::discord: Discord rich presence disconnected reason=Discord is not running
2026-09-29T11:37:14.333360Z  INFO faf_app::services::reconnect: reconnecting to chat attempt=2
2026-09-29T11:37:14.390471Z  WARN faf_app::infra::irc: the FAF API refused our access token error=irc/ergochat/token returned 401 Unauthorized: 
2026-09-29T11:37:14.390483Z  WARN faf_app::infra::irc: chat stood down until the access token is renewed
2026-09-29T11:37:19.807907Z ERROR faf_app::infra::lobby_ws: could not obtain lobby access URL error=/lobby/access returned 401 Unauthorized
2026-09-29T11:37:19.807923Z  INFO faf_app::infra::lobby_ws: lobby reconnect scheduled delay_seconds=30 failures=6
2026-09-29T11:37:24.283850Z  WARN faf_app::infra::discord: Discord rich presence disconnected reason=Discord is not running
2026-09-29T11:37:29.361450Z  INFO faf_app::services::reconnect: reconnecting to chat attempt=3
2026-09-29T11:37:29.418858Z  WARN faf_app::infra::irc: the FAF API refused our access token error=irc/ergochat/token returned 401 Unauthorized: 
2026-09-29T11:37:29.418866Z  WARN faf_app::infra::irc: chat stood down until the access token is renewed
2026-09-29T11:37:39.286775Z  WARN faf_app::infra::discord: Discord rich presence disconnected reason=Discord is not running
2026-09-29T11:37:49.396892Z  INFO faf_app::services::reconnect: reconnecting to chat attempt=4
2026-09-29T11:37:49.663597Z  INFO faf_app::infra::irc: chat WebSocket connected
2026-09-29T11:37:50.145951Z  INFO faf_app::infra::lobby_ws: lobby WebSocket connected
2026-09-29T11:37:50.197260Z  INFO faf_app::infra::lobby_ws: lobby notice received style=Info text=You are using an unofficial client version! Some features might not work as expected. If you experience any problems please download the latest version of the official client from <a href="https://www.faforever.com">https://www.faforever.com</a>
2026-09-29T11:37:52.430588Z  INFO faf_app::infra::lobby_ws: lobby authenticated
2026-09-29T11:37:54.295009Z  WARN faf_app::infra::discord: Discord rich presence disconnected reason=Discord is not running
2026-09-29T11:38:09.307419Z  WARN faf_app::infra::discord: Discord rich presence disconnected reason=Discord is not running
2026-09-29T11:38:24.323079Z  WARN faf_app::infra::discord: Discord rich presence disconnected reason=Discord is not running
2026-09-29T11:38:39.326779Z  WARN faf_app::infra::discord: Discord rich presence disconnected reason=Discord is not running
2026-09-29T11:38:54.339556Z  WARN faf_app::infra::discord: Discord rich presence disconnected reason=Discord is not running
2026-09-29T11:39:09.350433Z  WARN faf_app::infra::discord: Discord rich presence disconnected reason=Discord is not running
2026-09-29T11:39:24.353841Z  WARN faf_app::infra::discord: Discord rich presence disconnected reason=Discord is not running
2026-09-29T11:39:39.368360Z  WARN faf_app::infra::discord: Discord rich presence disconnected reason=Discord is not running
2026-09-29T11:39:54.373264Z  WARN faf_app::infra::discord: Discord rich presence disconnected reason=Discord is not running
2026-09-29T11:40:09.385247Z  WARN faf_app::infra::discord: Discord rich presence disconnected reason=Discord is not running
2026-09-29T11:40:24.389464Z  WARN faf_app::infra::discord: Discord rich presence disconnected reason=Discord is not running
2026-09-29T11:40:39.401759Z  WARN faf_app::infra::discord: Discord rich presence disconnected reason=Discord is not running
2026-09-29T11:40:54.406585Z  WARN faf_app::infra::discord: Discord rich presence disconnected reason=Discord is not running
2026-09-29T11:41:09.408364Z  WARN faf_app::infra::discord: Discord rich presence disconnected reason=Discord is not running
2026-09-29T11:41:24.004653Z  INFO faforever_rust_client_lib::diagnostics: client diagnostics initialized retained_files=7 max_file_bytes=10485760
2026-09-29T11:41:24.006822Z  WARN faf_app::infra::discord: Discord rich presence disconnected reason=Discord is not running
2026-09-29T11:41:25.372302Z  INFO faf_app::infra::irc: chat WebSocket connected
2026-09-29T11:41:25.448918Z  INFO faf_app::infra::lobby_ws: lobby WebSocket connected
2026-09-29T11:41:25.500177Z  INFO faf_app::infra::lobby_ws: lobby notice received style=Info text=You are using an unofficial client version! Some features might not work as expected. If you experience any problems please download the latest version of the official client from <a href="https://www.faforever.com">https://www.faforever.com</a>
2026-09-29T11:41:27.702736Z  INFO faf_app::infra::lobby_ws: lobby authenticated
2026-09-29T11:41:39.012397Z  WARN faf_app::infra::discord: Discord rich presence disconnected reason=Discord is not running
2026-09-29T11:41:54.016172Z  WARN faf_app::infra::discord: Discord rich presence disconnected reason=Discord is not running
2026-09-29T11:42:09.026796Z  WARN faf_app::infra::discord: Discord rich presence disconnected reason=Discord is not running
2026-09-29T11:42:24.029617Z  WARN faf_app::infra::discord: Discord rich presence disconnected reason=Discord is not running
2026-09-29T11:42:39.031833Z  WARN faf_app::infra::discord: Discord rich presence disconnected reason=Discord is not running
2026-09-29T11:42:54.037978Z  WARN faf_app::infra::discord: Discord rich presence disconnected reason=Discord is not running
2026-09-29T11:43:09.050356Z  WARN faf_app::infra::discord: Discord rich presence disconnected reason=Discord is not running
2026-09-29T11:43:24.066580Z  WARN faf_app::infra::discord: Discord rich presence disconnected reason=Discord is not running
2026-09-29T11:43:39.080207Z  WARN faf_app::infra::discord: Discord rich presence disconnected reason=Discord is not running
2026-09-29T11:43:54.086834Z  WARN faf_app::infra::discord: Discord rich presence disconnected reason=Discord is not running
2026-09-29T11:44:09.098926Z  WARN faf_app::infra::discord: Discord rich presence disconnected reason=Discord is not running
2026-09-29T11:44:24.112047Z  WARN faf_app::infra::discord: Discord rich presence disconnected reason=Discord is not running
2026-09-29T11:44:39.122723Z  WARN faf_app::infra::discord: Discord rich presence disconnected reason=Discord is not running
2026-09-29T11:44:54.125496Z  WARN faf_app::infra::discord: Discord rich presence disconnected reason=Discord is not running
2026-09-29T11:45:09.128627Z  WARN faf_app::infra::discord: Discord rich presence disconnected reason=Discord is not running
2026-09-29T11:45:24.131597Z  WARN faf_app::infra::discord: Discord rich presence disconnected reason=Discord is not running
2026-09-29T11:45:39.134736Z  WARN faf_app::infra::discord: Discord rich presence disconnected reason=Discord is not running
2026-09-29T11:45:54.147024Z  WARN faf_app::infra::discord: Discord rich presence disconnected reason=Discord is not running
2026-09-29T11:46:09.153432Z  WARN faf_app::infra::discord: Discord rich presence disconnected reason=Discord is not running
2026-09-29T11:46:24.167249Z  WARN faf_app::infra::discord: Discord rich presence disconnected reason=Discord is not running
2026-09-29T11:46:39.170512Z  WARN faf_app::infra::discord: Discord rich presence disconnected reason=Discord is not running
2026-09-29T11:46:54.178529Z  WARN faf_app::infra::discord: Discord rich presence disconnected reason=Discord is not running
2026-09-29T11:47:09.190528Z  WARN faf_app::infra::discord: Discord rich presence disconnected reason=Discord is not running
2026-09-29T11:47:24.202220Z  WARN faf_app::infra::discord: Discord rich presence disconnected reason=Discord is not running
2026-09-29T11:47:39.211973Z  WARN faf_app::infra::discord: Discord rich presence disconnected reason=Discord is not running
2026-09-29T11:47:54.227222Z  WARN faf_app::infra::discord: Discord rich presence disconnected reason=Discord is not running
2026-09-29T11:48:09.234565Z  WARN faf_app::infra::discord: Discord rich presence disconnected reason=Discord is not running
2026-09-29T11:48:24.241031Z  WARN faf_app::infra::discord: Discord rich presence disconnected reason=Discord is not running
2026-09-29T11:48:39.249639Z  WARN faf_app::infra::discord: Discord rich presence disconnected reason=Discord is not running
2026-09-29T11:48:54.253157Z  WARN faf_app::infra::discord: Discord rich presence disconnected reason=Discord is not running
2026-09-29T11:49:09.254496Z  WARN faf_app::infra::discord: Discord rich presence disconnected reason=Discord is not running
2026-09-29T11:49:24.265204Z  WARN faf_app::infra::discord: Discord rich presence disconnected reason=Discord is not running
2026-09-29T11:49:39.273029Z  WARN faf_app::infra::discord: Discord rich presence disconnected reason=Discord is not running
2026-09-29T11:49:54.282280Z  WARN faf_app::infra::discord: Discord rich presence disconnected reason=Discord is not running
2026-09-29T11:50:09.297326Z  WARN faf_app::infra::discord: Discord rich presence disconnected reason=Discord is not running
2026-09-29T11:50:24.300687Z  WARN faf_app::infra::discord: Discord rich presence disconnected reason=Discord is not running
2026-09-29T11:50:39.305091Z  WARN faf_app::infra::discord: Discord rich presence disconnected reason=Discord is not running
2026-09-29T11:50:54.310108Z  WARN faf_app::infra::discord: Discord rich presence disconnected reason=Discord is not running
2026-09-29T11:51:09.325706Z  WARN faf_app::infra::discord: Discord rich presence disconnected reason=Discord is not running
2026-09-29T11:51:24.331304Z  WARN faf_app::infra::discord: Discord rich presence disconnected reason=Discord is not running
2026-09-29T11:51:39.344345Z  WARN faf_app::infra::discord: Discord rich presence disconnected reason=Discord is not running
2026-09-29T11:51:54.359083Z  WARN faf_app::infra::discord: Discord rich presence disconnected reason=Discord is not running
2026-09-29T11:52:09.362864Z  WARN faf_app::infra::discord: Discord rich presence disconnected reason=Discord is not running
2026-09-29T11:52:24.374688Z  WARN faf_app::infra::discord: Discord rich presence disconnected reason=Discord is not running
2026-09-29T11:52:39.383181Z  WARN faf_app::infra::discord: Discord rich presence disconnected reason=Discord is not running
2026-09-29T11:52:54.392214Z  WARN faf_app::infra::discord: Discord rich presence disconnected reason=Discord is not running
2026-09-29T11:53:09.402883Z  WARN faf_app::infra::discord: Discord rich presence disconnected reason=Discord is not running
2026-09-29T11:53:24.412759Z  WARN faf_app::infra::discord: Discord rich presence disconnected reason=Discord is not running
2026-09-29T11:53:39.421411Z  WARN faf_app::infra::discord: Discord rich presence disconnected reason=Discord is not running
2026-09-29T11:53:54.429025Z  WARN faf_app::infra::discord: Discord rich presence disconnected reason=Discord is not running
2026-09-29T11:54:09.429960Z  WARN faf_app::infra::discord: Discord rich presence disconnected reason=Discord is not running
2026-09-29T11:54:24.440869Z  WARN faf_app::infra::discord: Discord rich presence disconnected reason=Discord is not running
2026-09-29T11:54:39.448319Z  WARN faf_app::infra::discord: Discord rich presence disconnected reason=Discord is not running
2026-09-29T11:54:54.463198Z  WARN faf_app::infra::discord: Discord rich presence disconnected reason=Discord is not running
2026-09-29T11:55:09.464660Z  WARN faf_app::infra::discord: Discord rich presence disconnected reason=Discord is not running
2026-09-29T11:55:24.468966Z  WARN faf_app::infra::discord: Discord rich presence disconnected reason=Discord is not running
2026-09-29T11:55:39.471101Z  WARN faf_app::infra::discord: Discord rich presence disconnected reason=Discord is not running
2026-09-29T11:55:54.477034Z  WARN faf_app::infra::discord: Discord rich presence disconnected reason=Discord is not running
2026-09-29T11:56:09.485183Z  WARN faf_app::infra::discord: Discord rich presence disconnected reason=Discord is not running
2026-09-29T11:56:24.493440Z  WARN faf_app::infra::discord: Discord rich presence disconnected reason=Discord is not running
2026-09-29T11:56:39.506753Z  WARN faf_app::infra::discord: Discord rich presence disconnected reason=Discord is not running
2026-09-29T11:56:54.516452Z  WARN faf_app::infra::discord: Discord rich presence disconnected reason=Discord is not running
2026-09-29T11:57:09.526436Z  WARN faf_app::infra::discord: Discord rich presence disconnected reason=Discord is not running
2026-09-29T11:57:24.538779Z  WARN faf_app::infra::discord: Discord rich presence disconnected reason=Discord is not running
2026-09-29T11:57:39.547230Z  WARN faf_app::infra::discord: Discord rich presence disconnected reason=Discord is not running
2026-09-29T11:57:54.549164Z  WARN faf_app::infra::discord: Discord rich presence disconnected reason=Discord is not running
2026-09-29T11:58:09.556849Z  WARN faf_app::infra::discord: Discord rich presence disconnected reason=Discord is not running
2026-09-29T11:58:24.562342Z  WARN faf_app::infra::discord: Discord rich presence disconnected reason=Discord is not running
2026-09-29T11:58:39.571479Z  WARN faf_app::infra::discord: Discord rich presence disconnected reason=Discord is not running
2026-09-29T11:58:54.578405Z  WARN faf_app::infra::discord: Discord rich presence disconnected reason=Discord is not running
2026-09-29T11:59:09.585025Z  WARN faf_app::infra::discord: Discord rich presence disconnected reason=Discord is not running
2026-09-29T11:59:24.593199Z  WARN faf_app::infra::discord: Discord rich presence disconnected reason=Discord is not running
2026-09-29T11:59:39.601412Z  WARN faf_app::infra::discord: Discord rich presence disconnected reason=Discord is not running
2026-09-29T11:59:54.603009Z  WARN faf_app::infra::discord: Discord rich presence disconnected reason=Discord is not running
2026-09-29T12:00:09.614879Z  WARN faf_app::infra::discord: Discord rich presence disconnected reason=Discord is not running
2026-09-29T12:00:24.622135Z  WARN faf_app::infra::discord: Discord rich presence disconnected reason=Discord is not running
2026-09-29T12:00:39.626577Z  WARN faf_app::infra::discord: Discord rich presence disconnected reason=Discord is not running
2026-09-29T12:00:54.638314Z  WARN faf_app::infra::discord: Discord rich presence disconnected reason=Discord is not running
2026-09-29T12:01:09.641579Z  WARN faf_app::infra::discord: Discord rich presence disconnected reason=Discord is not running
2026-09-29T12:01:24.648242Z  WARN faf_app::infra::discord: Discord rich presence disconnected reason=Discord is not running
2026-09-29T12:01:39.661042Z  WARN faf_app::infra::discord: Discord rich presence disconnected reason=Discord is not running
2026-09-29T12:01:54.669244Z  WARN faf_app::infra::discord: Discord rich presence disconnected reason=Discord is not running
2026-09-29T12:02:09.683071Z  WARN faf_app::infra::discord: Discord rich presence disconnected reason=Discord is not running
2026-09-29T12:02:24.697722Z  WARN faf_app::infra::discord: Discord rich presence disconnected reason=Discord is not running
2026-09-29T12:02:39.708203Z  WARN faf_app::infra::discord: Discord rich presence disconnected reason=Discord is not running
2026-09-29T12:02:54.717148Z  WARN faf_app::infra::discord: Discord rich presence disconnected reason=Discord is not running
2026-09-29T12:03:09.726036Z  WARN faf_app::infra::discord: Discord rich presence disconnected reason=Discord is not running
2026-09-29T12:03:24.740810Z  WARN faf_app::infra::discord: Discord rich presence disconnected reason=Discord is not running
2026-09-29T12:03:39.742701Z  WARN faf_app::infra::discord: Discord rich presence disconnected reason=Discord is not running
2026-09-29T12:03:54.754995Z  WARN faf_app::infra::discord: Discord rich presence disconnected reason=Discord is not running
2026-09-29T12:04:09.765874Z  WARN faf_app::infra::discord: Discord rich presence disconnected reason=Discord is not running
2026-09-29T12:04:24.766936Z  WARN faf_app::infra::discord: Discord rich presence disconnected reason=Discord is not running
2026-09-29T12:04:39.771740Z  WARN faf_app::infra::discord: Discord rich presence disconnected reason=Discord is not running
2026-09-29T12:04:54.777811Z  WARN faf_app::infra::discord: Discord rich presence disconnected reason=Discord is not running
2026-09-29T12:05:09.792531Z  WARN faf_app::infra::discord: Discord rich presence disconnected reason=Discord is not running
2026-09-29T12:05:24.801429Z  WARN faf_app::infra::discord: Discord rich presence disconnected reason=Discord is not running
2026-09-29T12:05:39.814903Z  WARN faf_app::infra::discord: Discord rich presence disconnected reason=Discord is not running
2026-09-29T12:05:54.828470Z  WARN faf_app::infra::discord: Discord rich presence disconnected reason=Discord is not running
2026-09-29T12:06:09.841992Z  WARN faf_app::infra::discord: Discord rich presence disconnected reason=Discord is not running
2026-09-29T12:06:24.857158Z  WARN faf_app::infra::discord: Discord rich presence disconnected reason=Discord is not running
2026-09-29T12:06:39.871690Z  WARN faf_app::infra::discord: Discord rich presence disconnected reason=Discord is not running
2026-09-29T12:06:54.882397Z  WARN faf_app::infra::discord: Discord rich presence disconnected reason=Discord is not running
2026-09-29T12:07:09.889476Z  WARN faf_app::infra::discord: Discord rich presence disconnected reason=Discord is not running
2026-09-29T12:07:24.895691Z  WARN faf_app::infra::discord: Discord rich presence disconnected reason=Discord is not running
2026-09-29T12:07:39.903503Z  WARN faf_app::infra::discord: Discord rich presence disconnected reason=Discord is not running
2026-09-29T12:07:54.918292Z  WARN faf_app::infra::discord: Discord rich presence disconnected reason=Discord is not running
2026-09-29T12:08:09.922645Z  WARN faf_app::infra::discord: Discord rich presence disconnected reason=Discord is not running
2026-09-29T12:08:24.937498Z  WARN faf_app::infra::discord: Discord rich presence disconnected reason=Discord is not running
2026-09-29T12:08:39.943478Z  WARN faf_app::infra::discord: Discord rich presence disconnected reason=Discord is not running
2026-09-29T12:08:54.949438Z  WARN faf_app::infra::discord: Discord rich presence disconnected reason=Discord is not running
2026-09-29T12:09:09.963180Z  WARN faf_app::infra::discord: Discord rich presence disconnected reason=Discord is not running
2026-09-29T12:09:24.972080Z  WARN faf_app::infra::discord: Discord rich presence disconnected reason=Discord is not running
2026-09-29T12:09:39.984255Z  WARN faf_app::infra::discord: Discord rich presence disconnected reason=Discord is not running
2026-09-29T12:09:54.987419Z  WARN faf_app::infra::discord: Discord rich presence disconnected reason=Discord is not running
2026-09-29T12:10:09.993912Z  WARN faf_app::infra::discord: Discord rich presence disconnected reason=Discord is not running
2026-09-29T12:10:25.005178Z  WARN faf_app::infra::discord: Discord rich presence disconnected reason=Discord is not running
2026-09-29T12:10:40.015235Z  WARN faf_app::infra::discord: Discord rich presence disconnected reason=Discord is not running
2026-09-29T12:10:55.017463Z  WARN faf_app::infra::discord: Discord rich presence disconnected reason=Discord is not running
2026-09-29T12:11:10.032355Z  WARN faf_app::infra::discord: Discord rich presence disconnected reason=Discord is not running
2026-09-29T12:11:25.044584Z  WARN faf_app::infra::discord: Discord rich presence disconnected reason=Discord is not running
2026-09-29T12:11:40.055220Z  WARN faf_app::infra::discord: Discord rich presence disconnected reason=Discord is not running
2026-09-29T12:11:55.057317Z  WARN faf_app::infra::discord: Discord rich presence disconnected reason=Discord is not running
2026-09-29T12:12:10.069391Z  WARN faf_app::infra::discord: Discord rich presence disconnected reason=Discord is not running
2026-09-29T12:12:25.080701Z  WARN faf_app::infra::discord: Discord rich presence disconnected reason=Discord is not running
2026-09-29T12:12:40.084396Z  WARN faf_app::infra::discord: Discord rich presence disconnected reason=Discord is not running
2026-09-29T12:12:55.090376Z  WARN faf_app::infra::discord: Discord rich presence disconnected reason=Discord is not running
2026-09-29T12:13:10.098386Z  WARN faf_app::infra::discord: Discord rich presence disconnected reason=Discord is not running
2026-09-29T12:13:25.103466Z  WARN faf_app::infra::discord: Discord rich presence disconnected reason=Discord is not running
2026-09-29T12:13:40.118927Z  WARN faf_app::infra::discord: Discord rich presence disconnected reason=Discord is not running
2026-09-29T12:13:55.123731Z  WARN faf_app::infra::discord: Discord rich presence disconnected reason=Discord is not running
2026-09-29T12:14:10.135701Z  WARN faf_app::infra::discord: Discord rich presence disconnected reason=Discord is not running
2026-09-29T12:14:25.138146Z  WARN faf_app::infra::discord: Discord rich presence disconnected reason=Discord is not running
2026-09-29T12:14:40.142009Z  WARN faf_app::infra::discord: Discord rich presence disconnected reason=Discord is not running
2026-09-29T12:14:55.156840Z  WARN faf_app::infra::discord: Discord rich presence disconnected reason=Discord is not running
2026-09-29T12:15:10.170644Z  WARN faf_app::infra::discord: Discord rich presence disconnected reason=Discord is not running
2026-09-29T12:15:25.184700Z  WARN faf_app::infra::discord: Discord rich presence disconnected reason=Discord is not running
2026-09-29T12:15:40.198224Z  WARN faf_app::infra::discord: Discord rich presence disconnected reason=Discord is not running
2026-09-29T12:15:55.214190Z  WARN faf_app::infra::discord: Discord rich presence disconnected reason=Discord is not running
2026-09-29T12:16:10.219967Z  WARN faf_app::infra::discord: Discord rich presence disconnected reason=Discord is not running
2026-09-29T12:16:25.232697Z  WARN faf_app::infra::discord: Discord rich presence disconnected reason=Discord is not running
2026-09-29T12:16:40.244856Z  WARN faf_app::infra::discord: Discord rich presence disconnected reason=Discord is not running
2026-09-29T12:16:55.247631Z  WARN faf_app::infra::discord: Discord rich presence disconnected reason=Discord is not running
2026-09-29T12:17:10.257839Z  WARN faf_app::infra::discord: Discord rich presence disconnected reason=Discord is not running
2026-09-29T12:17:25.261663Z  WARN faf_app::infra::discord: Discord rich presence disconnected reason=Discord is not running
2026-09-29T12:17:40.273552Z  WARN faf_app::infra::discord: Discord rich presence disconnected reason=Discord is not running
2026-09-29T12:17:55.289086Z  WARN faf_app::infra::discord: Discord rich presence disconnected reason=Discord is not running
2026-09-29T12:18:10.303881Z  WARN faf_app::infra::discord: Discord rich presence disconnected reason=Discord is not running
2026-09-29T12:18:25.315677Z  WARN faf_app::infra::discord: Discord rich presence disconnected reason=Discord is not running
2026-09-29T12:18:40.329684Z  WARN faf_app::infra::discord: Discord rich presence disconnected reason=Discord is not running
2026-09-29T12:18:55.332366Z  WARN faf_app::infra::discord: Discord rich presence disconnected reason=Discord is not running
2026-09-29T12:19:10.348294Z  WARN faf_app::infra::discord: Discord rich presence disconnected reason=Discord is not running
2026-09-29T12:19:25.355355Z  WARN faf_app::infra::discord: Discord rich presence disconnected reason=Discord is not running
2026-09-29T12:19:40.361706Z  WARN faf_app::infra::discord: Discord rich presence disconnected reason=Discord is not running
2026-09-29T12:19:55.373813Z  WARN faf_app::infra::discord: Discord rich presence disconnected reason=Discord is not running
2026-09-29T12:20:10.388611Z  WARN faf_app::infra::discord: Discord rich presence disconnected reason=Discord is not running
2026-09-29T12:20:25.397535Z  WARN faf_app::infra::discord: Discord rich presence disconnected reason=Discord is not running
2026-09-29T12:20:40.403464Z  WARN faf_app::infra::discord: Discord rich presence disconnected reason=Discord is not running
2026-09-29T12:20:55.408832Z  WARN faf_app::infra::discord: Discord rich presence disconnected reason=Discord is not running
2026-09-29T12:21:10.412764Z  WARN faf_app::infra::discord: Discord rich presence disconnected reason=Discord is not running
2026-09-29T12:21:25.414604Z  WARN faf_app::infra::discord: Discord rich presence disconnected reason=Discord is not running
2026-09-29T12:21:40.418793Z  WARN faf_app::infra::discord: Discord rich presence disconnected reason=Discord is not running
2026-09-29T12:21:55.430257Z  WARN faf_app::infra::discord: Discord rich presence disconnected reason=Discord is not running
2026-09-29T12:22:10.435941Z  WARN faf_app::infra::discord: Discord rich presence disconnected reason=Discord is not running
2026-09-29T12:22:25.449253Z  WARN faf_app::infra::discord: Discord rich presence disconnected reason=Discord is not running
2026-09-29T12:22:40.455768Z  WARN faf_app::infra::discord: Discord rich presence disconnected reason=Discord is not running
2026-09-29T12:22:55.456250Z  WARN faf_app::infra::discord: Discord rich presence disconnected reason=Discord is not running
2026-09-29T12:23:10.468971Z  WARN faf_app::infra::discord: Discord rich presence disconnected reason=Discord is not running
2026-09-29T12:23:25.478002Z  WARN faf_app::infra::discord: Discord rich presence disconnected reason=Discord is not running
2026-09-29T12:23:40.483676Z  WARN faf_app::infra::discord: Discord rich presence disconnected reason=Discord is not running
2026-09-29T12:23:55.487222Z  WARN faf_app::infra::discord: Discord rich presence disconnected reason=Discord is not running
2026-09-29T12:24:10.493048Z  WARN faf_app::infra::discord: Discord rich presence disconnected reason=Discord is not running
2026-09-29T12:24:25.501878Z  WARN faf_app::infra::discord: Discord rich presence disconnected reason=Discord is not running
2026-09-29T12:24:40.512559Z  WARN faf_app::infra::discord: Discord rich presence disconnected reason=Discord is not running
2026-09-29T12:24:55.516070Z  WARN faf_app::infra::discord: Discord rich presence disconnected reason=Discord is not running
2026-09-29T12:25:10.523483Z  WARN faf_app::infra::discord: Discord rich presence disconnected reason=Discord is not running
2026-09-29T12:25:25.530569Z  WARN faf_app::infra::discord: Discord rich presence disconnected reason=Discord is not running
2026-09-29T12:25:40.543644Z  WARN faf_app::infra::discord: Discord rich presence disconnected reason=Discord is not running
2026-09-29T12:25:55.556649Z  WARN faf_app::infra::discord: Discord rich presence disconnected reason=Discord is not running
2026-09-29T12:26:10.561033Z  WARN faf_app::infra::discord: Discord rich presence disconnected reason=Discord is not running
2026-09-29T12:26:25.567942Z  WARN faf_app::infra::discord: Discord rich presence disconnected reason=Discord is not running
2026-09-29T12:26:40.570464Z  WARN faf_app::infra::discord: Discord rich presence disconnected reason=Discord is not running
2026-09-29T12:26:55.585539Z  WARN faf_app::infra::discord: Discord rich presence disconnected reason=Discord is not running
2026-09-29T12:27:10.594484Z  WARN faf_app::infra::discord: Discord rich presence disconnected reason=Discord is not running
2026-09-29T12:27:25.603823Z  WARN faf_app::infra::discord: Discord rich presence disconnected reason=Discord is not running
2026-09-29T12:27:40.608611Z  WARN faf_app::infra::discord: Discord rich presence disconnected reason=Discord is not running
2026-09-29T12:27:55.611593Z  WARN faf_app::infra::discord: Discord rich presence disconnected reason=Discord is not running
2026-09-29T12:28:10.623692Z  WARN faf_app::infra::discord: Discord rich presence disconnected reason=Discord is not running
2026-09-29T12:28:25.639638Z  WARN faf_app::infra::discord: Discord rich presence disconnected reason=Discord is not running
2026-09-29T12:28:40.642954Z  WARN faf_app::infra::discord: Discord rich presence disconnected reason=Discord is not running
2026-09-29T12:28:55.657144Z  WARN faf_app::infra::discord: Discord rich presence disconnected reason=Discord is not running
2026-09-29T12:29:10.662826Z  WARN faf_app::infra::discord: Discord rich presence disconnected reason=Discord is not running
2026-09-29T12:29:25.668594Z  WARN faf_app::infra::discord: Discord rich presence disconnected reason=Discord is not running
2026-09-29T12:29:40.680001Z  WARN faf_app::infra::discord: Discord rich presence disconnected reason=Discord is not running
2026-09-29T12:29:55.685156Z  WARN faf_app::infra::discord: Discord rich presence disconnected reason=Discord is not running
2026-09-29T12:30:10.697563Z  WARN faf_app::infra::discord: Discord rich presence disconnected reason=Discord is not running
2026-09-29T12:30:25.712122Z  WARN faf_app::infra::discord: Discord rich presence disconnected reason=Discord is not running
2026-09-29T12:30:40.727043Z  WARN faf_app::infra::discord: Discord rich presence disconnected reason=Discord is not running
2026-09-29T12:30:55.739206Z  WARN faf_app::infra::discord: Discord rich presence disconnected reason=Discord is not running
2026-09-29T12:31:10.740787Z  WARN faf_app::infra::discord: Discord rich presence disconnected reason=Discord is not running
2026-09-29T12:31:25.746209Z  WARN faf_app::infra::discord: Discord rich presence disconnected reason=Discord is not running
2026-09-29T12:31:40.755019Z  WARN faf_app::infra::discord: Discord rich presence disconnected reason=Discord is not running
2026-09-29T12:31:55.769795Z  WARN faf_app::infra::discord: Discord rich presence disconnected reason=Discord is not running
2026-09-29T12:32:10.780505Z  WARN faf_app::infra::discord: Discord rich presence disconnected reason=Discord is not running
2026-09-29T12:32:25.786762Z  WARN faf_app::infra::discord: Discord rich presence disconnected reason=Discord is not running
2026-09-29T12:32:40.787581Z  WARN faf_app::infra::discord: Discord rich presence disconnected reason=Discord is not running
2026-09-29T12:32:55.799642Z  WARN faf_app::infra::discord: Discord rich presence disconnected reason=Discord is not running
2026-09-29T12:33:10.809602Z  WARN faf_app::infra::discord: Discord rich presence disconnected reason=Discord is not running
2026-09-29T12:33:25.814846Z  WARN faf_app::infra::discord: Discord rich presence disconnected reason=Discord is not running
2026-09-29T12:33:40.822717Z  WARN faf_app::infra::discord: Discord rich presence disconnected reason=Discord is not running
2026-09-29T12:33:55.828547Z  WARN faf_app::infra::discord: Discord rich presence disconnected reason=Discord is not running
2026-09-29T12:34:10.830367Z  WARN faf_app::infra::discord: Discord rich presence disconnected reason=Discord is not running
2026-09-29T12:34:25.835601Z  WARN faf_app::infra::discord: Discord rich presence disconnected reason=Discord is not running
2026-09-29T12:34:40.843455Z  WARN faf_app::infra::discord: Discord rich presence disconnected reason=Discord is not running
2026-09-29T12:34:55.856751Z  WARN faf_app::infra::discord: Discord rich presence disconnected reason=Discord is not running
2026-09-29T12:35:10.860628Z  WARN faf_app::infra::discord: Discord rich presence disconnected reason=Discord is not running
2026-09-29T12:35:25.875775Z  WARN faf_app::infra::discord: Discord rich presence disconnected reason=Discord is not running
2026-09-29T12:35:40.884490Z  WARN faf_app::infra::discord: Discord rich presence disconnected reason=Discord is not running
2026-09-29T12:35:55.887748Z  WARN faf_app::infra::discord: Discord rich presence disconnected reason=Discord is not running
2026-09-29T12:36:10.890036Z  WARN faf_app::infra::discord: Discord rich presence disconnected reason=Discord is not running
2026-09-29T12:36:25.894855Z  WARN faf_app::infra::discord: Discord rich presence disconnected reason=Discord is not running
2026-09-29T12:36:40.909520Z  WARN faf_app::infra::discord: Discord rich presence disconnected reason=Discord is not running
2026-09-29T12:36:55.921593Z  WARN faf_app::infra::discord: Discord rich presence disconnected reason=Discord is not running
2026-09-29T12:37:10.925491Z  WARN faf_app::infra::discord: Discord rich presence disconnected reason=Discord is not running
2026-09-29T12:37:25.937362Z  WARN faf_app::infra::discord: Discord rich presence disconnected reason=Discord is not running
2026-09-29T12:37:40.954168Z  WARN faf_app::infra::discord: Discord rich presence disconnected reason=Discord is not running
2026-09-29T12:37:55.956643Z  WARN faf_app::infra::discord: Discord rich presence disconnected reason=Discord is not running
2026-09-29T12:38:10.964143Z  WARN faf_app::infra::discord: Discord rich presence disconnected reason=Discord is not running
2026-09-29T12:38:25.965614Z  WARN faf_app::infra::discord: Discord rich presence disconnected reason=Discord is not running
2026-09-29T12:38:40.971694Z  WARN faf_app::infra::discord: Discord rich presence disconnected reason=Discord is not running
2026-09-29T12:38:55.987292Z  WARN faf_app::infra::discord: Discord rich presence disconnected reason=Discord is not running
2026-09-29T12:39:10.994418Z  WARN faf_app::infra::discord: Discord rich presence disconnected reason=Discord is not running
2026-09-29T12:39:26.005823Z  WARN faf_app::infra::discord: Discord rich presence disconnected reason=Discord is not running
2026-09-29T12:39:41.019740Z  WARN faf_app::infra::discord: Discord rich presence disconnected reason=Discord is not running
2026-09-29T12:39:56.028335Z  WARN faf_app::infra::discord: Discord rich presence disconnected reason=Discord is not running
2026-09-29T12:40:11.052091Z  WARN faf_app::infra::discord: Discord rich presence disconnected reason=Discord is not running
2026-09-29T12:40:26.054251Z  WARN faf_app::infra::discord: Discord rich presence disconnected reason=Discord is not running
2026-09-29T12:40:41.056123Z  WARN faf_app::infra::discord: Discord rich presence disconnected reason=Discord is not running
2026-09-29T12:40:56.067374Z  WARN faf_app::infra::discord: Discord rich presence disconnected reason=Discord is not running
2026-09-29T12:41:11.076365Z  WARN faf_app::infra::discord: Discord rich presence disconnected reason=Discord is not running
2026-09-29T12:41:26.078812Z  WARN faf_app::infra::discord: Discord rich presence disconnected reason=Discord is not running
2026-09-29T12:41:41.091978Z  WARN faf_app::infra::discord: Discord rich presence disconnected reason=Discord is not running
2026-09-29T12:41:56.102611Z  WARN faf_app::infra::discord: Discord rich presence disconnected reason=Discord is not running
2026-09-29T12:42:11.108146Z  WARN faf_app::infra::discord: Discord rich presence disconnected reason=Discord is not running
2026-09-29T12:42:26.116394Z  WARN faf_app::infra::discord: Discord rich presence disconnected reason=Discord is not running
2026-09-29T12:42:41.129182Z  WARN faf_app::infra::discord: Discord rich presence disconnected reason=Discord is not running
2026-09-29T12:42:56.137918Z  WARN faf_app::infra::discord: Discord rich presence disconnected reason=Discord is not running
2026-09-29T12:43:11.154187Z  WARN faf_app::infra::discord: Discord rich presence disconnected reason=Discord is not running
2026-09-29T12:43:26.169430Z  WARN faf_app::infra::discord: Discord rich presence disconnected reason=Discord is not running
2026-09-29T12:43:41.183236Z  WARN faf_app::infra::discord: Discord rich presence disconnected reason=Discord is not running
2026-09-29T12:43:56.191798Z  WARN faf_app::infra::discord: Discord rich presence disconnected reason=Discord is not running
2026-09-29T12:44:11.197475Z  WARN faf_app::infra::discord: Discord rich presence disconnected reason=Discord is not running
2026-09-29T12:44:26.198515Z  WARN faf_app::infra::discord: Discord rich presence disconnected reason=Discord is not running
2026-09-29T12:44:41.211051Z  WARN faf_app::infra::discord: Discord rich presence disconnected reason=Discord is not running
2026-09-29T12:44:56.225923Z  WARN faf_app::infra::discord: Discord rich presence disconnected reason=Discord is not running
2026-09-29T12:45:11.235754Z  WARN faf_app::infra::discord: Discord rich presence disconnected reason=Discord is not running
2026-09-29T12:45:26.248655Z  WARN faf_app::infra::discord: Discord rich presence disconnected reason=Discord is not running
2026-09-29T12:45:41.261631Z  WARN faf_app::infra::discord: Discord rich presence disconnected reason=Discord is not running
2026-09-29T12:45:56.270474Z  WARN faf_app::infra::discord: Discord rich presence disconnected reason=Discord is not running
2026-09-29T12:46:11.273861Z  WARN faf_app::infra::discord: Discord rich presence disconnected reason=Discord is not running
2026-09-29T12:46:26.281533Z  WARN faf_app::infra::discord: Discord rich presence disconnected reason=Discord is not running
2026-09-29T12:46:41.282417Z  WARN faf_app::infra::discord: Discord rich presence disconnected reason=Discord is not running
2026-09-29T12:46:56.288429Z  WARN faf_app::infra::discord: Discord rich presence disconnected reason=Discord is not running
2026-09-29T12:47:11.305626Z  WARN faf_app::infra::discord: Discord rich presence disconnected reason=Discord is not running
2026-09-29T12:47:26.321128Z  WARN faf_app::infra::discord: Discord rich presence disconnected reason=Discord is not running
2026-09-29T12:47:41.323995Z  WARN faf_app::infra::discord: Discord rich presence disconnected reason=Discord is not running
2026-09-29T12:47:56.331982Z  WARN faf_app::infra::discord: Discord rich presence disconnected reason=Discord is not running
2026-09-29T12:48:11.337442Z  WARN faf_app::infra::discord: Discord rich presence disconnected reason=Discord is not running
2026-09-29T12:48:26.347922Z  WARN faf_app::infra::discord: Discord rich presence disconnected reason=Discord is not running
2026-09-29T12:48:41.359672Z  WARN faf_app::infra::discord: Discord rich presence disconnected reason=Discord is not running
2026-09-29T12:48:56.368613Z  WARN faf_app::infra::discord: Discord rich presence disconnected reason=Discord is not running
2026-09-29T12:49:11.371163Z  WARN faf_app::infra::discord: Discord rich presence disconnected reason=Discord is not running
2026-09-29T12:49:26.376584Z  WARN faf_app::infra::discord: Discord rich presence disconnected reason=Discord is not running
2026-09-29T12:49:41.390673Z  WARN faf_app::infra::discord: Discord rich presence disconnected reason=Discord is not running
2026-09-29T12:49:56.400931Z  WARN faf_app::infra::discord: Discord rich presence disconnected reason=Discord is not running
2026-09-29T12:50:11.410573Z  WARN faf_app::infra::discord: Discord rich presence disconnected reason=Discord is not running
2026-09-29T12:50:26.415624Z  WARN faf_app::infra::discord: Discord rich presence disconnected reason=Discord is not running
2026-09-29T12:50:41.431487Z  WARN faf_app::infra::discord: Discord rich presence disconnected reason=Discord is not running
2026-09-29T12:50:56.444809Z  WARN faf_app::infra::discord: Discord rich presence disconnected reason=Discord is not running
2026-09-29T12:51:11.457679Z  WARN faf_app::infra::discord: Discord rich presence disconnected reason=Discord is not running
2026-09-29T12:51:26.471502Z  WARN faf_app::infra::discord: Discord rich presence disconnected reason=Discord is not running
2026-09-29T12:51:41.472524Z  WARN faf_app::infra::discord: Discord rich presence disconnected reason=Discord is not running
2026-09-29T12:51:56.474233Z  WARN faf_app::infra::discord: Discord rich presence disconnected reason=Discord is not running
2026-09-29T12:52:11.476044Z  WARN faf_app::infra::discord: Discord rich presence disconnected reason=Discord is not running
2026-09-29T12:52:26.482433Z  WARN faf_app::infra::discord: Discord rich presence disconnected reason=Discord is not running
2026-09-29T12:52:41.492566Z  WARN faf_app::infra::discord: Discord rich presence disconnected reason=Discord is not running
2026-09-29T12:52:56.495505Z  WARN faf_app::infra::discord: Discord rich presence disconnected reason=Discord is not running
2026-09-29T12:53:11.507026Z  WARN faf_app::infra::discord: Discord rich presence disconnected reason=Discord is not running
2026-09-29T12:53:26.520826Z  WARN faf_app::infra::discord: Discord rich presence disconnected reason=Discord is not running
2026-09-29T12:53:41.530022Z  WARN faf_app::infra::discord: Discord rich presence disconnected reason=Discord is not running
2026-09-29T12:53:56.532222Z  WARN faf_app::infra::discord: Discord rich presence disconnected reason=Discord is not running
2026-09-29T12:54:11.541271Z  WARN faf_app::infra::discord: Discord rich presence disconnected reason=Discord is not running
2026-09-29T12:54:26.547894Z  WARN faf_app::infra::discord: Discord rich presence disconnected reason=Discord is not running
2026-09-29T12:54:41.562395Z  WARN faf_app::infra::discord: Discord rich presence disconnected reason=Discord is not running
2026-09-29T12:54:56.577739Z  WARN faf_app::infra::discord: Discord rich presence disconnected reason=Discord is not running
2026-09-29T12:55:11.587086Z  WARN faf_app::infra::discord: Discord rich presence disconnected reason=Discord is not running
2026-09-29T12:55:26.594795Z  WARN faf_app::infra::discord: Discord rich presence disconnected reason=Discord is not running
2026-09-29T12:55:41.610760Z  WARN faf_app::infra::discord: Discord rich presence disconnected reason=Discord is not running
2026-09-29T12:55:56.617457Z  WARN faf_app::infra::discord: Discord rich presence disconnected reason=Discord is not running
2026-09-29T14:50:39.815768Z  INFO faf_app::infra::lobby_ws: lobby connection closed
2026-09-29T14:50:39.815855Z  WARN faf_app::infra::discord: Discord rich presence disconnected reason=Discord is not running
2026-09-29T14:50:39.827539Z  WARN faf_app::infra::irc: could not obtain IRC token error=request failed: error sending request for url (https://user.faforever.com/irc/ergochat/token)
2026-09-29T14:50:39.827549Z  INFO faf_app::infra::irc: chat reconnect scheduled delay_seconds=10
2026-09-29T14:50:39.827584Z  WARN faf_app::infra::oauth: could not refresh the access token error=Refresh request failed: error sending request for url (https://hydra.faforever.com/oauth2/token)
2026-09-29T14:50:39.827818Z ERROR faf_app::infra::lobby_ws: could not obtain lobby access URL error=request failed: error sending request for url (https://user.faforever.com/lobby/access)
2026-09-29T14:50:39.828244Z ERROR faf_app::infra::lobby_ws: could not obtain lobby access URL error=request failed: error sending request for url (https://user.faforever.com/lobby/access)
2026-09-29T14:50:39.829585Z ERROR faf_app::infra::lobby_ws: could not obtain lobby access URL error=request failed: error sending request for url (https://user.faforever.com/lobby/access)
2026-09-29T14:50:39.829592Z  INFO faf_app::infra::lobby_ws: lobby reconnect scheduled delay_seconds=10 failures=4
2026-09-29T14:50:44.827992Z  INFO faf_app::services::reconnect: reconnecting to chat attempt=1
2026-09-29T14:50:50.056332Z  WARN faf_app::infra::irc: the FAF API refused our access token error=irc/ergochat/token returned 401 Unauthorized: 
2026-09-29T14:50:50.056349Z  WARN faf_app::infra::irc: chat stood down until the access token is renewed
2026-09-29T14:50:50.068363Z ERROR faf_app::infra::lobby_ws: could not obtain lobby access URL error=/lobby/access returned 401 Unauthorized
2026-09-29T14:50:50.068374Z  INFO faf_app::infra::lobby_ws: lobby reconnect scheduled delay_seconds=20 failures=5
2026-09-29T14:50:54.831091Z  WARN faf_app::infra::discord: Discord rich presence disconnected reason=Discord is not running
2026-09-29T14:50:54.846554Z  INFO faf_app::services::reconnect: reconnecting to chat attempt=2
2026-09-29T14:50:54.908930Z  WARN faf_app::infra::irc: the FAF API refused our access token error=irc/ergochat/token returned 401 Unauthorized: 
2026-09-29T14:50:54.908940Z  WARN faf_app::infra::irc: chat stood down until the access token is renewed
2026-09-29T14:51:02.055385Z  INFO faforever_rust_client_lib::diagnostics: client diagnostics initialized retained_files=7 max_file_bytes=10485760
2026-09-29T14:51:02.057353Z  WARN faf_app::infra::discord: Discord rich presence disconnected reason=Discord is not running
2026-09-29T14:51:04.095702Z  INFO faf_app::infra::lobby_ws: lobby WebSocket connected
2026-09-29T14:51:04.102851Z  INFO faf_app::infra::irc: chat WebSocket connected
2026-09-29T14:51:04.148127Z  INFO faf_app::infra::lobby_ws: lobby notice received style=Info text=You are using an unofficial client version! Some features might not work as expected. If you experience any problems please download the latest version of the official client from <a href="https://www.faforever.com">https://www.faforever.com</a>
2026-09-29T14:51:06.446129Z  INFO faf_app::infra::lobby_ws: lobby authenticated
2026-09-29T14:51:17.060560Z  WARN faf_app::infra::discord: Discord rich presence disconnected reason=Discord is not running
2026-09-29T14:51:32.073763Z  WARN faf_app::infra::discord: Discord rich presence disconnected reason=Discord is not running
2026-09-29T14:51:47.084782Z  WARN faf_app::infra::discord: Discord rich presence disconnected reason=Discord is not running
2026-09-29T14:52:02.094367Z  WARN faf_app::infra::discord: Discord rich presence disconnected reason=Discord is not running
2026-09-29T14:52:17.107331Z  WARN faf_app::infra::discord: Discord rich presence disconnected reason=Discord is not running
2026-09-29T14:52:32.120126Z  WARN faf_app::infra::discord: Discord rich presence disconnected reason=Discord is not running
2026-09-29T14:52:47.123337Z  WARN faf_app::infra::discord: Discord rich presence disconnected reason=Discord is not running
2026-09-29T14:53:02.133588Z  WARN faf_app::infra::discord: Discord rich presence disconnected reason=Discord is not running
2026-09-29T14:53:17.144329Z  WARN faf_app::infra::discord: Discord rich presence disconnected reason=Discord is not running
2026-09-29T14:53:26.270344Z  INFO faf_app::infra::game_updater: resolved retail FA install for fa_path path=C:\Program Files (x86)\Steam\steamapps\common\Supreme Commander Forged Alliance
2026-09-29T14:53:26.270865Z  INFO faf_app::infra::replay: generating map required by replay playback map_name="neroxis_map_generator_1.21.2_z6kvfaythwuwi_bifq"
2026-09-29T14:53:29.163856Z  INFO faf_app::infra::game: launching Forged Alliance argument_count=9 wrapper=""
2026-09-29T14:53:32.158418Z  WARN faf_app::infra::discord: Discord rich presence disconnected reason=Discord is not running
2026-09-29T14:53:47.170287Z  WARN faf_app::infra::discord: Discord rich presence disconnected reason=Discord is not running
2026-09-29T14:54:02.185596Z  WARN faf_app::infra::discord: Discord rich presence disconnected reason=Discord is not running
2026-09-29T14:54:17.191707Z  WARN faf_app::infra::discord: Discord rich presence disconnected reason=Discord is not running
2026-09-29T14:54:32.204545Z  WARN faf_app::infra::discord: Discord rich presence disconnected reason=Discord is not running
2026-09-29T14:54:47.205330Z  WARN faf_app::infra::discord: Discord rich presence disconnected reason=Discord is not running
2026-09-29T14:55:02.219008Z  WARN faf_app::infra::discord: Discord rich presence disconnected reason=Discord is not running
2026-09-29T14:55:17.229080Z  WARN faf_app::infra::discord: Discord rich presence disconnected reason=Discord is not running
2026-09-29T14:55:32.232577Z  WARN faf_app::infra::discord: Discord rich presence disconnected reason=Discord is not running
2026-09-29T14:55:47.242138Z  WARN faf_app::infra::discord: Discord rich presence disconnected reason=Discord is not running
2026-09-29T14:56:02.257393Z  WARN faf_app::infra::discord: Discord rich presence disconnected reason=Discord is not running
2026-09-29T14:56:17.270257Z  WARN faf_app::infra::discord: Discord rich presence disconnected reason=Discord is not running
2026-09-29T14:56:32.271285Z  WARN faf_app::infra::discord: Discord rich presence disconnected reason=Discord is not running
2026-09-29T14:56:47.282112Z  WARN faf_app::infra::discord: Discord rich presence disconnected reason=Discord is not running
2026-09-29T14:57:02.291359Z  WARN faf_app::infra::discord: Discord rich presence disconnected reason=Discord is not running
2026-09-29T14:57:17.304643Z  WARN faf_app::infra::discord: Discord rich presence disconnected reason=Discord is not running
2026-09-29T14:57:32.312865Z  WARN faf_app::infra::discord: Discord rich presence disconnected reason=Discord is not running
2026-09-29T14:57:47.314207Z  WARN faf_app::infra::discord: Discord rich presence disconnected reason=Discord is not running
2026-09-29T14:58:02.320166Z  WARN faf_app::infra::discord: Discord rich presence disconnected reason=Discord is not running
2026-09-29T14:58:17.322754Z  WARN faf_app::infra::discord: Discord rich presence disconnected reason=Discord is not running
2026-09-29T14:58:32.335302Z  WARN faf_app::infra::discord: Discord rich presence disconnected reason=Discord is not running
2026-09-29T14:58:47.344807Z  WARN faf_app::infra::discord: Discord rich presence disconnected reason=Discord is not running
2026-09-29T14:58:47.455148Z  INFO faf_app::infra::lobby_ws: lobby issued game launch game_id=27873966
2026-09-29T14:58:49.106853Z  INFO faf_app::infra::game_updater: resolved retail FA install for fa_path path=C:\Program Files (x86)\Steam\steamapps\common\Supreme Commander Forged Alliance
2026-09-29T14:58:49.107678Z  INFO faf_app::infra::ice_select: starting selected ICE backend backend="Java (faf-ice-adapter)"
2026-09-29T14:58:59.171105Z  INFO faf_app::infra::ice_java: starting Java ICE adapter game_id=27873966 rpc_port=54199 gpgnet_port=54200
2026-09-29T14:59:00.213313Z  INFO faf_app::infra::replay_recorder: recording this game's replay port=54204 game_id=27873966
2026-09-29T14:59:00.213462Z  INFO faf_app::infra::game: launching Forged Alliance argument_count=24 wrapper=""
2026-09-29T14:59:02.348496Z  WARN faf_app::infra::discord: Discord rich presence disconnected reason=Discord is not running
2026-09-29T14:59:06.502533Z  INFO faf_app::infra::ice_java: ICE adapter connection state state="Connected"
2026-09-29T14:59:17.364162Z  WARN faf_app::infra::discord: Discord rich presence disconnected reason=Discord is not running
2026-09-29T14:59:32.379580Z  WARN faf_app::infra::discord: Discord rich presence disconnected reason=Discord is not running
2026-09-29T14:59:34.773356Z  INFO faf_app::infra::ice_java: ICE negotiation state remote_player=112454 state="gathering"
2026-09-29T14:59:42.113325Z  INFO faf_app::infra::ice_java: ICE negotiation state remote_player=112454 state="awaitingCandidates"
2026-09-29T14:59:44.423248Z  INFO faf_app::infra::ice_java: ICE negotiation state remote_player=112454 state="checking"
2026-09-29T14:59:45.236413Z  INFO faf_app::infra::ice_java: ICE peer state remote_player=112454 connected=true
2026-09-29T14:59:45.236609Z  INFO faf_app::infra::ice_java: ICE negotiation state remote_player=112454 state="connected"
2026-09-29T14:59:47.383375Z  WARN faf_app::infra::discord: Discord rich presence disconnected reason=Discord is not running
2026-09-29T15:00:02.387908Z  WARN faf_app::infra::discord: Discord rich presence disconnected reason=Discord is not running
2026-09-29T15:00:17.389623Z  WARN faf_app::infra::discord: Discord rich presence disconnected reason=Discord is not running
2026-09-29T15:00:32.402005Z  WARN faf_app::infra::discord: Discord rich presence disconnected reason=Discord is not running
2026-09-29T15:00:32.873423Z  INFO faf_app::infra::replay_recorder: replay recorded path=C:\ProgramData\FAForever\replays\27873966-DillyDally.fafreplay raw_bytes=10764 bytes=3095 complete=true
2026-09-29T15:00:32.873701Z  INFO faf_app::infra::replay_relay: replay uploaded to FAF game_id=27873966 bytes=10797
2026-09-29T15:00:33.311374Z  INFO faf_app::infra::ice_java: ICE adapter connection state state="Disconnected"
2026-09-29T15:00:33.963908Z  INFO faf_app::services::launcher: the game process exited; releasing the launch
2026-09-29T15:00:33.985926Z  WARN faf_app::infra::ice_java: Java ICE adapter notification stream ended
2026-09-29T15:00:34.486715Z  INFO faf_app::services::launcher: launcher: game exit cleanup complete
2026-09-29T15:00:39.524055Z  INFO faforever_rust_client_lib::diagnostics: client diagnostics initialized retained_files=7 max_file_bytes=10485760
2026-09-29T15:00:39.526377Z  WARN faf_app::infra::discord: Discord rich presence disconnected reason=Discord is not running
2026-09-29T15:00:40.821246Z  INFO faf_app::infra::lobby_ws: lobby WebSocket connected
2026-09-29T15:00:40.849946Z  INFO faf_app::infra::irc: chat WebSocket connected
2026-09-29T15:00:40.872301Z  INFO faf_app::infra::lobby_ws: lobby notice received style=Info text=You are using an unofficial client version! Some features might not work as expected. If you experience any problems please download the latest version of the official client from <a href="https://www.faforever.com">https://www.faforever.com</a>
2026-09-29T15:00:43.113388Z  INFO faf_app::infra::lobby_ws: lobby authenticated
2026-09-29T15:00:54.528009Z  WARN faf_app::infra::discord: Discord rich presence disconnected reason=Discord is not running
2026-09-29T15:01:09.537163Z  WARN faf_app::infra::discord: Discord rich presence disconnected reason=Discord is not running
2026-09-29T15:01:24.548133Z  WARN faf_app::infra::discord: Discord rich presence disconnected reason=Discord is not running
2026-09-29T15:01:39.560962Z  WARN faf_app::infra::discord: Discord rich presence disconnected reason=Discord is not running
2026-09-29T15:01:54.568820Z  WARN faf_app::infra::discord: Discord rich presence disconnected reason=Discord is not running
2026-09-29T15:02:09.574407Z  WARN faf_app::infra::discord: Discord rich presence disconnected reason=Discord is not running
2026-09-29T15:02:24.578047Z  WARN faf_app::infra::discord: Discord rich presence disconnected reason=Discord is not running
2026-09-29T15:02:39.592726Z  WARN faf_app::infra::discord: Discord rich presence disconnected reason=Discord is not running
2026-09-29T15:02:54.609035Z  WARN faf_app::infra::discord: Discord rich presence disconnected reason=Discord is not running
2026-09-29T15:03:09.616458Z  WARN faf_app::infra::discord: Discord rich presence disconnected reason=Discord is not running
2026-09-29T15:03:24.627772Z  WARN faf_app::infra::discord: Discord rich presence disconnected reason=Discord is not running
2026-09-29T15:03:39.632436Z  WARN faf_app::infra::discord: Discord rich presence disconnected reason=Discord is not running
2026-09-29T15:03:54.634895Z  WARN faf_app::infra::discord: Discord rich presence disconnected reason=Discord is not running
2026-09-29T15:04:09.639974Z  WARN faf_app::infra::discord: Discord rich presence disconnected reason=Discord is not running
2026-09-29T15:04:24.644694Z  WARN faf_app::infra::discord: Discord rich presence disconnected reason=Discord is not running
2026-09-29T15:04:39.653778Z  WARN faf_app::infra::discord: Discord rich presence disconnected reason=Discord is not running
2026-09-29T15:04:54.660057Z  WARN faf_app::infra::discord: Discord rich presence disconnected reason=Discord is not running
2026-09-29T15:05:09.669920Z  WARN faf_app::infra::discord: Discord rich presence disconnected reason=Discord is not running
2026-09-29T15:05:24.682069Z  WARN faf_app::infra::discord: Discord rich presence disconnected reason=Discord is not running
2026-09-29T15:05:39.685741Z  WARN faf_app::infra::discord: Discord rich presence disconnected reason=Discord is not running
2026-09-29T15:05:54.700609Z  WARN faf_app::infra::discord: Discord rich presence disconnected reason=Discord is not running
2026-09-29T15:06:09.707046Z  WARN faf_app::infra::discord: Discord rich presence disconnected reason=Discord is not running
2026-09-29T15:06:24.720153Z  WARN faf_app::infra::discord: Discord rich presence disconnected reason=Discord is not running
2026-09-29T15:06:39.733064Z  WARN faf_app::infra::discord: Discord rich presence disconnected reason=Discord is not running
2026-09-29T15:06:54.740992Z  WARN faf_app::infra::discord: Discord rich presence disconnected reason=Discord is not running
2026-09-29T15:07:09.755704Z  WARN faf_app::infra::discord: Discord rich presence disconnected reason=Discord is not running
2026-09-29T15:07:24.765285Z  WARN faf_app::infra::discord: Discord rich presence disconnected reason=Discord is not running
2026-09-29T15:07:39.767488Z  WARN faf_app::infra::discord: Discord rich presence disconnected reason=Discord is not running
2026-09-29T15:07:54.777065Z  WARN faf_app::infra::discord: Discord rich presence disconnected reason=Discord is not running
2026-09-29T15:08:09.792884Z  WARN faf_app::infra::discord: Discord rich presence disconnected reason=Discord is not running
2026-09-29T15:08:24.795950Z  WARN faf_app::infra::discord: Discord rich presence disconnected reason=Discord is not running
2026-09-29T15:08:39.806346Z  WARN faf_app::infra::discord: Discord rich presence disconnected reason=Discord is not running
2026-09-29T15:08:54.818229Z  WARN faf_app::infra::discord: Discord rich presence disconnected reason=Discord is not running
2026-09-29T15:09:09.820786Z  WARN faf_app::infra::discord: Discord rich presence disconnected reason=Discord is not running
2026-09-29T15:09:24.836048Z  WARN faf_app::infra::discord: Discord rich presence disconnected reason=Discord is not running
2026-09-29T15:09:39.851481Z  WARN faf_app::infra::discord: Discord rich presence disconnected reason=Discord is not running
2026-09-29T15:09:41.365047Z  INFO faf_app::infra::game_updater: resolved retail FA install for fa_path path=C:\Program Files (x86)\Steam\steamapps\common\Supreme Commander Forged Alliance
2026-09-29T15:09:41.422321Z  INFO faf_app::infra::lobby_ws: lobby issued game launch game_id=27873993
2026-09-29T15:09:41.422435Z  INFO faf_app::infra::ice_select: starting selected ICE backend backend="Java (faf-ice-adapter)"
2026-09-29T15:09:51.485001Z  INFO faf_app::infra::ice_java: starting Java ICE adapter game_id=27873993 rpc_port=50340 gpgnet_port=50341
2026-09-29T15:09:52.512441Z  INFO faf_app::infra::replay_recorder: recording this game's replay port=50345 game_id=27873993
2026-09-29T15:09:52.512539Z  INFO faf_app::infra::game: launching Forged Alliance argument_count=17 wrapper=""
2026-09-29T15:09:54.862565Z  WARN faf_app::infra::discord: Discord rich presence disconnected reason=Discord is not running
2026-09-29T15:09:58.348566Z  INFO faf_app::infra::ice_java: ICE adapter connection state state="Connected"
2026-09-29T15:09:58.754506Z  INFO faf_app::infra::ice_java: ICE negotiation state remote_player=304809 state="gathering"
2026-09-29T15:09:58.784039Z  INFO faf_app::infra::ice_java: ICE negotiation state remote_player=418045 state="gathering"
2026-09-29T15:09:58.802619Z  INFO faf_app::infra::ice_java: ICE negotiation state remote_player=276361 state="gathering"
2026-09-29T15:09:58.810693Z  INFO faf_app::infra::ice_java: ICE negotiation state remote_player=277758 state="gathering"
2026-09-29T15:09:59.171719Z  INFO faf_app::infra::ice_java: ICE negotiation state remote_player=104128 state="gathering"
2026-09-29T15:10:06.092057Z  INFO faf_app::infra::ice_java: ICE negotiation state remote_player=104128 state="awaitingCandidates"
2026-09-29T15:10:06.092292Z  INFO faf_app::infra::ice_java: ICE negotiation state remote_player=418045 state="awaitingCandidates"
2026-09-29T15:10:06.092820Z  INFO faf_app::infra::ice_java: ICE negotiation state remote_player=276361 state="awaitingCandidates"
2026-09-29T15:10:06.101751Z  INFO faf_app::infra::ice_java: ICE negotiation state remote_player=104128 state="checking"
2026-09-29T15:10:06.110627Z  INFO faf_app::infra::ice_java: ICE negotiation state remote_player=277758 state="awaitingCandidates"
2026-09-29T15:10:06.111450Z  INFO faf_app::infra::ice_java: ICE negotiation state remote_player=304809 state="awaitingCandidates"
2026-09-29T15:10:06.932686Z  INFO faf_app::infra::ice_java: ICE negotiation state remote_player=418045 state="checking"
2026-09-29T15:10:07.358712Z  INFO faf_app::infra::ice_java: ICE negotiation state remote_player=304809 state="checking"
2026-09-29T15:10:07.385745Z  INFO faf_app::infra::ice_java: ICE negotiation state remote_player=276361 state="checking"
2026-09-29T15:10:07.561368Z  INFO faf_app::infra::ice_java: ICE peer state remote_player=418045 connected=true
2026-09-29T15:10:07.561541Z  INFO faf_app::infra::ice_java: ICE negotiation state remote_player=418045 state="connected"
2026-09-29T15:10:07.792229Z  INFO faf_app::infra::ice_java: ICE peer state remote_player=276361 connected=true
2026-09-29T15:10:07.792353Z  INFO faf_app::infra::ice_java: ICE negotiation state remote_player=276361 state="connected"
2026-09-29T15:10:07.884663Z  INFO faf_app::infra::ice_java: ICE peer state remote_player=304809 connected=true
2026-09-29T15:10:07.884849Z  INFO faf_app::infra::ice_java: ICE negotiation state remote_player=304809 state="connected"
2026-09-29T15:10:08.505506Z  INFO faf_app::infra::ice_java: ICE negotiation state remote_player=277758 state="checking"
2026-09-29T15:10:08.974475Z  INFO faf_app::infra::ice_java: ICE peer state remote_player=277758 connected=true
2026-09-29T15:10:08.974861Z  INFO faf_app::infra::ice_java: ICE negotiation state remote_player=277758 state="connected"
2026-09-29T15:10:09.878129Z  WARN faf_app::infra::discord: Discord rich presence disconnected reason=Discord is not running
2026-09-29T15:10:10.460747Z  INFO faf_app::infra::ice_java: ICE negotiation state remote_player=104128 state="disconnected"
2026-09-29T15:10:10.465693Z  INFO faf_app::infra::ice_java: ICE negotiation state remote_player=104128 state="gathering"
2026-09-29T15:10:12.751925Z  INFO faf_app::infra::ice_java: ICE negotiation state remote_player=104128 state="awaitingCandidates"
2026-09-29T15:10:12.753175Z  INFO faf_app::infra::ice_java: ICE negotiation state remote_player=104128 state="checking"
2026-09-29T15:10:13.155607Z  INFO faf_app::infra::ice_java: ICE peer state remote_player=104128 connected=true
2026-09-29T15:10:13.155872Z  INFO faf_app::infra::ice_java: ICE negotiation state remote_player=104128 state="connected"
2026-09-29T15:10:13.171272Z  INFO faf_app::infra::ice_java: ICE peer state remote_player=104128 connected=true
2026-09-29T15:10:13.171394Z  INFO faf_app::infra::ice_java: ICE negotiation state remote_player=104128 state="connected"
2026-09-29T15:10:24.893949Z  WARN faf_app::infra::discord: Discord rich presence disconnected reason=Discord is not running
2026-09-29T15:10:39.899744Z  WARN faf_app::infra::discord: Discord rich presence disconnected reason=Discord is not running
2026-09-29T15:10:54.911510Z  WARN faf_app::infra::discord: Discord rich presence disconnected reason=Discord is not running
2026-09-29T15:11:09.925713Z  WARN faf_app::infra::discord: Discord rich presence disconnected reason=Discord is not running
2026-09-29T15:11:24.928169Z  WARN faf_app::infra::discord: Discord rich presence disconnected reason=Discord is not running
2026-09-29T15:11:39.934697Z  WARN faf_app::infra::discord: Discord rich presence disconnected reason=Discord is not running
2026-09-29T15:11:45.430470Z  INFO faf_app::infra::game_updater: resolved retail FA install for fa_path path=C:\Program Files (x86)\Steam\steamapps\common\Supreme Commander Forged Alliance
2026-09-29T15:11:45.440520Z  INFO faf_app::infra::game: launching Forged Alliance argument_count=9 wrapper=""
2026-09-29T15:11:54.941394Z  WARN faf_app::infra::discord: Discord rich presence disconnected reason=Discord is not running
2026-09-29T15:12:09.952408Z  WARN faf_app::infra::discord: Discord rich presence disconnected reason=Discord is not running
2026-09-29T15:12:24.955121Z  WARN faf_app::infra::discord: Discord rich presence disconnected reason=Discord is not running
2026-09-29T15:12:35.394539Z  INFO faf_app::infra::game_updater: resolved retail FA install for fa_path path=C:\Program Files (x86)\Steam\steamapps\common\Supreme Commander Forged Alliance
2026-09-29T15:12:35.403851Z  INFO faf_app::infra::game: launching Forged Alliance argument_count=9 wrapper=""
2026-09-29T15:12:39.965551Z  WARN faf_app::infra::discord: Discord rich presence disconnected reason=Discord is not running
2026-09-29T15:12:54.969213Z  WARN faf_app::infra::discord: Discord rich presence disconnected reason=Discord is not running
2026-09-29T15:13:09.983189Z  WARN faf_app::infra::discord: Discord rich presence disconnected reason=Discord is not running
2026-09-29T15:13:24.985105Z  WARN faf_app::infra::discord: Discord rich presence disconnected reason=Discord is not running
2026-09-29T15:13:39.998706Z  WARN faf_app::infra::discord: Discord rich presence disconnected reason=Discord is not running
2026-09-29T15:13:53.176230Z  INFO faf_app::infra::ice_java: ICE negotiation state remote_player=320270 state="gathering"
2026-09-29T15:13:55.004708Z  WARN faf_app::infra::discord: Discord rich presence disconnected reason=Discord is not running
2026-09-29T15:13:55.429695Z  INFO faf_app::infra::ice_java: ICE negotiation state remote_player=320270 state="awaitingCandidates"
2026-09-29T15:13:55.430378Z  INFO faf_app::infra::ice_java: ICE negotiation state remote_player=320270 state="checking"
2026-09-29T15:13:55.678069Z  INFO faf_app::infra::ice_java: ICE peer state remote_player=320270 connected=true
2026-09-29T15:13:55.678166Z  INFO faf_app::infra::ice_java: ICE negotiation state remote_player=320270 state="connected"
2026-09-29T15:14:10.009681Z  WARN faf_app::infra::discord: Discord rich presence disconnected reason=Discord is not running
2026-09-29T15:14:25.023075Z  WARN faf_app::infra::discord: Discord rich presence disconnected reason=Discord is not running
2026-09-29T15:14:40.037051Z  WARN faf_app::infra::discord: Discord rich presence disconnected reason=Discord is not running
2026-09-29T15:14:48.066827Z  INFO faf_app::infra::ice_java: ICE negotiation state remote_player=42707 state="gathering"
2026-09-29T15:14:50.332849Z  INFO faf_app::infra::ice_java: ICE negotiation state remote_player=42707 state="awaitingCandidates"
2026-09-29T15:14:50.333671Z  INFO faf_app::infra::ice_java: ICE negotiation state remote_player=42707 state="checking"
2026-09-29T15:14:50.981637Z  INFO faf_app::infra::ice_java: ICE peer state remote_player=42707 connected=true
2026-09-29T15:14:50.981784Z  INFO faf_app::infra::ice_java: ICE negotiation state remote_player=42707 state="connected"
2026-09-29T15:14:55.042291Z  WARN faf_app::infra::discord: Discord rich presence disconnected reason=Discord is not running
2026-09-29T15:15:10.045328Z  WARN faf_app::infra::discord: Discord rich presence disconnected reason=Discord is not running
2026-09-29T15:15:25.060894Z  WARN faf_app::infra::discord: Discord rich presence disconnected reason=Discord is not running
2026-09-29T15:15:40.075609Z  WARN faf_app::infra::discord: Discord rich presence disconnected reason=Discord is not running
2026-09-29T15:15:55.089802Z  WARN faf_app::infra::discord: Discord rich presence disconnected reason=Discord is not running
2026-09-29T15:16:10.097298Z  WARN faf_app::infra::discord: Discord rich presence disconnected reason=Discord is not running
2026-09-29T15:16:25.099256Z  WARN faf_app::infra::discord: Discord rich presence disconnected reason=Discord is not running
2026-09-29T15:16:40.103932Z  WARN faf_app::infra::discord: Discord rich presence disconnected reason=Discord is not running
2026-09-29T15:16:55.116794Z  WARN faf_app::infra::discord: Discord rich presence disconnected reason=Discord is not running
2026-09-29T15:17:10.126384Z  WARN faf_app::infra::discord: Discord rich presence disconnected reason=Discord is not running
2026-09-29T15:17:25.129749Z  WARN faf_app::infra::discord: Discord rich presence disconnected reason=Discord is not running
2026-09-29T15:17:40.131166Z  WARN faf_app::infra::discord: Discord rich presence disconnected reason=Discord is not running
2026-09-29T15:17:55.133741Z  WARN faf_app::infra::discord: Discord rich presence disconnected reason=Discord is not running
2026-09-29T15:18:10.140090Z  WARN faf_app::infra::discord: Discord rich presence disconnected reason=Discord is not running
2026-09-29T15:18:25.151195Z  WARN faf_app::infra::discord: Discord rich presence disconnected reason=Discord is not running
2026-09-29T15:18:31.101599Z  INFO faf_app::infra::ice_java: ICE negotiation state remote_player=432703 state="gathering"
2026-09-29T15:18:33.357997Z  INFO faf_app::infra::ice_java: ICE negotiation state remote_player=432703 state="awaitingCandidates"
2026-09-29T15:18:33.358579Z  INFO faf_app::infra::ice_java: ICE negotiation state remote_player=432703 state="checking"
2026-09-29T15:18:33.633878Z  INFO faf_app::infra::ice_java: ICE peer state remote_player=432703 connected=true
2026-09-29T15:18:33.633964Z  INFO faf_app::infra::ice_java: ICE negotiation state remote_player=432703 state="connected"
2026-09-29T15:18:40.167026Z  WARN faf_app::infra::discord: Discord rich presence disconnected reason=Discord is not running
2026-09-29T15:18:55.175900Z  WARN faf_app::infra::discord: Discord rich presence disconnected reason=Discord is not running
2026-09-29T15:19:10.187463Z  WARN faf_app::infra::discord: Discord rich presence disconnected reason=Discord is not running
2026-09-29T15:19:25.193472Z  WARN faf_app::infra::discord: Discord rich presence disconnected reason=Discord is not running
2026-09-29T15:19:40.206152Z  WARN faf_app::infra::discord: Discord rich presence disconnected reason=Discord is not running
2026-09-29T15:19:45.149044Z  INFO faf_app::infra::ice_java: ICE negotiation state remote_player=95141 state="gathering"
2026-09-29T15:19:47.398987Z  INFO faf_app::infra::ice_java: ICE negotiation state remote_player=95141 state="awaitingCandidates"
2026-09-29T15:19:47.399520Z  INFO faf_app::infra::ice_java: ICE negotiation state remote_player=95141 state="checking"
2026-09-29T15:19:47.707171Z  INFO faf_app::infra::ice_java: ICE peer state remote_player=95141 connected=true
2026-09-29T15:19:47.707258Z  INFO faf_app::infra::ice_java: ICE negotiation state remote_player=95141 state="connected"
2026-09-29T15:19:55.222013Z  WARN faf_app::infra::discord: Discord rich presence disconnected reason=Discord is not running
2026-09-29T15:20:10.227446Z  WARN faf_app::infra::discord: Discord rich presence disconnected reason=Discord is not running
2026-09-29T15:20:25.236310Z  WARN faf_app::infra::discord: Discord rich presence disconnected reason=Discord is not running
2026-09-29T15:20:40.252121Z  WARN faf_app::infra::discord: Discord rich presence disconnected reason=Discord is not running
2026-09-29T15:20:55.263813Z  WARN faf_app::infra::discord: Discord rich presence disconnected reason=Discord is not running
2026-09-29T15:21:10.271818Z  WARN faf_app::infra::discord: Discord rich presence disconnected reason=Discord is not running
2026-09-29T15:21:25.274381Z  WARN faf_app::infra::discord: Discord rich presence disconnected reason=Discord is not running
2026-09-29T15:21:40.277286Z  WARN faf_app::infra::discord: Discord rich presence disconnected reason=Discord is not running
2026-09-29T15:21:55.288833Z  WARN faf_app::infra::discord: Discord rich presence disconnected reason=Discord is not running
2026-09-29T15:22:10.296408Z  WARN faf_app::infra::discord: Discord rich presence disconnected reason=Discord is not running
2026-09-29T15:22:25.309454Z  WARN faf_app::infra::discord: Discord rich presence disconnected reason=Discord is not running
2026-09-29T15:22:40.318879Z  WARN faf_app::infra::discord: Discord rich presence disconnected reason=Discord is not running
2026-09-29T15:22:55.320796Z  WARN faf_app::infra::discord: Discord rich presence disconnected reason=Discord is not running
2026-09-29T15:23:10.335796Z  WARN faf_app::infra::discord: Discord rich presence disconnected reason=Discord is not running
2026-09-29T15:23:25.345767Z  WARN faf_app::infra::discord: Discord rich presence disconnected reason=Discord is not running
2026-09-29T15:23:40.360223Z  WARN faf_app::infra::discord: Discord rich presence disconnected reason=Discord is not running
2026-09-29T15:23:55.366098Z  WARN faf_app::infra::discord: Discord rich presence disconnected reason=Discord is not running
2026-09-29T15:24:10.369518Z  WARN faf_app::infra::discord: Discord rich presence disconnected reason=Discord is not running
2026-09-29T15:24:25.377947Z  WARN faf_app::infra::discord: Discord rich presence disconnected reason=Discord is not running
2026-09-29T15:24:40.382928Z  WARN faf_app::infra::discord: Discord rich presence disconnected reason=Discord is not running
2026-09-29T15:24:55.392607Z  WARN faf_app::infra::discord: Discord rich presence disconnected reason=Discord is not running
2026-09-29T15:25:10.401127Z  WARN faf_app::infra::discord: Discord rich presence disconnected reason=Discord is not running
2026-09-29T15:25:25.417105Z  WARN faf_app::infra::discord: Discord rich presence disconnected reason=Discord is not running
2026-09-29T15:25:40.432146Z  WARN faf_app::infra::discord: Discord rich presence disconnected reason=Discord is not running
2026-09-29T15:25:55.445558Z  WARN faf_app::infra::discord: Discord rich presence disconnected reason=Discord is not running
2026-09-29T15:26:10.449066Z  WARN faf_app::infra::discord: Discord rich presence disconnected reason=Discord is not running
2026-09-29T15:26:25.453209Z  WARN faf_app::infra::discord: Discord rich presence disconnected reason=Discord is not running
2026-09-29T15:26:40.461878Z  WARN faf_app::infra::discord: Discord rich presence disconnected reason=Discord is not running
2026-09-29T15:26:55.476273Z  WARN faf_app::infra::discord: Discord rich presence disconnected reason=Discord is not running
2026-09-29T15:27:10.487244Z  WARN faf_app::infra::discord: Discord rich presence disconnected reason=Discord is not running
2026-09-29T15:27:25.494027Z  WARN faf_app::infra::discord: Discord rich presence disconnected reason=Discord is not running
2026-09-29T15:27:40.510531Z  WARN faf_app::infra::discord: Discord rich presence disconnected reason=Discord is not running
2026-09-29T15:27:55.521383Z  WARN faf_app::infra::discord: Discord rich presence disconnected reason=Discord is not running
2026-09-29T15:28:10.528330Z  WARN faf_app::infra::discord: Discord rich presence disconnected reason=Discord is not running
2026-09-29T15:28:25.541037Z  WARN faf_app::infra::discord: Discord rich presence disconnected reason=Discord is not running
2026-09-29T15:28:40.556873Z  WARN faf_app::infra::discord: Discord rich presence disconnected reason=Discord is not running
2026-09-29T15:28:55.572119Z  WARN faf_app::infra::discord: Discord rich presence disconnected reason=Discord is not running
2026-09-29T15:29:10.575104Z  WARN faf_app::infra::discord: Discord rich presence disconnected reason=Discord is not running
2026-09-29T15:29:25.590296Z  WARN faf_app::infra::discord: Discord rich presence disconnected reason=Discord is not running
2026-09-29T15:29:40.602108Z  WARN faf_app::infra::discord: Discord rich presence disconnected reason=Discord is not running
2026-09-29T15:29:55.617707Z  WARN faf_app::infra::discord: Discord rich presence disconnected reason=Discord is not running
2026-09-29T15:30:10.631323Z  WARN faf_app::infra::discord: Discord rich presence disconnected reason=Discord is not running
2026-09-29T15:30:25.635262Z  WARN faf_app::infra::discord: Discord rich presence disconnected reason=Discord is not running
2026-09-29T15:30:40.651229Z  WARN faf_app::infra::discord: Discord rich presence disconnected reason=Discord is not running
2026-09-29T15:30:55.659731Z  WARN faf_app::infra::discord: Discord rich presence disconnected reason=Discord is not running
2026-09-29T15:31:10.675227Z  WARN faf_app::infra::discord: Discord rich presence disconnected reason=Discord is not running
2026-09-29T15:31:25.680782Z  WARN faf_app::infra::discord: Discord rich presence disconnected reason=Discord is not running
2026-09-29T15:31:40.696525Z  WARN faf_app::infra::discord: Discord rich presence disconnected reason=Discord is not running
2026-09-29T15:31:55.706670Z  WARN faf_app::infra::discord: Discord rich presence disconnected reason=Discord is not running
2026-09-29T15:32:10.707229Z  WARN faf_app::infra::discord: Discord rich presence disconnected reason=Discord is not running
2026-09-29T15:32:25.722133Z  WARN faf_app::infra::discord: Discord rich presence disconnected reason=Discord is not running
2026-09-29T15:32:40.733701Z  WARN faf_app::infra::discord: Discord rich presence disconnected reason=Discord is not running
2026-09-29T15:32:55.735018Z  WARN faf_app::infra::discord: Discord rich presence disconnected reason=Discord is not running
2026-09-29T15:33:10.739097Z  WARN faf_app::infra::discord: Discord rich presence disconnected reason=Discord is not running
2026-09-29T15:33:25.748032Z  WARN faf_app::infra::discord: Discord rich presence disconnected reason=Discord is not running
2026-09-29T15:33:40.760572Z  WARN faf_app::infra::discord: Discord rich presence disconnected reason=Discord is not running
2026-09-29T15:33:55.771572Z  WARN faf_app::infra::discord: Discord rich presence disconnected reason=Discord is not running
2026-09-29T15:34:10.777210Z  WARN faf_app::infra::discord: Discord rich presence disconnected reason=Discord is not running
2026-09-29T15:34:25.789796Z  WARN faf_app::infra::discord: Discord rich presence disconnected reason=Discord is not running
2026-09-29T15:34:40.803636Z  WARN faf_app::infra::discord: Discord rich presence disconnected reason=Discord is not running
2026-09-29T15:34:55.808747Z  WARN faf_app::infra::discord: Discord rich presence disconnected reason=Discord is not running
2026-09-29T15:35:10.808992Z  WARN faf_app::infra::discord: Discord rich presence disconnected reason=Discord is not running
2026-09-29T15:35:25.824915Z  WARN faf_app::infra::discord: Discord rich presence disconnected reason=Discord is not running
2026-09-29T15:35:40.835612Z  WARN faf_app::infra::discord: Discord rich presence disconnected reason=Discord is not running
2026-09-29T15:35:55.838620Z  WARN faf_app::infra::discord: Discord rich presence disconnected reason=Discord is not running
2026-09-29T15:36:10.841768Z  WARN faf_app::infra::discord: Discord rich presence disconnected reason=Discord is not running
2026-09-29T15:36:25.852570Z  WARN faf_app::infra::discord: Discord rich presence disconnected reason=Discord is not running
2026-09-29T15:36:40.864238Z  WARN faf_app::infra::discord: Discord rich presence disconnected reason=Discord is not running
2026-09-29T15:36:55.866578Z  WARN faf_app::infra::discord: Discord rich presence disconnected reason=Discord is not running
2026-09-29T15:37:10.872499Z  WARN faf_app::infra::discord: Discord rich presence disconnected reason=Discord is not running
2026-09-29T15:37:25.888116Z  WARN faf_app::infra::discord: Discord rich presence disconnected reason=Discord is not running
2026-09-29T15:37:40.899727Z  WARN faf_app::infra::discord: Discord rich presence disconnected reason=Discord is not running
2026-09-29T15:37:55.909404Z  WARN faf_app::infra::discord: Discord rich presence disconnected reason=Discord is not running
2026-09-29T15:38:10.921372Z  WARN faf_app::infra::discord: Discord rich presence disconnected reason=Discord is not running
2026-09-29T15:38:25.929113Z  WARN faf_app::infra::discord: Discord rich presence disconnected reason=Discord is not running
2026-09-29T15:38:40.943234Z  WARN faf_app::infra::discord: Discord rich presence disconnected reason=Discord is not running
2026-09-29T15:38:55.953394Z  WARN faf_app::infra::discord: Discord rich presence disconnected reason=Discord is not running
2026-09-29T15:39:10.963719Z  WARN faf_app::infra::discord: Discord rich presence disconnected reason=Discord is not running
2026-09-29T15:39:25.969557Z  WARN faf_app::infra::discord: Discord rich presence disconnected reason=Discord is not running
2026-09-29T15:39:40.978483Z  WARN faf_app::infra::discord: Discord rich presence disconnected reason=Discord is not running
2026-09-29T15:39:43.045850Z  INFO faf_app::infra::replay_recorder: replay recorded path=C:\ProgramData\FAForever\replays\27873993-DillyDally.fafreplay raw_bytes=1145266 bytes=179108 complete=true
2026-09-29T15:39:43.046066Z  INFO faf_app::infra::replay_relay: replay uploaded to FAF game_id=27873993 bytes=1145299
2026-09-29T15:39:43.526097Z  INFO faf_app::infra::ice_java: ICE adapter connection state state="Disconnected"
2026-09-29T15:39:43.533351Z  INFO faf_app::infra::ice_java: ICE peer state remote_player=104128 connected=false
2026-09-29T15:39:43.533551Z  INFO faf_app::infra::ice_java: ICE negotiation state remote_player=104128 state="disconnected"
2026-09-29T15:39:44.057303Z  INFO faf_app::services::launcher: the game process exited; releasing the launch
2026-09-29T15:39:44.077670Z  WARN faf_app::infra::ice_java: Java ICE adapter notification stream ended
2026-09-29T15:39:44.390798Z  INFO faf_app::services::launcher: launcher: game exit cleanup complete
2026-09-29T15:39:55.988337Z  WARN faf_app::infra::discord: Discord rich presence disconnected reason=Discord is not running
2026-09-29T15:40:07.970617Z  INFO faf_app::infra::game_updater: resolved retail FA install for fa_path path=C:\Program Files (x86)\Steam\steamapps\common\Supreme Commander Forged Alliance
2026-09-29T15:40:08.026735Z  INFO faf_app::infra::lobby_ws: lobby issued game launch game_id=27874114
2026-09-29T15:40:08.026825Z  INFO faf_app::infra::ice_select: starting selected ICE backend backend="Java (faf-ice-adapter)"
2026-09-29T15:40:10.989276Z  WARN faf_app::infra::discord: Discord rich presence disconnected reason=Discord is not running
2026-09-29T15:40:18.090115Z  INFO faf_app::infra::ice_java: starting Java ICE adapter game_id=27874114 rpc_port=57373 gpgnet_port=57374
2026-09-29T15:40:19.108569Z  INFO faf_app::infra::replay_recorder: recording this game's replay port=57378 game_id=27874114
2026-09-29T15:40:19.108657Z  INFO faf_app::infra::game: launching Forged Alliance argument_count=17 wrapper=""
2026-09-29T15:40:25.244345Z  INFO faf_app::infra::ice_java: ICE adapter connection state state="Connected"
2026-09-29T15:40:25.676447Z  INFO faf_app::infra::ice_java: ICE negotiation state remote_player=570488 state="gathering"
2026-09-29T15:40:25.997028Z  WARN faf_app::infra::discord: Discord rich presence disconnected reason=Discord is not running
2026-09-29T15:40:27.974597Z  INFO faf_app::infra::ice_java: ICE negotiation state remote_player=565758 state="gathering"
2026-09-29T15:40:32.885564Z  INFO faf_app::infra::ice_java: ICE negotiation state remote_player=570488 state="awaitingCandidates"
2026-09-29T15:40:34.805600Z  INFO faf_app::infra::ice_java: ICE negotiation state remote_player=565758 state="awaitingCandidates"
2026-09-29T15:40:34.807030Z  INFO faf_app::infra::ice_java: ICE negotiation state remote_player=565758 state="checking"
2026-09-29T15:40:35.227280Z  INFO faf_app::infra::ice_java: ICE negotiation state remote_player=570488 state="checking"
2026-09-29T15:40:35.686038Z  INFO faf_app::infra::ice_java: ICE peer state remote_player=570488 connected=true
2026-09-29T15:40:35.686341Z  INFO faf_app::infra::ice_java: ICE negotiation state remote_player=570488 state="connected"
2026-09-29T15:40:40.998587Z  WARN faf_app::infra::discord: Discord rich presence disconnected reason=Discord is not running
2026-09-29T15:40:41.152665Z  INFO faf_app::infra::ice_java: ICE negotiation state remote_player=565758 state="disconnected"
2026-09-29T15:40:41.160957Z  INFO faf_app::infra::ice_java: ICE negotiation state remote_player=565758 state="gathering"
2026-09-29T15:40:43.434752Z  INFO faf_app::infra::ice_java: ICE negotiation state remote_player=565758 state="awaitingCandidates"
2026-09-29T15:40:43.436196Z  INFO faf_app::infra::ice_java: ICE negotiation state remote_player=565758 state="checking"
2026-09-29T15:40:43.743998Z  INFO faf_app::infra::ice_java: ICE peer state remote_player=565758 connected=true
2026-09-29T15:40:43.744318Z  INFO faf_app::infra::ice_java: ICE negotiation state remote_player=565758 state="connected"
2026-09-29T15:40:43.745171Z  INFO faf_app::infra::ice_java: ICE peer state remote_player=565758 connected=true
2026-09-29T15:40:43.746207Z  INFO faf_app::infra::ice_java: ICE negotiation state remote_player=565758 state="connected"
2026-09-29T15:40:56.000590Z  WARN faf_app::infra::discord: Discord rich presence disconnected reason=Discord is not running
2026-09-29T15:41:11.004885Z  WARN faf_app::infra::discord: Discord rich presence disconnected reason=Discord is not running
2026-09-29T15:41:26.019710Z  WARN faf_app::infra::discord: Discord rich presence disconnected reason=Discord is not running
2026-09-29T15:41:41.026338Z  WARN faf_app::infra::discord: Discord rich presence disconnected reason=Discord is not running
2026-09-29T15:41:56.040383Z  WARN faf_app::infra::discord: Discord rich presence disconnected reason=Discord is not running
2026-09-29T15:42:11.042266Z  WARN faf_app::infra::discord: Discord rich presence disconnected reason=Discord is not running
2026-09-29T15:42:26.051610Z  WARN faf_app::infra::discord: Discord rich presence disconnected reason=Discord is not running
2026-09-29T15:42:41.053643Z  WARN faf_app::infra::discord: Discord rich presence disconnected reason=Discord is not running
2026-09-29T15:42:56.059651Z  WARN faf_app::infra::discord: Discord rich presence disconnected reason=Discord is not running
2026-09-29T15:43:11.062602Z  WARN faf_app::infra::discord: Discord rich presence disconnected reason=Discord is not running
2026-09-29T15:43:26.076852Z  WARN faf_app::infra::discord: Discord rich presence disconnected reason=Discord is not running
2026-09-29T15:43:41.089597Z  WARN faf_app::infra::discord: Discord rich presence disconnected reason=Discord is not running
2026-09-29T15:43:45.878667Z  INFO faf_app::infra::ice_java: ICE negotiation state remote_player=370657 state="gathering"
2026-09-29T15:43:48.146214Z  INFO faf_app::infra::ice_java: ICE negotiation state remote_player=370657 state="awaitingCandidates"
2026-09-29T15:43:48.147055Z  INFO faf_app::infra::ice_java: ICE negotiation state remote_player=370657 state="checking"
2026-09-29T15:43:48.639076Z  INFO faf_app::infra::ice_java: ICE peer state remote_player=370657 connected=true
2026-09-29T15:43:48.639192Z  INFO faf_app::infra::ice_java: ICE negotiation state remote_player=370657 state="connected"
2026-09-29T15:43:56.096150Z  WARN faf_app::infra::discord: Discord rich presence disconnected reason=Discord is not running
2026-09-29T15:44:11.102883Z  WARN faf_app::infra::discord: Discord rich presence disconnected reason=Discord is not running
2026-09-29T15:44:26.118788Z  WARN faf_app::infra::discord: Discord rich presence disconnected reason=Discord is not running
2026-09-29T15:44:41.132569Z  WARN faf_app::infra::discord: Discord rich presence disconnected reason=Discord is not running
2026-09-29T15:44:50.080574Z  INFO faf_app::infra::ice_java: ICE negotiation state remote_player=539318 state="gathering"
2026-09-29T15:44:52.348427Z  INFO faf_app::infra::ice_java: ICE negotiation state remote_player=539318 state="awaitingCandidates"
2026-09-29T15:44:52.349016Z  INFO faf_app::infra::ice_java: ICE negotiation state remote_player=539318 state="checking"
2026-09-29T15:44:52.845149Z  INFO faf_app::infra::ice_java: ICE peer state remote_player=539318 connected=true
2026-09-29T15:44:52.845297Z  INFO faf_app::infra::ice_java: ICE negotiation state remote_player=539318 state="connected"
2026-09-29T15:44:56.145526Z  WARN faf_app::infra::discord: Discord rich presence disconnected reason=Discord is not running
2026-09-29T15:45:11.145938Z  WARN faf_app::infra::discord: Discord rich presence disconnected reason=Discord is not running
2026-09-29T15:45:26.159095Z  WARN faf_app::infra::discord: Discord rich presence disconnected reason=Discord is not running
2026-09-29T15:45:41.164780Z  WARN faf_app::infra::discord: Discord rich presence disconnected reason=Discord is not running
2026-09-29T15:45:56.175465Z  WARN faf_app::infra::discord: Discord rich presence disconnected reason=Discord is not running
2026-09-29T15:46:11.179533Z  WARN faf_app::infra::discord: Discord rich presence disconnected reason=Discord is not running
2026-09-29T15:46:26.187742Z  WARN faf_app::infra::discord: Discord rich presence disconnected reason=Discord is not running
2026-09-29T15:46:29.795129Z  INFO faf_app::infra::ice_java: ICE negotiation state remote_player=500892 state="gathering"
2026-09-29T15:46:32.061971Z  INFO faf_app::infra::ice_java: ICE negotiation state remote_player=500892 state="awaitingCandidates"
2026-09-29T15:46:32.062682Z  INFO faf_app::infra::ice_java: ICE negotiation state remote_player=500892 state="checking"
2026-09-29T15:46:32.559222Z  INFO faf_app::infra::ice_java: ICE peer state remote_player=500892 connected=true
2026-09-29T15:46:32.559345Z  INFO faf_app::infra::ice_java: ICE negotiation state remote_player=500892 state="connected"
2026-09-29T15:46:41.193803Z  WARN faf_app::infra::discord: Discord rich presence disconnected reason=Discord is not running
2026-09-29T15:46:56.196581Z  WARN faf_app::infra::discord: Discord rich presence disconnected reason=Discord is not running
2026-09-29T15:47:11.212079Z  WARN faf_app::infra::discord: Discord rich presence disconnected reason=Discord is not running
2026-09-29T15:47:26.221695Z  WARN faf_app::infra::discord: Discord rich presence disconnected reason=Discord is not running
2026-09-29T15:47:41.234411Z  WARN faf_app::infra::discord: Discord rich presence disconnected reason=Discord is not running
2026-09-29T15:47:56.243739Z  WARN faf_app::infra::discord: Discord rich presence disconnected reason=Discord is not running
2026-09-29T15:48:11.254407Z  WARN faf_app::infra::discord: Discord rich presence disconnected reason=Discord is not running
2026-09-29T15:48:26.265153Z  WARN faf_app::infra::discord: Discord rich presence disconnected reason=Discord is not running
2026-09-29T15:48:41.269308Z  WARN faf_app::infra::discord: Discord rich presence disconnected reason=Discord is not running
2026-09-29T15:48:56.275846Z  WARN faf_app::infra::discord: Discord rich presence disconnected reason=Discord is not running
2026-09-29T15:49:11.287935Z  WARN faf_app::infra::discord: Discord rich presence disconnected reason=Discord is not running
2026-09-29T15:49:26.294195Z  WARN faf_app::infra::discord: Discord rich presence disconnected reason=Discord is not running
2026-09-29T15:49:41.307908Z  WARN faf_app::infra::discord: Discord rich presence disconnected reason=Discord is not running
2026-09-29T15:49:47.201062Z  INFO faf_app::infra::game_updater: resolved retail FA install for fa_path path=C:\Program Files (x86)\Steam\steamapps\common\Supreme Commander Forged Alliance
2026-09-29T15:49:47.201749Z  INFO faf_app::infra::replay: generating map required by replay playback map_name="neroxis_map_generator_1.21.2_ifdwt3ukp4gpw_bifq"
2026-09-29T15:49:50.189587Z  INFO faf_app::infra::game: launching Forged Alliance argument_count=9 wrapper=""
2026-09-29T15:49:56.313374Z  WARN faf_app::infra::discord: Discord rich presence disconnected reason=Discord is not running
2026-09-29T15:50:11.319814Z  WARN faf_app::infra::discord: Discord rich presence disconnected reason=Discord is not running
2026-09-29T15:50:26.323958Z  WARN faf_app::infra::discord: Discord rich presence disconnected reason=Discord is not running
2026-09-29T15:50:41.336737Z  WARN faf_app::infra::discord: Discord rich presence disconnected reason=Discord is not running
2026-09-29T15:50:56.341215Z  WARN faf_app::infra::discord: Discord rich presence disconnected reason=Discord is not running
2026-09-29T15:51:11.351412Z  WARN faf_app::infra::discord: Discord rich presence disconnected reason=Discord is not running
2026-09-29T15:51:26.366648Z  WARN faf_app::infra::discord: Discord rich presence disconnected reason=Discord is not running
2026-09-29T15:51:41.372347Z  WARN faf_app::infra::discord: Discord rich presence disconnected reason=Discord is not running
2026-09-29T15:51:56.379701Z  WARN faf_app::infra::discord: Discord rich presence disconnected reason=Discord is not running
2026-09-29T15:52:11.380409Z  WARN faf_app::infra::discord: Discord rich presence disconnected reason=Discord is not running
2026-09-29T15:52:26.382658Z  WARN faf_app::infra::discord: Discord rich presence disconnected reason=Discord is not running
2026-09-29T15:52:41.383214Z  WARN faf_app::infra::discord: Discord rich presence disconnected reason=Discord is not running
2026-09-29T15:52:56.397364Z  WARN faf_app::infra::discord: Discord rich presence disconnected reason=Discord is not running
2026-09-29T15:53:11.409486Z  WARN faf_app::infra::discord: Discord rich presence disconnected reason=Discord is not running
2026-09-29T15:53:26.420823Z  WARN faf_app::infra::discord: Discord rich presence disconnected reason=Discord is not running
2026-09-29T15:53:41.426380Z  WARN faf_app::infra::discord: Discord rich presence disconnected reason=Discord is not running
2026-09-29T15:53:56.436851Z  WARN faf_app::infra::discord: Discord rich presence disconnected reason=Discord is not running
2026-09-29T15:54:11.443085Z  WARN faf_app::infra::discord: Discord rich presence disconnected reason=Discord is not running
2026-09-29T15:54:18.537389Z  INFO faf_app::infra::ice_java: ICE negotiation state remote_player=221424 state="gathering"
2026-09-29T15:54:20.787302Z  INFO faf_app::infra::ice_java: ICE negotiation state remote_player=221424 state="awaitingCandidates"
2026-09-29T15:54:20.787991Z  INFO faf_app::infra::ice_java: ICE negotiation state remote_player=221424 state="checking"
2026-09-29T15:54:21.157498Z  INFO faf_app::infra::ice_java: ICE peer state remote_player=221424 connected=true
2026-09-29T15:54:21.157608Z  INFO faf_app::infra::ice_java: ICE negotiation state remote_player=221424 state="connected"
2026-09-29T15:54:26.448714Z  WARN faf_app::infra::discord: Discord rich presence disconnected reason=Discord is not running
2026-09-29T15:54:41.460524Z  WARN faf_app::infra::discord: Discord rich presence disconnected reason=Discord is not running
2026-09-29T15:54:56.471890Z  WARN faf_app::infra::discord: Discord rich presence disconnected reason=Discord is not running
2026-09-29T15:55:11.476193Z  WARN faf_app::infra::discord: Discord rich presence disconnected reason=Discord is not running
2026-09-29T15:55:26.487241Z  WARN faf_app::infra::discord: Discord rich presence disconnected reason=Discord is not running
2026-09-29T15:55:37.134825Z  INFO faf_app::infra::game_updater: resolved retail FA install for fa_path path=C:\Program Files (x86)\Steam\steamapps\common\Supreme Commander Forged Alliance
2026-09-29T15:55:37.598809Z  INFO faf_app::infra::game: launching Forged Alliance argument_count=9 wrapper=""
2026-09-29T15:55:41.489667Z  WARN faf_app::infra::discord: Discord rich presence disconnected reason=Discord is not running
2026-09-29T15:55:56.501535Z  WARN faf_app::infra::discord: Discord rich presence disconnected reason=Discord is not running
2026-09-29T15:56:11.510155Z  WARN faf_app::infra::discord: Discord rich presence disconnected reason=Discord is not running
2026-09-29T15:56:26.520050Z  WARN faf_app::infra::discord: Discord rich presence disconnected reason=Discord is not running
2026-09-29T15:56:41.527435Z  WARN faf_app::infra::discord: Discord rich presence disconnected reason=Discord is not running
2026-09-29T15:56:56.533403Z  WARN faf_app::infra::discord: Discord rich presence disconnected reason=Discord is not running
2026-09-29T15:57:11.548855Z  WARN faf_app::infra::discord: Discord rich presence disconnected reason=Discord is not running
2026-09-29T15:57:26.554976Z  WARN faf_app::infra::discord: Discord rich presence disconnected reason=Discord is not running
2026-09-29T15:57:41.565630Z  WARN faf_app::infra::discord: Discord rich presence disconnected reason=Discord is not running
2026-09-29T15:57:56.573601Z  WARN faf_app::infra::discord: Discord rich presence disconnected reason=Discord is not running
2026-09-29T15:58:11.589728Z  WARN faf_app::infra::discord: Discord rich presence disconnected reason=Discord is not running
2026-09-29T15:58:26.590332Z  WARN faf_app::infra::discord: Discord rich presence disconnected reason=Discord is not running
2026-09-29T15:58:41.603584Z  WARN faf_app::infra::discord: Discord rich presence disconnected reason=Discord is not running
2026-09-29T15:58:56.606926Z  WARN faf_app::infra::discord: Discord rich presence disconnected reason=Discord is not running
2026-09-29T15:59:11.612579Z  WARN faf_app::infra::discord: Discord rich presence disconnected reason=Discord is not running
2026-09-29T15:59:26.616307Z  WARN faf_app::infra::discord: Discord rich presence disconnected reason=Discord is not running
2026-09-29T15:59:41.627799Z  WARN faf_app::infra::discord: Discord rich presence disconnected reason=Discord is not running
2026-09-29T15:59:56.634869Z  WARN faf_app::infra::discord: Discord rich presence disconnected reason=Discord is not running
2026-09-29T16:00:11.636748Z  WARN faf_app::infra::discord: Discord rich presence disconnected reason=Discord is not running
2026-09-29T16:00:19.257641Z  INFO faf_app::infra::ice_java: ICE negotiation state remote_player=127717 state="gathering"
2026-09-29T16:00:21.504111Z  INFO faf_app::infra::ice_java: ICE negotiation state remote_player=127717 state="awaitingCandidates"
2026-09-29T16:00:21.504678Z  INFO faf_app::infra::ice_java: ICE negotiation state remote_player=127717 state="checking"
2026-09-29T16:00:21.876585Z  INFO faf_app::infra::ice_java: ICE peer state remote_player=127717 connected=true
2026-09-29T16:00:21.877001Z  INFO faf_app::infra::ice_java: ICE negotiation state remote_player=127717 state="connected"
2026-09-29T16:00:26.644287Z  WARN faf_app::infra::discord: Discord rich presence disconnected reason=Discord is not running
2026-09-29T16:00:41.655887Z  WARN faf_app::infra::discord: Discord rich presence disconnected reason=Discord is not running
2026-09-29T16:00:56.665499Z  WARN faf_app::infra::discord: Discord rich presence disconnected reason=Discord is not running
2026-09-29T16:01:11.677777Z  WARN faf_app::infra::discord: Discord rich presence disconnected reason=Discord is not running
2026-09-29T16:01:21.693967Z  INFO faf_app::infra::ice_java: ICE negotiation state remote_player=249521 state="gathering"
2026-09-29T16:01:23.947957Z  INFO faf_app::infra::ice_java: ICE negotiation state remote_player=249521 state="awaitingCandidates"
2026-09-29T16:01:23.948453Z  INFO faf_app::infra::ice_java: ICE negotiation state remote_player=249521 state="checking"
2026-09-29T16:01:24.474711Z  INFO faf_app::infra::ice_java: ICE peer state remote_player=249521 connected=true
2026-09-29T16:01:24.474877Z  INFO faf_app::infra::ice_java: ICE negotiation state remote_player=249521 state="connected"
2026-09-29T16:01:26.688646Z  WARN faf_app::infra::discord: Discord rich presence disconnected reason=Discord is not running
2026-09-29T16:01:41.701501Z  WARN faf_app::infra::discord: Discord rich presence disconnected reason=Discord is not running
2026-09-29T16:01:56.705283Z  WARN faf_app::infra::discord: Discord rich presence disconnected reason=Discord is not running
2026-09-29T16:02:11.706096Z  WARN faf_app::infra::discord: Discord rich presence disconnected reason=Discord is not running
2026-09-29T16:02:26.712016Z  WARN faf_app::infra::discord: Discord rich presence disconnected reason=Discord is not running
2026-09-29T16:02:41.723299Z  WARN faf_app::infra::discord: Discord rich presence disconnected reason=Discord is not running
2026-09-29T16:02:56.737182Z  WARN faf_app::infra::discord: Discord rich presence disconnected reason=Discord is not running
2026-09-29T16:03:11.749183Z  WARN faf_app::infra::discord: Discord rich presence disconnected reason=Discord is not running
2026-09-29T16:03:26.755917Z  WARN faf_app::infra::discord: Discord rich presence disconnected reason=Discord is not running
2026-09-29T16:03:41.758860Z  WARN faf_app::infra::discord: Discord rich presence disconnected reason=Discord is not running
2026-09-29T16:03:56.773383Z  WARN faf_app::infra::discord: Discord rich presence disconnected reason=Discord is not running
2026-09-29T16:04:03.420235Z  INFO faf_app::infra::ice_java: ICE peer state remote_player=570488 connected=false
2026-09-29T16:04:03.420346Z  INFO faf_app::infra::ice_java: ICE negotiation state remote_player=570488 state="disconnected"
2026-09-29T16:04:03.433778Z  INFO faf_app::infra::ice_java: ICE negotiation state remote_player=570488 state="gathering"
2026-09-29T16:04:05.708022Z  INFO faf_app::infra::ice_java: ICE negotiation state remote_player=570488 state="awaitingCandidates"
2026-09-29T16:04:08.187834Z  INFO faf_app::infra::replay_recorder: replay recorded path=C:\ProgramData\FAForever\replays\27874114-DillyDally.fafreplay raw_bytes=5711 bytes=2279 complete=true
2026-09-29T16:04:08.188253Z  INFO faf_app::infra::replay_relay: replay uploaded to FAF game_id=27874114 bytes=5744
2026-09-29T16:04:08.606670Z  INFO faf_app::infra::ice_java: ICE adapter connection state state="Disconnected"
2026-09-29T16:04:08.645839Z  INFO faf_app::infra::ice_java: ICE peer state remote_player=565758 connected=false
2026-09-29T16:04:08.645851Z  INFO faf_app::infra::ice_java: ICE negotiation state remote_player=565758 state="disconnected"
2026-09-29T16:04:09.032037Z  INFO faf_app::services::launcher: the game process exited; releasing the launch
2026-09-29T16:04:09.053366Z  WARN faf_app::infra::ice_java: Java ICE adapter notification stream ended
2026-09-29T16:04:09.324578Z  INFO faf_app::services::launcher: launcher: game exit cleanup complete
2026-09-29T16:04:11.296733Z  INFO faf_app::infra::game_updater: resolved retail FA install for fa_path path=C:\Program Files (x86)\Steam\steamapps\common\Supreme Commander Forged Alliance
2026-09-29T16:04:11.351336Z  INFO faf_app::infra::lobby_ws: lobby issued game launch game_id=27874250
2026-09-29T16:04:11.351399Z  INFO faf_app::infra::ice_select: starting selected ICE backend backend="Java (faf-ice-adapter)"
2026-09-29T16:04:11.786060Z  WARN faf_app::infra::discord: Discord rich presence disconnected reason=Discord is not running
2026-09-29T16:04:17.989009Z  INFO faf_app::infra::game_updater: resolved retail FA install for fa_path path=C:\Program Files (x86)\Steam\steamapps\common\Supreme Commander Forged Alliance
2026-09-29T16:04:18.040843Z  INFO faf_app::infra::lobby_ws: lobby notice received style=Error text=Can't join a game while in state STARTING_GAME
2026-09-29T16:04:21.416969Z  INFO faf_app::infra::ice_java: starting Java ICE adapter game_id=27874250 rpc_port=57857 gpgnet_port=57858
2026-09-29T16:04:22.449230Z  INFO faf_app::infra::replay_recorder: recording this game's replay port=57862 game_id=27874250
2026-09-29T16:04:22.449340Z  INFO faf_app::infra::game: launching Forged Alliance argument_count=17 wrapper=""
2026-09-29T16:04:26.798661Z  WARN faf_app::infra::discord: Discord rich presence disconnected reason=Discord is not running
2026-09-29T16:04:28.402808Z  INFO faf_app::infra::ice_java: ICE adapter connection state state="Connected"
2026-09-29T16:04:41.804692Z  WARN faf_app::infra::discord: Discord rich presence disconnected reason=Discord is not running
2026-09-29T16:04:45.135942Z  INFO faf_app::services::launcher: the game process exited; releasing the launch
2026-09-29T16:04:45.166152Z  WARN faf_app::infra::ice_java: Java ICE adapter notification stream ended
2026-09-29T16:04:45.445297Z  INFO faf_app::services::launcher: launcher: game exit cleanup complete
2026-09-29T16:04:48.156457Z  INFO faf_app::infra::game_updater: resolved retail FA install for fa_path path=C:\Program Files (x86)\Steam\steamapps\common\Supreme Commander Forged Alliance
2026-09-29T16:04:48.211418Z  INFO faf_app::infra::lobby_ws: lobby issued game launch game_id=27874253
2026-09-29T16:04:48.211473Z  INFO faf_app::infra::ice_select: starting selected ICE backend backend="Java (faf-ice-adapter)"
2026-09-29T16:04:56.811769Z  WARN faf_app::infra::discord: Discord rich presence disconnected reason=Discord is not running
2026-09-29T16:04:58.274671Z  INFO faf_app::infra::ice_java: starting Java ICE adapter game_id=27874253 rpc_port=63451 gpgnet_port=63452
2026-09-29T16:04:59.292128Z  INFO faf_app::infra::replay_recorder: recording this game's replay port=63456 game_id=27874253
2026-09-29T16:04:59.292217Z  INFO faf_app::infra::game: launching Forged Alliance argument_count=17 wrapper=""
2026-09-29T16:05:05.344401Z  INFO faf_app::infra::ice_java: ICE adapter connection state state="Connected"
2026-09-29T16:05:05.748899Z  INFO faf_app::infra::ice_java: ICE negotiation state remote_player=570488 state="gathering"
2026-09-29T16:05:05.751283Z  INFO faf_app::infra::ice_java: ICE negotiation state remote_player=500892 state="gathering"
2026-09-29T16:05:05.761065Z  INFO faf_app::infra::ice_java: ICE negotiation state remote_player=370657 state="gathering"
2026-09-29T16:05:05.768989Z  INFO faf_app::infra::ice_java: ICE negotiation state remote_player=539318 state="gathering"
2026-09-29T16:05:08.113857Z  INFO faf_app::infra::ice_java: ICE negotiation state remote_player=565758 state="gathering"
2026-09-29T16:05:11.824604Z  WARN faf_app::infra::discord: Discord rich presence disconnected reason=Discord is not running
2026-09-29T16:05:12.969843Z  INFO faf_app::infra::ice_java: ICE negotiation state remote_player=539318 state="awaitingCandidates"
2026-09-29T16:05:12.983471Z  INFO faf_app::infra::ice_java: ICE negotiation state remote_player=565758 state="awaitingCandidates"
2026-09-29T16:05:12.983589Z  INFO faf_app::infra::ice_java: ICE negotiation state remote_player=570488 state="awaitingCandidates"
2026-09-29T16:05:12.987517Z  INFO faf_app::infra::ice_java: ICE negotiation state remote_player=370657 state="awaitingCandidates"
2026-09-29T16:05:12.988592Z  INFO faf_app::infra::ice_java: ICE negotiation state remote_player=500892 state="awaitingCandidates"
2026-09-29T16:05:12.999558Z  INFO faf_app::infra::ice_java: ICE negotiation state remote_player=565758 state="checking"
2026-09-29T16:05:13.791612Z  INFO faf_app::infra::ice_java: ICE peer state remote_player=565758 connected=true
2026-09-29T16:05:13.791703Z  INFO faf_app::infra::ice_java: ICE negotiation state remote_player=565758 state="connected"
2026-09-29T16:05:14.269974Z  INFO faf_app::infra::ice_java: ICE negotiation state remote_player=500892 state="checking"
2026-09-29T16:05:14.748030Z  INFO faf_app::infra::ice_java: ICE peer state remote_player=500892 connected=true
2026-09-29T16:05:14.748153Z  INFO faf_app::infra::ice_java: ICE negotiation state remote_player=500892 state="connected"
2026-09-29T16:05:15.320861Z  INFO faf_app::infra::ice_java: ICE negotiation state remote_player=570488 state="checking"
2026-09-29T16:05:15.378375Z  INFO faf_app::infra::ice_java: ICE negotiation state remote_player=370657 state="checking"
2026-09-29T16:05:15.380518Z  INFO faf_app::infra::ice_java: ICE negotiation state remote_player=539318 state="checking"
2026-09-29T16:05:15.754284Z  INFO faf_app::infra::ice_java: ICE peer state remote_player=570488 connected=true
2026-09-29T16:05:15.754885Z  INFO faf_app::infra::ice_java: ICE negotiation state remote_player=570488 state="connected"
2026-09-29T16:05:15.800044Z  INFO faf_app::infra::ice_java: ICE peer state remote_player=370657 connected=true
2026-09-29T16:05:15.800204Z  INFO faf_app::infra::ice_java: ICE negotiation state remote_player=370657 state="connected"
2026-09-29T16:05:15.845415Z  INFO faf_app::infra::ice_java: ICE peer state remote_player=539318 connected=true
2026-09-29T16:05:15.845525Z  INFO faf_app::infra::ice_java: ICE negotiation state remote_player=539318 state="connected"
2026-09-29T16:05:26.839275Z  WARN faf_app::infra::discord: Discord rich presence disconnected reason=Discord is not running
2026-09-29T16:05:34.385174Z  INFO faf_app::infra::ice_java: ICE negotiation state remote_player=384350 state="gathering"
2026-09-29T16:05:36.638074Z  INFO faf_app::infra::ice_java: ICE negotiation state remote_player=384350 state="awaitingCandidates"
2026-09-29T16:05:36.639001Z  INFO faf_app::infra::ice_java: ICE negotiation state remote_player=384350 state="checking"
2026-09-29T16:05:36.886783Z  INFO faf_app::infra::ice_java: ICE peer state remote_player=384350 connected=true
2026-09-29T16:05:36.886946Z  INFO faf_app::infra::ice_java: ICE negotiation state remote_player=384350 state="connected"
2026-09-29T16:05:37.260333Z  INFO faf_app::infra::ice_java: ICE negotiation state remote_player=127717 state="gathering"
2026-09-29T16:05:39.509975Z  INFO faf_app::infra::ice_java: ICE negotiation state remote_player=127717 state="awaitingCandidates"
2026-09-29T16:05:39.510581Z  INFO faf_app::infra::ice_java: ICE negotiation state remote_player=127717 state="checking"
2026-09-29T16:05:39.882113Z  INFO faf_app::infra::ice_java: ICE peer state remote_player=127717 connected=true
2026-09-29T16:05:39.882274Z  INFO faf_app::infra::ice_java: ICE negotiation state remote_player=127717 state="connected"
2026-09-29T16:05:41.846607Z  WARN faf_app::infra::discord: Discord rich presence disconnected reason=Discord is not running
2026-09-29T16:05:56.855910Z  WARN faf_app::infra::discord: Discord rich presence disconnected reason=Discord is not running
2026-09-29T16:06:11.869863Z  WARN faf_app::infra::discord: Discord rich presence disconnected reason=Discord is not running
2026-09-29T16:06:26.876164Z  WARN faf_app::infra::discord: Discord rich presence disconnected reason=Discord is not running
2026-09-29T16:06:41.884329Z  WARN faf_app::infra::discord: Discord rich presence disconnected reason=Discord is not running
2026-09-29T16:06:56.886919Z  WARN faf_app::infra::discord: Discord rich presence disconnected reason=Discord is not running
2026-09-29T16:07:11.895489Z  WARN faf_app::infra::discord: Discord rich presence disconnected reason=Discord is not running
2026-09-29T16:07:26.901094Z  WARN faf_app::infra::discord: Discord rich presence disconnected reason=Discord is not running
2026-09-29T16:07:41.914692Z  WARN faf_app::infra::discord: Discord rich presence disconnected reason=Discord is not running
2026-09-29T16:07:56.919130Z  WARN faf_app::infra::discord: Discord rich presence disconnected reason=Discord is not running
2026-09-29T16:08:11.923441Z  WARN faf_app::infra::discord: Discord rich presence disconnected reason=Discord is not running
2026-09-29T16:08:26.924024Z  WARN faf_app::infra::discord: Discord rich presence disconnected reason=Discord is not running
2026-09-29T16:08:41.933780Z  WARN faf_app::infra::discord: Discord rich presence disconnected reason=Discord is not running
2026-09-29T16:08:56.935028Z  WARN faf_app::infra::discord: Discord rich presence disconnected reason=Discord is not running
2026-09-29T16:09:11.939089Z  WARN faf_app::infra::discord: Discord rich presence disconnected reason=Discord is not running
2026-09-29T16:09:26.940869Z  WARN faf_app::infra::discord: Discord rich presence disconnected reason=Discord is not running
2026-09-29T16:09:41.942561Z  WARN faf_app::infra::discord: Discord rich presence disconnected reason=Discord is not running
2026-09-29T16:09:56.951236Z  WARN faf_app::infra::discord: Discord rich presence disconnected reason=Discord is not running
2026-09-29T16:10:11.962273Z  WARN faf_app::infra::discord: Discord rich presence disconnected reason=Discord is not running
2026-09-29T16:10:26.971931Z  WARN faf_app::infra::discord: Discord rich presence disconnected reason=Discord is not running
2026-09-29T16:10:41.980941Z  WARN faf_app::infra::discord: Discord rich presence disconnected reason=Discord is not running
2026-09-29T16:10:56.992216Z  WARN faf_app::infra::discord: Discord rich presence disconnected reason=Discord is not running
2026-09-29T16:11:11.993981Z  WARN faf_app::infra::discord: Discord rich presence disconnected reason=Discord is not running
2026-09-29T16:11:26.996268Z  WARN faf_app::infra::discord: Discord rich presence disconnected reason=Discord is not running
2026-09-29T16:11:42.002536Z  WARN faf_app::infra::discord: Discord rich presence disconnected reason=Discord is not running
2026-09-29T16:11:57.004033Z  WARN faf_app::infra::discord: Discord rich presence disconnected reason=Discord is not running
2026-09-29T16:12:12.009100Z  WARN faf_app::infra::discord: Discord rich presence disconnected reason=Discord is not running
2026-09-29T16:12:27.018651Z  WARN faf_app::infra::discord: Discord rich presence disconnected reason=Discord is not running
2026-09-29T16:12:42.027350Z  WARN faf_app::infra::discord: Discord rich presence disconnected reason=Discord is not running
2026-09-29T16:12:57.037091Z  WARN faf_app::infra::discord: Discord rich presence disconnected reason=Discord is not running
2026-09-29T16:13:12.051847Z  WARN faf_app::infra::discord: Discord rich presence disconnected reason=Discord is not running
2026-09-29T16:13:27.056663Z  WARN faf_app::infra::discord: Discord rich presence disconnected reason=Discord is not running
2026-09-29T16:13:42.071554Z  WARN faf_app::infra::discord: Discord rich presence disconnected reason=Discord is not running
2026-09-29T16:13:57.076134Z  WARN faf_app::infra::discord: Discord rich presence disconnected reason=Discord is not running
2026-09-29T16:14:12.082773Z  WARN faf_app::infra::discord: Discord rich presence disconnected reason=Discord is not running
2026-09-29T16:14:27.089750Z  WARN faf_app::infra::discord: Discord rich presence disconnected reason=Discord is not running
2026-09-29T16:14:42.098276Z  WARN faf_app::infra::discord: Discord rich presence disconnected reason=Discord is not running
2026-09-29T16:14:57.109037Z  WARN faf_app::infra::discord: Discord rich presence disconnected reason=Discord is not running
2026-09-29T16:15:12.112469Z  WARN faf_app::infra::discord: Discord rich presence disconnected reason=Discord is not running
2026-09-29T16:15:27.114483Z  WARN faf_app::infra::discord: Discord rich presence disconnected reason=Discord is not running
2026-09-29T16:15:42.126238Z  WARN faf_app::infra::discord: Discord rich presence disconnected reason=Discord is not running
2026-09-29T16:15:57.133086Z  WARN faf_app::infra::discord: Discord rich presence disconnected reason=Discord is not running
2026-09-29T16:16:12.145396Z  WARN faf_app::infra::discord: Discord rich presence disconnected reason=Discord is not running
2026-09-29T16:16:27.161076Z  WARN faf_app::infra::discord: Discord rich presence disconnected reason=Discord is not running
2026-09-29T16:16:42.166974Z  WARN faf_app::infra::discord: Discord rich presence disconnected reason=Discord is not running
2026-09-29T16:16:57.178976Z  WARN faf_app::infra::discord: Discord rich presence disconnected reason=Discord is not running
2026-09-29T16:17:12.191083Z  WARN faf_app::infra::discord: Discord rich presence disconnected reason=Discord is not running
2026-09-29T16:17:27.198365Z  WARN faf_app::infra::discord: Discord rich presence disconnected reason=Discord is not running
2026-09-29T16:17:42.208481Z  WARN faf_app::infra::discord: Discord rich presence disconnected reason=Discord is not running
2026-09-29T16:17:57.217076Z  WARN faf_app::infra::discord: Discord rich presence disconnected reason=Discord is not running
2026-09-29T16:18:12.226025Z  WARN faf_app::infra::discord: Discord rich presence disconnected reason=Discord is not running
2026-09-29T16:18:27.231935Z  WARN faf_app::infra::discord: Discord rich presence disconnected reason=Discord is not running
2026-09-29T16:18:42.235393Z  WARN faf_app::infra::discord: Discord rich presence disconnected reason=Discord is not running
2026-09-29T16:18:57.238292Z  WARN faf_app::infra::discord: Discord rich presence disconnected reason=Discord is not running
2026-09-29T16:19:12.244149Z  WARN faf_app::infra::discord: Discord rich presence disconnected reason=Discord is not running
2026-09-29T16:19:27.247605Z  WARN faf_app::infra::discord: Discord rich presence disconnected reason=Discord is not running
2026-09-29T16:19:42.252179Z  WARN faf_app::infra::discord: Discord rich presence disconnected reason=Discord is not running
2026-09-29T16:19:57.264626Z  WARN faf_app::infra::discord: Discord rich presence disconnected reason=Discord is not running
2026-09-29T16:20:12.272708Z  WARN faf_app::infra::discord: Discord rich presence disconnected reason=Discord is not running
2026-09-29T16:20:27.281330Z  WARN faf_app::infra::discord: Discord rich presence disconnected reason=Discord is not running
2026-09-29T16:20:42.286659Z  WARN faf_app::infra::discord: Discord rich presence disconnected reason=Discord is not running
2026-09-29T16:20:57.287752Z  WARN faf_app::infra::discord: Discord rich presence disconnected reason=Discord is not running
2026-09-29T16:21:12.298491Z  WARN faf_app::infra::discord: Discord rich presence disconnected reason=Discord is not running
2026-09-29T16:21:27.308342Z  WARN faf_app::infra::discord: Discord rich presence disconnected reason=Discord is not running
2026-09-29T16:21:42.312870Z  WARN faf_app::infra::discord: Discord rich presence disconnected reason=Discord is not running
2026-09-29T16:21:57.321233Z  WARN faf_app::infra::discord: Discord rich presence disconnected reason=Discord is not running
2026-09-29T16:22:12.332449Z  WARN faf_app::infra::discord: Discord rich presence disconnected reason=Discord is not running
2026-09-29T16:22:27.344315Z  WARN faf_app::infra::discord: Discord rich presence disconnected reason=Discord is not running
2026-09-29T16:22:42.349161Z  WARN faf_app::infra::discord: Discord rich presence disconnected reason=Discord is not running
2026-09-29T16:22:57.360602Z  WARN faf_app::infra::discord: Discord rich presence disconnected reason=Discord is not running
2026-09-29T16:23:12.374731Z  WARN faf_app::infra::discord: Discord rich presence disconnected reason=Discord is not running
2026-09-29T16:23:27.390736Z  WARN faf_app::infra::discord: Discord rich presence disconnected reason=Discord is not running
2026-09-29T16:23:42.400398Z  WARN faf_app::infra::discord: Discord rich presence disconnected reason=Discord is not running
2026-09-29T16:23:57.401156Z  WARN faf_app::infra::discord: Discord rich presence disconnected reason=Discord is not running
2026-09-29T16:24:12.403075Z  WARN faf_app::infra::discord: Discord rich presence disconnected reason=Discord is not running
2026-09-29T16:24:27.409907Z  WARN faf_app::infra::discord: Discord rich presence disconnected reason=Discord is not running
2026-09-29T16:24:42.411480Z  WARN faf_app::infra::discord: Discord rich presence disconnected reason=Discord is not running
2026-09-29T16:24:57.422677Z  WARN faf_app::infra::discord: Discord rich presence disconnected reason=Discord is not running
2026-09-29T16:25:12.435734Z  WARN faf_app::infra::discord: Discord rich presence disconnected reason=Discord is not running
2026-09-29T16:25:27.448546Z  WARN faf_app::infra::discord: Discord rich presence disconnected reason=Discord is not running
2026-09-29T16:25:42.449150Z  WARN faf_app::infra::discord: Discord rich presence disconnected reason=Discord is not running
2026-09-29T16:25:57.460319Z  WARN faf_app::infra::discord: Discord rich presence disconnected reason=Discord is not running
2026-09-29T16:26:12.465797Z  WARN faf_app::infra::discord: Discord rich presence disconnected reason=Discord is not running
2026-09-29T16:26:27.467529Z  WARN faf_app::infra::discord: Discord rich presence disconnected reason=Discord is not running
2026-09-29T16:26:42.476248Z  WARN faf_app::infra::discord: Discord rich presence disconnected reason=Discord is not running
2026-09-29T16:26:57.481051Z  WARN faf_app::infra::discord: Discord rich presence disconnected reason=Discord is not running
2026-09-29T16:27:12.484104Z  WARN faf_app::infra::discord: Discord rich presence disconnected reason=Discord is not running
2026-09-29T16:27:27.489166Z  WARN faf_app::infra::discord: Discord rich presence disconnected reason=Discord is not running
2026-09-29T16:27:42.496076Z  WARN faf_app::infra::discord: Discord rich presence disconnected reason=Discord is not running
2026-09-29T16:27:57.510769Z  WARN faf_app::infra::discord: Discord rich presence disconnected reason=Discord is not running
2026-09-29T16:28:12.526705Z  WARN faf_app::infra::discord: Discord rich presence disconnected reason=Discord is not running
2026-09-29T16:28:27.541221Z  WARN faf_app::infra::discord: Discord rich presence disconnected reason=Discord is not running
2026-09-29T16:28:42.550929Z  WARN faf_app::infra::discord: Discord rich presence disconnected reason=Discord is not running
2026-09-29T16:28:57.561880Z  WARN faf_app::infra::discord: Discord rich presence disconnected reason=Discord is not running
2026-09-29T16:29:12.565742Z  WARN faf_app::infra::discord: Discord rich presence disconnected reason=Discord is not running
2026-09-29T16:29:27.581528Z  WARN faf_app::infra::discord: Discord rich presence disconnected reason=Discord is not running
2026-09-29T16:29:42.590452Z  WARN faf_app::infra::discord: Discord rich presence disconnected reason=Discord is not running
2026-09-29T16:29:57.601320Z  WARN faf_app::infra::discord: Discord rich presence disconnected reason=Discord is not running
2026-09-29T16:30:12.606451Z  WARN faf_app::infra::discord: Discord rich presence disconnected reason=Discord is not running
2026-09-29T16:30:27.620962Z  WARN faf_app::infra::discord: Discord rich presence disconnected reason=Discord is not running
2026-09-29T16:30:42.637452Z  WARN faf_app::infra::discord: Discord rich presence disconnected reason=Discord is not running
2026-09-29T16:30:57.651255Z  WARN faf_app::infra::discord: Discord rich presence disconnected reason=Discord is not running
2026-09-29T16:31:12.663329Z  WARN faf_app::infra::discord: Discord rich presence disconnected reason=Discord is not running
2026-09-29T16:31:27.668055Z  WARN faf_app::infra::discord: Discord rich presence disconnected reason=Discord is not running
2026-09-29T16:31:42.683909Z  WARN faf_app::infra::discord: Discord rich presence disconnected reason=Discord is not running
2026-09-29T16:31:57.695417Z  WARN faf_app::infra::discord: Discord rich presence disconnected reason=Discord is not running
2026-09-29T16:32:12.708505Z  WARN faf_app::infra::discord: Discord rich presence disconnected reason=Discord is not running
2026-09-29T16:32:27.724007Z  WARN faf_app::infra::discord: Discord rich presence disconnected reason=Discord is not running
2026-09-29T16:32:42.728034Z  WARN faf_app::infra::discord: Discord rich presence disconnected reason=Discord is not running
2026-09-29T16:32:57.742041Z  WARN faf_app::infra::discord: Discord rich presence disconnected reason=Discord is not running
2026-09-29T16:33:12.745614Z  WARN faf_app::infra::discord: Discord rich presence disconnected reason=Discord is not running
2026-09-29T16:33:27.761050Z  WARN faf_app::infra::discord: Discord rich presence disconnected reason=Discord is not running
2026-09-29T16:33:42.777854Z  WARN faf_app::infra::discord: Discord rich presence disconnected reason=Discord is not running
2026-09-29T16:33:57.781171Z  WARN faf_app::infra::discord: Discord rich presence disconnected reason=Discord is not running
2026-09-29T16:34:12.794896Z  WARN faf_app::infra::discord: Discord rich presence disconnected reason=Discord is not running
2026-09-29T16:34:27.802648Z  WARN faf_app::infra::discord: Discord rich presence disconnected reason=Discord is not running
2026-09-29T16:34:42.817696Z  WARN faf_app::infra::discord: Discord rich presence disconnected reason=Discord is not running
2026-09-29T16:34:57.821673Z  WARN faf_app::infra::discord: Discord rich presence disconnected reason=Discord is not running
2026-09-29T16:35:12.824984Z  WARN faf_app::infra::discord: Discord rich presence disconnected reason=Discord is not running
2026-09-29T16:35:27.829062Z  WARN faf_app::infra::discord: Discord rich presence disconnected reason=Discord is not running
2026-09-29T16:35:42.831829Z  WARN faf_app::infra::discord: Discord rich presence disconnected reason=Discord is not running
2026-09-29T16:35:57.839888Z  WARN faf_app::infra::discord: Discord rich presence disconnected reason=Discord is not running
2026-09-29T16:36:12.848627Z  WARN faf_app::infra::discord: Discord rich presence disconnected reason=Discord is not running
2026-09-29T16:36:27.854138Z  WARN faf_app::infra::discord: Discord rich presence disconnected reason=Discord is not running
2026-09-29T16:36:42.856567Z  WARN faf_app::infra::discord: Discord rich presence disconnected reason=Discord is not running
2026-09-29T16:36:57.867916Z  WARN faf_app::infra::discord: Discord rich presence disconnected reason=Discord is not running
2026-09-29T16:37:12.880122Z  WARN faf_app::infra::discord: Discord rich presence disconnected reason=Discord is not running
2026-09-29T16:37:27.884418Z  WARN faf_app::infra::discord: Discord rich presence disconnected reason=Discord is not running
2026-09-29T16:37:42.886960Z  WARN faf_app::infra::discord: Discord rich presence disconnected reason=Discord is not running
2026-09-29T16:37:44.854356Z  INFO faf_app::infra::ice_java: ICE adapter connection state state="Disconnected"
2026-09-29T16:37:44.858127Z  INFO faf_app::infra::replay_recorder: replay recorded path=C:\ProgramData\FAForever\replays\27874253-DillyDally.fafreplay raw_bytes=1642136 bytes=214732 complete=true
2026-09-29T16:37:44.865466Z  INFO faf_app::infra::replay_relay: replay uploaded to FAF game_id=27874253 bytes=1642169
2026-09-29T16:37:44.867228Z  INFO faf_app::infra::ice_java: ICE peer state remote_player=370657 connected=false
2026-09-29T16:37:44.868092Z  INFO faf_app::infra::ice_java: ICE negotiation state remote_player=370657 state="disconnected"
2026-09-29T16:37:45.372862Z  INFO faf_app::services::launcher: the game process exited; releasing the launch
2026-09-29T16:37:45.395049Z  WARN faf_app::infra::ice_java: Java ICE adapter notification stream ended
2026-09-29T16:37:45.673986Z  INFO faf_app::services::launcher: launcher: game exit cleanup complete
2026-09-29T16:37:57.901570Z  WARN faf_app::infra::discord: Discord rich presence disconnected reason=Discord is not running
2026-09-29T16:38:12.907581Z  WARN faf_app::infra::discord: Discord rich presence disconnected reason=Discord is not running
2026-09-29T16:38:27.909752Z  WARN faf_app::infra::discord: Discord rich presence disconnected reason=Discord is not running
2026-09-29T16:38:43.122402Z  INFO faf_app::infra::discord: Discord rich presence connected
2026-09-29T16:39:48.911267Z  INFO faf_app::infra::game_updater: resolved retail FA install for fa_path path=C:\Program Files (x86)\Steam\steamapps\common\Supreme Commander Forged Alliance
2026-09-29T16:39:48.965978Z  INFO faf_app::infra::lobby_ws: lobby issued game launch game_id=27874417
2026-09-29T16:39:48.966037Z  INFO faf_app::infra::ice_select: starting selected ICE backend backend="Java (faf-ice-adapter)"
2026-09-29T16:39:59.042484Z  INFO faf_app::infra::ice_java: starting Java ICE adapter game_id=27874417 rpc_port=62720 gpgnet_port=62721
2026-09-29T16:40:00.069550Z  INFO faf_app::infra::replay_recorder: recording this game's replay port=62725 game_id=27874417
2026-09-29T16:40:00.069656Z  INFO faf_app::infra::game: launching Forged Alliance argument_count=17 wrapper=""
2026-09-29T16:40:05.956057Z  INFO faf_app::infra::ice_java: ICE adapter connection state state="Connected"
2026-09-29T16:40:06.362042Z  INFO faf_app::infra::ice_java: ICE negotiation state remote_player=127717 state="gathering"
2026-09-29T16:40:06.364433Z  INFO faf_app::infra::ice_java: ICE negotiation state remote_player=570488 state="gathering"
2026-09-29T16:40:08.743909Z  INFO faf_app::infra::ice_java: ICE negotiation state remote_player=565758 state="gathering"
2026-09-29T16:40:12.016123Z  INFO faf_app::infra::ice_java: ICE negotiation state remote_player=370657 state="gathering"
2026-09-29T16:40:13.699173Z  INFO faf_app::infra::ice_java: ICE negotiation state remote_player=127717 state="awaitingCandidates"
2026-09-29T16:40:13.699209Z  INFO faf_app::infra::ice_java: ICE negotiation state remote_player=570488 state="awaitingCandidates"
2026-09-29T16:40:13.699220Z  INFO faf_app::infra::ice_java: ICE negotiation state remote_player=565758 state="awaitingCandidates"
2026-09-29T16:40:13.704136Z  INFO faf_app::infra::ice_java: ICE negotiation state remote_player=565758 state="checking"
2026-09-29T16:40:14.282593Z  INFO faf_app::infra::ice_java: ICE negotiation state remote_player=370657 state="awaitingCandidates"
2026-09-29T16:40:14.283640Z  INFO faf_app::infra::ice_java: ICE negotiation state remote_player=370657 state="checking"
2026-09-29T16:40:14.481114Z  INFO faf_app::infra::ice_java: ICE peer state remote_player=565758 connected=true
2026-09-29T16:40:14.481300Z  INFO faf_app::infra::ice_java: ICE negotiation state remote_player=565758 state="connected"
2026-09-29T16:40:14.894970Z  INFO faf_app::infra::ice_java: ICE peer state remote_player=370657 connected=true
2026-09-29T16:40:14.895082Z  INFO faf_app::infra::ice_java: ICE negotiation state remote_player=370657 state="connected"
2026-09-29T16:40:14.993958Z  INFO faf_app::infra::ice_java: ICE negotiation state remote_player=127717 state="checking"
2026-09-29T16:40:15.323796Z  INFO faf_app::infra::ice_java: ICE peer state remote_player=127717 connected=true
2026-09-29T16:40:15.323970Z  INFO faf_app::infra::ice_java: ICE negotiation state remote_player=127717 state="connected"
2026-09-29T16:40:16.040288Z  INFO faf_app::infra::ice_java: ICE negotiation state remote_player=570488 state="checking"
2026-09-29T16:40:16.457609Z  WARN faf_app::infra::discord: Discord returned an error code=4000 child "activity" fails because [child "assets" fails because [child "large_text" fails because ["large_text" is not allowed to be empty]]]
2026-09-29T16:40:16.500971Z  INFO faf_app::infra::ice_java: ICE peer state remote_player=570488 connected=true
2026-09-29T16:40:16.501114Z  INFO faf_app::infra::ice_java: ICE negotiation state remote_player=570488 state="connected"
2026-09-29T16:40:32.378756Z  WARN faf_app::infra::discord: Discord returned an error code=4000 child "activity" fails because [child "assets" fails because [child "large_text" fails because ["large_text" is not allowed to be empty]]]
2026-09-29T16:42:02.522294Z  INFO faf_app::infra::lobby_ws: lobby notice received style=Error text=Can't join a queue while DillyDally is in state JOINING
2026-09-29T16:42:02.543927Z  INFO faf_app::infra::lobby_ws: lobby notice received style=Error text=Can't join a queue while DillyDally is in state JOINING
2026-09-29T16:42:02.543944Z  INFO faf_app::infra::lobby_ws: lobby notice received style=Error text=Can't join a queue while DillyDally is in state JOINING
2026-09-29T16:42:02.543947Z  INFO faf_app::infra::lobby_ws: lobby notice received style=Error text=Can't join a queue while DillyDally is in state JOINING
2026-09-29T16:42:18.047049Z  WARN faf_app::infra::discord: Discord rich presence disconnected reason=Discord closed the connection
2026-09-29T16:42:33.048238Z  WARN faf_app::infra::discord: Discord rich presence disconnected reason=Discord is not running
2026-09-29T16:42:48.051335Z  WARN faf_app::infra::discord: Discord rich presence disconnected reason=Discord is not running
2026-09-29T16:43:02.896805Z  INFO faf_app::infra::ice_java: ICE negotiation state remote_player=517 state="gathering"
2026-09-29T16:43:03.061422Z  WARN faf_app::infra::discord: Discord rich presence disconnected reason=Discord is not running
2026-09-29T16:43:05.163200Z  INFO faf_app::infra::ice_java: ICE negotiation state remote_player=517 state="awaitingCandidates"
2026-09-29T16:43:05.163795Z  INFO faf_app::infra::ice_java: ICE negotiation state remote_player=517 state="checking"
2026-09-29T16:43:05.715540Z  INFO faf_app::infra::ice_java: ICE peer state remote_player=517 connected=true
2026-09-29T16:43:05.715687Z  INFO faf_app::infra::ice_java: ICE negotiation state remote_player=517 state="connected"
2026-09-29T16:43:18.064954Z  WARN faf_app::infra::discord: Discord rich presence disconnected reason=Discord is not running
2026-09-29T16:43:33.072985Z  WARN faf_app::infra::discord: Discord rich presence disconnected reason=Discord is not running
2026-09-29T16:43:48.085163Z  WARN faf_app::infra::discord: Discord rich presence disconnected reason=Discord is not running
2026-09-29T16:44:03.095974Z  WARN faf_app::infra::discord: Discord rich presence disconnected reason=Discord is not running
2026-09-29T16:44:18.108732Z  WARN faf_app::infra::discord: Discord rich presence disconnected reason=Discord is not running
2026-09-29T16:44:33.121590Z  WARN faf_app::infra::discord: Discord rich presence disconnected reason=Discord is not running
2026-09-29T16:44:48.130372Z  WARN faf_app::infra::discord: Discord rich presence disconnected reason=Discord is not running
2026-09-29T16:45:03.138970Z  WARN faf_app::infra::discord: Discord rich presence disconnected reason=Discord is not running
2026-09-29T16:45:18.144330Z  WARN faf_app::infra::discord: Discord rich presence disconnected reason=Discord is not running
2026-09-29T16:45:33.146185Z  WARN faf_app::infra::discord: Discord rich presence disconnected reason=Discord is not running
2026-09-29T16:45:37.670846Z  INFO faf_app::infra::ice_java: ICE negotiation state remote_player=18199 state="gathering"
2026-09-29T16:45:38.671182Z  INFO faf_app::infra::ice_java: ICE negotiation state remote_player=500892 state="gathering"
2026-09-29T16:45:39.928647Z  INFO faf_app::infra::ice_java: ICE negotiation state remote_player=18199 state="awaitingCandidates"
2026-09-29T16:45:39.929217Z  INFO faf_app::infra::ice_java: ICE negotiation state remote_player=18199 state="checking"
2026-09-29T16:45:40.205795Z  INFO faf_app::infra::ice_java: ICE peer state remote_player=18199 connected=true
2026-09-29T16:45:40.205895Z  INFO faf_app::infra::ice_java: ICE negotiation state remote_player=18199 state="connected"
2026-09-29T16:45:40.945297Z  INFO faf_app::infra::ice_java: ICE negotiation state remote_player=500892 state="awaitingCandidates"
2026-09-29T16:45:40.946285Z  INFO faf_app::infra::ice_java: ICE negotiation state remote_player=500892 state="checking"
2026-09-29T16:45:41.438321Z  INFO faf_app::infra::ice_java: ICE peer state remote_player=500892 connected=true
2026-09-29T16:45:41.438525Z  INFO faf_app::infra::ice_java: ICE negotiation state remote_player=500892 state="connected"
2026-09-29T16:45:48.147065Z  WARN faf_app::infra::discord: Discord rich presence disconnected reason=Discord is not running
2026-09-29T16:46:03.159035Z  WARN faf_app::infra::discord: Discord rich presence disconnected reason=Discord is not running
2026-09-29T16:46:18.161305Z  WARN faf_app::infra::discord: Discord rich presence disconnected reason=Discord is not running
2026-09-29T16:46:33.177211Z  WARN faf_app::infra::discord: Discord rich presence disconnected reason=Discord is not running
2026-09-29T16:46:48.182039Z  WARN faf_app::infra::discord: Discord rich presence disconnected reason=Discord is not running
2026-09-29T16:46:58.991223Z  INFO faf_app::infra::ice_java: ICE negotiation state remote_player=295486 state="gathering"
2026-09-29T16:47:01.264903Z  INFO faf_app::infra::ice_java: ICE negotiation state remote_player=295486 state="awaitingCandidates"
2026-09-29T16:47:01.265903Z  INFO faf_app::infra::ice_java: ICE negotiation state remote_player=295486 state="checking"
2026-09-29T16:47:01.664316Z  INFO faf_app::infra::ice_java: ICE peer state remote_player=295486 connected=true
2026-09-29T16:47:01.664482Z  INFO faf_app::infra::ice_java: ICE negotiation state remote_player=295486 state="connected"
2026-09-29T16:47:03.188597Z  WARN faf_app::infra::discord: Discord rich presence disconnected reason=Discord is not running
2026-09-29T16:47:18.190374Z  WARN faf_app::infra::discord: Discord rich presence disconnected reason=Discord is not running
2026-09-29T16:47:33.198935Z  WARN faf_app::infra::discord: Discord rich presence disconnected reason=Discord is not running
2026-09-29T16:47:48.211820Z  WARN faf_app::infra::discord: Discord rich presence disconnected reason=Discord is not running
2026-09-29T16:48:03.220914Z  WARN faf_app::infra::discord: Discord rich presence disconnected reason=Discord is not running
2026-09-29T16:48:18.232611Z  WARN faf_app::infra::discord: Discord rich presence disconnected reason=Discord is not running
2026-09-29T16:48:33.245821Z  WARN faf_app::infra::discord: Discord rich presence disconnected reason=Discord is not running
2026-09-29T16:48:48.256277Z  WARN faf_app::infra::discord: Discord rich presence disconnected reason=Discord is not running
2026-09-29T16:49:03.260080Z  WARN faf_app::infra::discord: Discord rich presence disconnected reason=Discord is not running
2026-09-29T16:49:18.266735Z  WARN faf_app::infra::discord: Discord rich presence disconnected reason=Discord is not running
2026-09-29T16:49:33.267662Z  WARN faf_app::infra::discord: Discord rich presence disconnected reason=Discord is not running
2026-09-29T16:49:48.277147Z  WARN faf_app::infra::discord: Discord rich presence disconnected reason=Discord is not running
2026-09-29T16:50:03.285531Z  WARN faf_app::infra::discord: Discord rich presence disconnected reason=Discord is not running
2026-09-29T16:50:18.288213Z  WARN faf_app::infra::discord: Discord rich presence disconnected reason=Discord is not running
2026-09-29T16:50:33.292164Z  WARN faf_app::infra::discord: Discord rich presence disconnected reason=Discord is not running
2026-09-29T16:50:48.295980Z  WARN faf_app::infra::discord: Discord rich presence disconnected reason=Discord is not running
2026-09-29T16:51:03.301006Z  WARN faf_app::infra::discord: Discord rich presence disconnected reason=Discord is not running
2026-09-29T16:51:18.312169Z  WARN faf_app::infra::discord: Discord rich presence disconnected reason=Discord is not running
2026-09-29T16:51:33.315833Z  WARN faf_app::infra::discord: Discord rich presence disconnected reason=Discord is not running
2026-09-29T16:51:48.321452Z  WARN faf_app::infra::discord: Discord rich presence disconnected reason=Discord is not running
2026-09-29T16:52:03.331484Z  WARN faf_app::infra::discord: Discord rich presence disconnected reason=Discord is not running
2026-09-29T16:52:18.338958Z  WARN faf_app::infra::discord: Discord rich presence disconnected reason=Discord is not running
2026-09-29T16:52:33.340962Z  WARN faf_app::infra::discord: Discord rich presence disconnected reason=Discord is not running
2026-09-29T16:52:48.356135Z  WARN faf_app::infra::discord: Discord rich presence disconnected reason=Discord is not running
2026-09-29T16:53:03.368352Z  WARN faf_app::infra::discord: Discord rich presence disconnected reason=Discord is not running
2026-09-29T16:53:18.369979Z  WARN faf_app::infra::discord: Discord rich presence disconnected reason=Discord is not running
2026-09-29T16:53:33.375798Z  WARN faf_app::infra::discord: Discord rich presence disconnected reason=Discord is not running
2026-09-29T16:53:48.377696Z  WARN faf_app::infra::discord: Discord rich presence disconnected reason=Discord is not running
2026-09-29T16:54:03.389980Z  WARN faf_app::infra::discord: Discord rich presence disconnected reason=Discord is not running
2026-09-29T16:54:18.395210Z  WARN faf_app::infra::discord: Discord rich presence disconnected reason=Discord is not running
2026-09-29T16:54:33.401839Z  WARN faf_app::infra::discord: Discord rich presence disconnected reason=Discord is not running
2026-09-29T16:54:48.404575Z  WARN faf_app::infra::discord: Discord rich presence disconnected reason=Discord is not running
2026-09-29T16:55:03.414820Z  WARN faf_app::infra::discord: Discord rich presence disconnected reason=Discord is not running
2026-09-29T16:55:18.419869Z  WARN faf_app::infra::discord: Discord rich presence disconnected reason=Discord is not running
2026-09-29T16:55:33.422458Z  WARN faf_app::infra::discord: Discord rich presence disconnected reason=Discord is not running
2026-09-29T16:55:48.427185Z  WARN faf_app::infra::discord: Discord rich presence disconnected reason=Discord is not running
2026-09-29T16:56:03.437943Z  WARN faf_app::infra::discord: Discord rich presence disconnected reason=Discord is not running
2026-09-29T16:56:18.448366Z  WARN faf_app::infra::discord: Discord rich presence disconnected reason=Discord is not running
2026-09-29T16:56:33.462537Z  WARN faf_app::infra::discord: Discord rich presence disconnected reason=Discord is not running
2026-09-29T16:56:48.469797Z  WARN faf_app::infra::discord: Discord rich presence disconnected reason=Discord is not running
2026-09-29T16:57:03.474140Z  WARN faf_app::infra::discord: Discord rich presence disconnected reason=Discord is not running
2026-09-29T16:57:18.485676Z  WARN faf_app::infra::discord: Discord rich presence disconnected reason=Discord is not running
2026-09-29T16:57:33.489178Z  WARN faf_app::infra::discord: Discord rich presence disconnected reason=Discord is not running
2026-09-29T16:57:48.491959Z  WARN faf_app::infra::discord: Discord rich presence disconnected reason=Discord is not running
2026-09-29T16:58:03.498033Z  WARN faf_app::infra::discord: Discord rich presence disconnected reason=Discord is not running
2026-09-29T16:58:18.504604Z  WARN faf_app::infra::discord: Discord rich presence disconnected reason=Discord is not running
2026-09-29T16:58:33.513358Z  WARN faf_app::infra::discord: Discord rich presence disconnected reason=Discord is not running
2026-09-29T16:58:48.526431Z  WARN faf_app::infra::discord: Discord rich presence disconnected reason=Discord is not running
2026-09-29T16:59:03.532896Z  WARN faf_app::infra::discord: Discord rich presence disconnected reason=Discord is not running
2026-09-29T16:59:18.534795Z  WARN faf_app::infra::discord: Discord rich presence disconnected reason=Discord is not running
2026-09-29T16:59:33.542042Z  WARN faf_app::infra::discord: Discord rich presence disconnected reason=Discord is not running
2026-09-29T16:59:48.546257Z  WARN faf_app::infra::discord: Discord rich presence disconnected reason=Discord is not running
2026-09-29T17:00:03.548671Z  WARN faf_app::infra::discord: Discord rich presence disconnected reason=Discord is not running
2026-09-29T17:00:18.562797Z  WARN faf_app::infra::discord: Discord rich presence disconnected reason=Discord is not running
2026-09-29T17:00:33.568480Z  WARN faf_app::infra::discord: Discord rich presence disconnected reason=Discord is not running
2026-09-29T17:00:48.570039Z  WARN faf_app::infra::discord: Discord rich presence disconnected reason=Discord is not running
2026-09-29T17:01:03.580890Z  WARN faf_app::infra::discord: Discord rich presence disconnected reason=Discord is not running
2026-09-29T17:01:18.587227Z  WARN faf_app::infra::discord: Discord rich presence disconnected reason=Discord is not running
2026-09-29T17:01:33.588858Z  WARN faf_app::infra::discord: Discord rich presence disconnected reason=Discord is not running
2026-09-29T17:01:48.603591Z  WARN faf_app::infra::discord: Discord rich presence disconnected reason=Discord is not running
2026-09-29T17:01:55.791973Z  INFO faf_app::infra::ice_java: ICE peer state remote_player=570488 connected=false
2026-09-29T17:01:55.792330Z  INFO faf_app::infra::ice_java: ICE negotiation state remote_player=570488 state="disconnected"
2026-09-29T17:01:55.798832Z  INFO faf_app::infra::ice_java: ICE negotiation state remote_player=570488 state="gathering"
2026-09-29T17:01:58.066927Z  INFO faf_app::infra::ice_java: ICE negotiation state remote_player=570488 state="awaitingCandidates"
2026-09-29T17:02:03.612530Z  WARN faf_app::infra::discord: Discord rich presence disconnected reason=Discord is not running
2026-09-29T17:02:04.077454Z  INFO faf_app::infra::ice_java: ICE negotiation state remote_player=570488 state="disconnected"
2026-09-29T17:02:09.081802Z  INFO faf_app::infra::ice_java: ICE negotiation state remote_player=570488 state="gathering"
2026-09-29T17:02:11.329872Z  INFO faf_app::infra::ice_java: ICE negotiation state remote_player=570488 state="awaitingCandidates"
2026-09-29T17:02:17.346447Z  INFO faf_app::infra::ice_java: ICE negotiation state remote_player=570488 state="disconnected"
2026-09-29T17:02:18.621685Z  WARN faf_app::infra::discord: Discord rich presence disconnected reason=Discord is not running
2026-09-29T17:02:22.362675Z  INFO faf_app::infra::ice_java: ICE negotiation state remote_player=570488 state="gathering"
2026-09-29T17:02:24.630198Z  INFO faf_app::infra::ice_java: ICE negotiation state remote_player=570488 state="awaitingCandidates"
2026-09-29T17:02:30.638844Z  INFO faf_app::infra::ice_java: ICE negotiation state remote_player=570488 state="disconnected"
2026-09-29T17:02:33.633606Z  WARN faf_app::infra::discord: Discord rich presence disconnected reason=Discord is not running
2026-09-29T17:02:35.651646Z  INFO faf_app::infra::ice_java: ICE negotiation state remote_player=570488 state="gathering"
2026-09-29T17:02:37.910712Z  INFO faf_app::infra::ice_java: ICE negotiation state remote_player=570488 state="awaitingCandidates"
2026-09-29T17:02:43.918193Z  INFO faf_app::infra::ice_java: ICE negotiation state remote_player=570488 state="disconnected"
2026-09-29T17:02:48.639908Z  WARN faf_app::infra::discord: Discord rich presence disconnected reason=Discord is not running
2026-09-29T17:02:48.936418Z  INFO faf_app::infra::ice_java: ICE negotiation state remote_player=570488 state="gathering"
2026-09-29T17:02:51.201982Z  INFO faf_app::infra::ice_java: ICE negotiation state remote_player=570488 state="awaitingCandidates"
2026-09-29T17:02:57.207948Z  INFO faf_app::infra::ice_java: ICE negotiation state remote_player=570488 state="disconnected"
2026-09-29T17:03:02.217976Z  INFO faf_app::infra::ice_java: ICE negotiation state remote_player=570488 state="gathering"
2026-09-29T17:03:03.644922Z  WARN faf_app::infra::discord: Discord rich presence disconnected reason=Discord is not running
2026-09-29T17:03:04.487511Z  INFO faf_app::infra::ice_java: ICE negotiation state remote_player=570488 state="awaitingCandidates"
2026-09-29T17:03:10.489365Z  INFO faf_app::infra::ice_java: ICE negotiation state remote_player=570488 state="disconnected"
2026-09-29T17:03:15.498953Z  INFO faf_app::infra::ice_java: ICE negotiation state remote_player=570488 state="gathering"
2026-09-29T17:03:17.753703Z  INFO faf_app::infra::ice_java: ICE negotiation state remote_player=570488 state="awaitingCandidates"
2026-09-29T17:03:18.653197Z  WARN faf_app::infra::discord: Discord rich presence disconnected reason=Discord is not running
2026-09-29T17:03:23.103211Z  INFO faf_app::infra::ice_java: ICE adapter connection state state="Disconnected"
2026-09-29T17:03:23.103881Z  INFO faf_app::infra::replay_recorder: replay recorded path=C:\ProgramData\FAForever\replays\27874417-DillyDally.fafreplay raw_bytes=823863 bytes=120566 complete=true
2026-09-29T17:03:23.111094Z  INFO faf_app::infra::replay_relay: replay uploaded to FAF game_id=27874417 bytes=823896
2026-09-29T17:03:23.132998Z  INFO faf_app::infra::ice_java: ICE peer state remote_player=565758 connected=false
2026-09-29T17:03:23.134193Z  INFO faf_app::infra::ice_java: ICE negotiation state remote_player=565758 state="disconnected"
2026-09-29T17:03:23.532193Z  INFO faf_app::services::launcher: the game process exited; releasing the launch
2026-09-29T17:03:23.557697Z  WARN faf_app::infra::ice_java: Java ICE adapter notification stream ended
2026-09-29T17:03:23.937059Z  INFO faf_app::services::launcher: launcher: game exit cleanup complete
2026-09-29T17:03:33.669966Z  WARN faf_app::infra::discord: Discord rich presence disconnected reason=Discord is not running
2026-09-29T17:03:48.683510Z  WARN faf_app::infra::discord: Discord rich presence disconnected reason=Discord is not running
2026-09-29T17:04:03.686778Z  WARN faf_app::infra::discord: Discord rich presence disconnected reason=Discord is not running
2026-09-29T17:04:11.620004Z  INFO faf_app::infra::game_updater: resolved retail FA install for fa_path path=C:\Program Files (x86)\Steam\steamapps\common\Supreme Commander Forged Alliance
2026-09-29T17:04:11.676068Z  INFO faf_app::infra::lobby_ws: lobby issued game launch game_id=27874555
2026-09-29T17:04:11.676103Z  INFO faf_app::infra::ice_select: starting selected ICE backend backend="Java (faf-ice-adapter)"
2026-09-29T17:04:18.698589Z  WARN faf_app::infra::discord: Discord rich presence disconnected reason=Discord is not running
2026-09-29T17:04:21.742291Z  INFO faf_app::infra::ice_java: starting Java ICE adapter game_id=27874555 rpc_port=57563 gpgnet_port=57564
2026-09-29T17:04:22.787741Z  INFO faf_app::infra::replay_recorder: recording this game's replay port=57567 game_id=27874555
2026-09-29T17:04:22.787820Z  INFO faf_app::infra::game: launching Forged Alliance argument_count=17 wrapper=""
2026-09-29T17:04:29.637593Z  INFO faf_app::infra::ice_java: ICE adapter connection state state="Connected"
2026-09-29T17:04:33.708065Z  WARN faf_app::infra::discord: Discord rich presence disconnected reason=Discord is not running
2026-09-29T17:04:36.042897Z  INFO faf_app::infra::ice_java: ICE negotiation state remote_player=370657 state="gathering"
2026-09-29T17:04:37.622519Z  INFO faf_app::infra::ice_java: ICE negotiation state remote_player=565758 state="gathering"
2026-09-29T17:04:43.192645Z  INFO faf_app::infra::ice_java: ICE negotiation state remote_player=370657 state="awaitingCandidates"
2026-09-29T17:04:43.197111Z  INFO faf_app::infra::ice_java: ICE negotiation state remote_player=370657 state="checking"
2026-09-29T17:04:44.465405Z  INFO faf_app::infra::ice_java: ICE negotiation state remote_player=565758 state="awaitingCandidates"
2026-09-29T17:04:44.466553Z  INFO faf_app::infra::ice_java: ICE negotiation state remote_player=565758 state="checking"
2026-09-29T17:04:48.722138Z  WARN faf_app::infra::discord: Discord rich presence disconnected reason=Discord is not running
2026-09-29T17:04:49.223649Z  INFO faf_app::infra::ice_java: ICE negotiation state remote_player=370657 state="disconnected"
2026-09-29T17:04:49.230091Z  INFO faf_app::infra::ice_java: ICE negotiation state remote_player=370657 state="gathering"
2026-09-29T17:04:50.937086Z  INFO faf_app::infra::ice_java: ICE negotiation state remote_player=565758 state="disconnected"
2026-09-29T17:04:50.941744Z  INFO faf_app::infra::ice_java: ICE negotiation state remote_player=565758 state="gathering"
2026-09-29T17:04:51.502306Z  INFO faf_app::infra::ice_java: ICE negotiation state remote_player=370657 state="awaitingCandidates"
2026-09-29T17:04:51.504495Z  INFO faf_app::infra::ice_java: ICE negotiation state remote_player=370657 state="checking"
2026-09-29T17:04:51.902143Z  INFO faf_app::infra::ice_java: ICE peer state remote_player=370657 connected=true
2026-09-29T17:04:51.902239Z  INFO faf_app::infra::ice_java: ICE peer state remote_player=370657 connected=true
2026-09-29T17:04:51.902365Z  INFO faf_app::infra::ice_java: ICE negotiation state remote_player=370657 state="connected"
2026-09-29T17:04:51.902420Z  INFO faf_app::infra::ice_java: ICE negotiation state remote_player=370657 state="connected"
2026-09-29T17:04:53.199583Z  INFO faf_app::infra::ice_java: ICE negotiation state remote_player=565758 state="awaitingCandidates"
2026-09-29T17:04:53.200475Z  INFO faf_app::infra::ice_java: ICE negotiation state remote_player=565758 state="checking"
2026-09-29T17:04:53.538728Z  INFO faf_app::infra::ice_java: ICE peer state remote_player=565758 connected=true
2026-09-29T17:04:53.538750Z  INFO faf_app::infra::ice_java: ICE peer state remote_player=565758 connected=true
2026-09-29T17:04:53.538916Z  INFO faf_app::infra::ice_java: ICE negotiation state remote_player=565758 state="connected"
2026-09-29T17:04:53.538940Z  INFO faf_app::infra::ice_java: ICE negotiation state remote_player=565758 state="connected"
2026-09-29T17:05:03.725481Z  WARN faf_app::infra::discord: Discord rich presence disconnected reason=Discord is not running
2026-09-29T17:05:18.730494Z  WARN faf_app::infra::discord: Discord rich presence disconnected reason=Discord is not running
2026-09-29T17:05:33.732992Z  WARN faf_app::infra::discord: Discord rich presence disconnected reason=Discord is not running
2026-09-29T17:05:48.743115Z  WARN faf_app::infra::discord: Discord rich presence disconnected reason=Discord is not running
2026-09-29T17:06:03.754770Z  WARN faf_app::infra::discord: Discord rich presence disconnected reason=Discord is not running
2026-09-29T17:06:18.768428Z  WARN faf_app::infra::discord: Discord rich presence disconnected reason=Discord is not running
2026-09-29T17:06:33.773983Z  WARN faf_app::infra::discord: Discord rich presence disconnected reason=Discord is not running
2026-09-29T17:06:48.777662Z  WARN faf_app::infra::discord: Discord rich presence disconnected reason=Discord is not running
2026-09-29T17:07:03.792146Z  WARN faf_app::infra::discord: Discord rich presence disconnected reason=Discord is not running
2026-09-29T17:07:04.550823Z  INFO faf_app::infra::ice_java: ICE negotiation state remote_player=517 state="gathering"
2026-09-29T17:07:06.821842Z  INFO faf_app::infra::ice_java: ICE negotiation state remote_player=517 state="awaitingCandidates"
2026-09-29T17:07:06.822456Z  INFO faf_app::infra::ice_java: ICE negotiation state remote_player=517 state="checking"
2026-09-29T17:07:07.373738Z  INFO faf_app::infra::ice_java: ICE peer state remote_player=517 connected=true
2026-09-29T17:07:07.373910Z  INFO faf_app::infra::ice_java: ICE negotiation state remote_player=517 state="connected"
2026-09-29T17:07:18.803509Z  WARN faf_app::infra::discord: Discord rich presence disconnected reason=Discord is not running
2026-09-29T17:07:33.812290Z  WARN faf_app::infra::discord: Discord rich presence disconnected reason=Discord is not running
2026-09-29T17:07:48.821980Z  WARN faf_app::infra::discord: Discord rich presence disconnected reason=Discord is not running
2026-09-29T17:07:57.532096Z  INFO faf_app::infra::ice_java: ICE negotiation state remote_player=295486 state="gathering"
2026-09-29T17:07:59.785036Z  INFO faf_app::infra::ice_java: ICE negotiation state remote_player=295486 state="awaitingCandidates"
2026-09-29T17:07:59.785863Z  INFO faf_app::infra::ice_java: ICE negotiation state remote_player=295486 state="checking"
2026-09-29T17:08:00.062377Z  INFO faf_app::infra::ice_java: ICE peer state remote_player=295486 connected=true
2026-09-29T17:08:00.063134Z  INFO faf_app::infra::ice_java: ICE negotiation state remote_player=295486 state="connected"
2026-09-29T17:08:03.830085Z  WARN faf_app::infra::discord: Discord rich presence disconnected reason=Discord is not running
2026-09-29T17:08:18.845168Z  WARN faf_app::infra::discord: Discord rich presence disconnected reason=Discord is not running
2026-09-29T17:08:33.850026Z  WARN faf_app::infra::discord: Discord rich presence disconnected reason=Discord is not running
2026-09-29T17:08:48.860749Z  WARN faf_app::infra::discord: Discord rich presence disconnected reason=Discord is not running
2026-09-29T17:08:49.764603Z  INFO faf_app::infra::ice_java: ICE negotiation state remote_player=433158 state="gathering"
2026-09-29T17:08:52.034026Z  INFO faf_app::infra::ice_java: ICE negotiation state remote_player=433158 state="awaitingCandidates"
2026-09-29T17:08:52.034738Z  INFO faf_app::infra::ice_java: ICE negotiation state remote_player=433158 state="checking"
2026-09-29T17:08:52.375508Z  INFO faf_app::infra::ice_java: ICE peer state remote_player=433158 connected=true
2026-09-29T17:08:52.375803Z  INFO faf_app::infra::ice_java: ICE negotiation state remote_player=433158 state="connected"
2026-09-29T17:09:03.867554Z  WARN faf_app::infra::discord: Discord rich presence disconnected reason=Discord is not running
2026-09-29T17:09:18.881925Z  WARN faf_app::infra::discord: Discord rich presence disconnected reason=Discord is not running
2026-09-29T17:09:33.885364Z  WARN faf_app::infra::discord: Discord rich presence disconnected reason=Discord is not running
2026-09-29T17:09:36.543143Z  INFO faf_app::infra::game_updater: resolved retail FA install for fa_path path=C:\Program Files (x86)\Steam\steamapps\common\Supreme Commander Forged Alliance
2026-09-29T17:09:36.551067Z  INFO faf_app::infra::game: launching Forged Alliance argument_count=9 wrapper=""
2026-09-29T17:09:48.900271Z  WARN faf_app::infra::discord: Discord rich presence disconnected reason=Discord is not running
2026-09-29T17:09:58.423188Z  INFO faf_app::infra::ice_java: ICE negotiation state remote_player=320514 state="gathering"
2026-09-29T17:10:00.675691Z  INFO faf_app::infra::ice_java: ICE negotiation state remote_player=320514 state="awaitingCandidates"
2026-09-29T17:10:00.676334Z  INFO faf_app::infra::ice_java: ICE negotiation state remote_player=320514 state="checking"
2026-09-29T17:10:01.356154Z  INFO faf_app::infra::ice_java: ICE peer state remote_player=320514 connected=true
2026-09-29T17:10:01.356445Z  INFO faf_app::infra::ice_java: ICE negotiation state remote_player=320514 state="connected"
2026-09-29T17:10:01.910878Z  INFO faf_app::infra::ice_java: ICE negotiation state remote_player=34434 state="gathering"
2026-09-29T17:10:03.905095Z  WARN faf_app::infra::discord: Discord rich presence disconnected reason=Discord is not running
2026-09-29T17:10:04.171309Z  INFO faf_app::infra::ice_java: ICE negotiation state remote_player=34434 state="awaitingCandidates"
2026-09-29T17:10:04.172907Z  INFO faf_app::infra::ice_java: ICE negotiation state remote_player=34434 state="checking"
2026-09-29T17:10:04.938394Z  INFO faf_app::infra::ice_java: ICE peer state remote_player=34434 connected=true
2026-09-29T17:10:04.938512Z  INFO faf_app::infra::ice_java: ICE negotiation state remote_player=34434 state="connected"
2026-09-29T17:10:18.911473Z  WARN faf_app::infra::discord: Discord rich presence disconnected reason=Discord is not running
2026-09-29T17:10:24.535909Z  INFO faf_app::infra::ice_java: ICE negotiation state remote_player=361119 state="gathering"
2026-09-29T17:10:26.791682Z  INFO faf_app::infra::ice_java: ICE negotiation state remote_player=361119 state="awaitingCandidates"
2026-09-29T17:10:26.792381Z  INFO faf_app::infra::ice_java: ICE negotiation state remote_player=361119 state="checking"
2026-09-29T17:10:27.345771Z  INFO faf_app::infra::ice_java: ICE peer state remote_player=361119 connected=true
2026-09-29T17:10:27.345909Z  INFO faf_app::infra::ice_java: ICE negotiation state remote_player=361119 state="connected"
2026-09-29T17:10:33.921314Z  WARN faf_app::infra::discord: Discord rich presence disconnected reason=Discord is not running
2026-09-29T17:10:48.924166Z  WARN faf_app::infra::discord: Discord rich presence disconnected reason=Discord is not running
2026-09-29T17:11:03.929964Z  WARN faf_app::infra::discord: Discord rich presence disconnected reason=Discord is not running
2026-09-29T17:11:18.932923Z  WARN faf_app::infra::discord: Discord rich presence disconnected reason=Discord is not running
2026-09-29T17:11:33.942906Z  WARN faf_app::infra::discord: Discord rich presence disconnected reason=Discord is not running
2026-09-29T17:11:48.948279Z  WARN faf_app::infra::discord: Discord rich presence disconnected reason=Discord is not running
2026-09-29T17:12:03.954365Z  WARN faf_app::infra::discord: Discord rich presence disconnected reason=Discord is not running
2026-09-29T17:12:18.967745Z  WARN faf_app::infra::discord: Discord rich presence disconnected reason=Discord is not running
2026-09-29T17:12:33.968963Z  WARN faf_app::infra::discord: Discord rich presence disconnected reason=Discord is not running
2026-09-29T17:12:48.982052Z  WARN faf_app::infra::discord: Discord rich presence disconnected reason=Discord is not running
2026-09-29T17:13:03.996404Z  WARN faf_app::infra::discord: Discord rich presence disconnected reason=Discord is not running
2026-09-29T17:13:19.003288Z  WARN faf_app::infra::discord: Discord rich presence disconnected reason=Discord is not running
2026-09-29T17:13:34.005147Z  WARN faf_app::infra::discord: Discord rich presence disconnected reason=Discord is not running
2026-09-29T17:13:49.010091Z  WARN faf_app::infra::discord: Discord rich presence disconnected reason=Discord is not running
2026-09-29T17:14:04.024250Z  WARN faf_app::infra::discord: Discord rich presence disconnected reason=Discord is not running
2026-09-29T17:14:19.033228Z  WARN faf_app::infra::discord: Discord rich presence disconnected reason=Discord is not running
2026-09-29T17:14:34.033934Z  WARN faf_app::infra::discord: Discord rich presence disconnected reason=Discord is not running
2026-09-29T17:14:49.049316Z  WARN faf_app::infra::discord: Discord rich presence disconnected reason=Discord is not running
2026-09-29T17:15:04.056537Z  WARN faf_app::infra::discord: Discord rich presence disconnected reason=Discord is not running
2026-09-29T17:15:19.068481Z  WARN faf_app::infra::discord: Discord rich presence disconnected reason=Discord is not running
2026-09-29T17:15:34.083395Z  WARN faf_app::infra::discord: Discord rich presence disconnected reason=Discord is not running
2026-09-29T17:15:49.096146Z  WARN faf_app::infra::discord: Discord rich presence disconnected reason=Discord is not running
2026-09-29T17:16:04.108095Z  WARN faf_app::infra::discord: Discord rich presence disconnected reason=Discord is not running
2026-09-29T17:16:19.115581Z  WARN faf_app::infra::discord: Discord rich presence disconnected reason=Discord is not running
2026-09-29T17:16:34.127719Z  WARN faf_app::infra::discord: Discord rich presence disconnected reason=Discord is not running
2026-09-29T17:16:49.130484Z  WARN faf_app::infra::discord: Discord rich presence disconnected reason=Discord is not running
2026-09-29T17:17:04.138787Z  WARN faf_app::infra::discord: Discord rich presence disconnected reason=Discord is not running
2026-09-29T17:17:19.145655Z  WARN faf_app::infra::discord: Discord rich presence disconnected reason=Discord is not running
2026-09-29T17:17:34.151256Z  WARN faf_app::infra::discord: Discord rich presence disconnected reason=Discord is not running
2026-09-29T17:17:49.165189Z  WARN faf_app::infra::discord: Discord rich presence disconnected reason=Discord is not running
2026-09-29T17:18:04.171821Z  WARN faf_app::infra::discord: Discord rich presence disconnected reason=Discord is not running
2026-09-29T17:18:19.179816Z  WARN faf_app::infra::discord: Discord rich presence disconnected reason=Discord is not running
2026-09-29T17:18:34.192122Z  WARN faf_app::infra::discord: Discord rich presence disconnected reason=Discord is not running
2026-09-29T17:18:49.196913Z  WARN faf_app::infra::discord: Discord rich presence disconnected reason=Discord is not running
2026-09-29T17:19:04.212936Z  WARN faf_app::infra::discord: Discord rich presence disconnected reason=Discord is not running
2026-09-29T17:19:19.221805Z  WARN faf_app::infra::discord: Discord rich presence disconnected reason=Discord is not running
2026-09-29T17:19:34.233614Z  WARN faf_app::infra::discord: Discord rich presence disconnected reason=Discord is not running
2026-09-29T17:19:49.239772Z  WARN faf_app::infra::discord: Discord rich presence disconnected reason=Discord is not running
2026-09-29T17:20:04.254563Z  WARN faf_app::infra::discord: Discord rich presence disconnected reason=Discord is not running
2026-09-29T17:20:19.264732Z  WARN faf_app::infra::discord: Discord rich presence disconnected reason=Discord is not running
2026-09-29T17:20:34.272835Z  WARN faf_app::infra::discord: Discord rich presence disconnected reason=Discord is not running
2026-09-29T17:20:49.276313Z  WARN faf_app::infra::discord: Discord rich presence disconnected reason=Discord is not running
2026-09-29T17:21:04.282823Z  WARN faf_app::infra::discord: Discord rich presence disconnected reason=Discord is not running
2026-09-29T17:21:19.291585Z  WARN faf_app::infra::discord: Discord rich presence disconnected reason=Discord is not running
2026-09-29T17:21:34.293374Z  WARN faf_app::infra::discord: Discord rich presence disconnected reason=Discord is not running
2026-09-29T17:21:49.299807Z  WARN faf_app::infra::discord: Discord rich presence disconnected reason=Discord is not running
2026-09-29T17:22:04.303805Z  WARN faf_app::infra::discord: Discord rich presence disconnected reason=Discord is not running
2026-09-29T17:22:19.309329Z  WARN faf_app::infra::discord: Discord rich presence disconnected reason=Discord is not running
2026-09-29T17:22:34.314586Z  WARN faf_app::infra::discord: Discord rich presence disconnected reason=Discord is not running
2026-09-29T17:22:49.327302Z  WARN faf_app::infra::discord: Discord rich presence disconnected reason=Discord is not running
2026-09-29T17:23:04.340513Z  WARN faf_app::infra::discord: Discord rich presence disconnected reason=Discord is not running
2026-09-29T17:23:19.350803Z  WARN faf_app::infra::discord: Discord rich presence disconnected reason=Discord is not running
2026-09-29T17:23:34.358697Z  WARN faf_app::infra::discord: Discord rich presence disconnected reason=Discord is not running
2026-09-29T17:23:49.364825Z  WARN faf_app::infra::discord: Discord rich presence disconnected reason=Discord is not running
2026-09-29T17:24:04.374764Z  WARN faf_app::infra::discord: Discord rich presence disconnected reason=Discord is not running
2026-09-29T17:24:19.375532Z  WARN faf_app::infra::discord: Discord rich presence disconnected reason=Discord is not running
2026-09-29T17:24:34.391568Z  WARN faf_app::infra::discord: Discord rich presence disconnected reason=Discord is not running
2026-09-29T17:24:49.395337Z  WARN faf_app::infra::discord: Discord rich presence disconnected reason=Discord is not running
2026-09-29T17:25:04.405169Z  WARN faf_app::infra::discord: Discord rich presence disconnected reason=Discord is not running
2026-09-29T17:25:19.412849Z  WARN faf_app::infra::discord: Discord rich presence disconnected reason=Discord is not running
2026-09-29T17:25:34.423229Z  WARN faf_app::infra::discord: Discord rich presence disconnected reason=Discord is not running
2026-09-29T17:25:49.434693Z  WARN faf_app::infra::discord: Discord rich presence disconnected reason=Discord is not running
2026-09-29T17:26:04.443744Z  WARN faf_app::infra::discord: Discord rich presence disconnected reason=Discord is not running
2026-09-29T17:26:12.475279Z  INFO faf_app::infra::replay_recorder: replay recorded path=C:\ProgramData\FAForever\replays\27874555-DillyDally.fafreplay raw_bytes=735507 bytes=106826 complete=true
2026-09-29T17:26:12.475568Z  INFO faf_app::infra::replay_relay: replay uploaded to FAF game_id=27874555 bytes=735540
2026-09-29T17:26:12.487888Z  INFO faf_app::infra::ice_java: ICE adapter connection state state="Disconnected"
2026-09-29T17:26:12.518391Z  INFO faf_app::infra::ice_java: ICE peer state remote_player=370657 connected=false
2026-09-29T17:26:12.518538Z  INFO faf_app::infra::ice_java: ICE negotiation state remote_player=370657 state="disconnected"
2026-09-29T17:26:12.546604Z  INFO faf_app::infra::ice_java: ICE peer state remote_player=565758 connected=false
2026-09-29T17:26:12.564815Z  INFO faf_app::infra::ice_java: ICE negotiation state remote_player=565758 state="disconnected"
2026-09-29T17:26:12.963276Z  INFO faf_app::services::launcher: the game process exited; releasing the launch
2026-09-29T17:26:12.982716Z  WARN faf_app::infra::ice_java: Java ICE adapter notification stream ended
2026-09-29T17:26:13.235630Z  INFO faf_app::services::launcher: launcher: game exit cleanup complete
2026-09-29T17:26:19.455825Z  WARN faf_app::infra::discord: Discord rich presence disconnected reason=Discord is not running
2026-09-29T17:26:34.462250Z  WARN faf_app::infra::discord: Discord rich presence disconnected reason=Discord is not running
2026-09-29T17:26:49.471663Z  WARN faf_app::infra::discord: Discord rich presence disconnected reason=Discord is not running
2026-09-29T17:27:04.482924Z  WARN faf_app::infra::discord: Discord rich presence disconnected reason=Discord is not running
2026-09-29T17:27:19.494954Z  WARN faf_app::infra::discord: Discord rich presence disconnected reason=Discord is not running
2026-09-29T17:27:34.497022Z  WARN faf_app::infra::discord: Discord rich presence disconnected reason=Discord is not running
2026-09-29T17:27:49.509831Z  WARN faf_app::infra::discord: Discord rich presence disconnected reason=Discord is not running
2026-09-29T17:28:04.514668Z  WARN faf_app::infra::discord: Discord rich presence disconnected reason=Discord is not running
2026-09-29T17:28:19.516832Z  WARN faf_app::infra::discord: Discord rich presence disconnected reason=Discord is not running
2026-09-29T17:28:34.521036Z  WARN faf_app::infra::discord: Discord rich presence disconnected reason=Discord is not running
2026-09-29T17:28:49.523603Z  WARN faf_app::infra::discord: Discord rich presence disconnected reason=Discord is not running
2026-09-29T17:29:04.525517Z  WARN faf_app::infra::discord: Discord rich presence disconnected reason=Discord is not running
2026-09-29T17:29:19.532884Z  WARN faf_app::infra::discord: Discord rich presence disconnected reason=Discord is not running
2026-09-29T17:29:34.547274Z  WARN faf_app::infra::discord: Discord rich presence disconnected reason=Discord is not running
2026-09-29T17:29:49.561428Z  WARN faf_app::infra::discord: Discord rich presence disconnected reason=Discord is not running
2026-09-29T17:30:04.574342Z  WARN faf_app::infra::discord: Discord rich presence disconnected reason=Discord is not running
2026-09-29T17:30:19.579536Z  WARN faf_app::infra::discord: Discord rich presence disconnected reason=Discord is not running
2026-09-29T17:30:34.585274Z  WARN faf_app::infra::discord: Discord rich presence disconnected reason=Discord is not running
2026-09-29T17:30:49.597529Z  WARN faf_app::infra::discord: Discord rich presence disconnected reason=Discord is not running
2026-09-29T17:31:04.598450Z  WARN faf_app::infra::discord: Discord rich presence disconnected reason=Discord is not running
2026-09-29T17:31:19.609811Z  WARN faf_app::infra::discord: Discord rich presence disconnected reason=Discord is not running
2026-09-29T17:31:34.621812Z  WARN faf_app::infra::discord: Discord rich presence disconnected reason=Discord is not running
2026-09-29T17:31:49.626554Z  WARN faf_app::infra::discord: Discord rich presence disconnected reason=Discord is not running
2026-09-29T17:32:04.640804Z  WARN faf_app::infra::discord: Discord rich presence disconnected reason=Discord is not running
2026-09-29T17:32:19.647537Z  WARN faf_app::infra::discord: Discord rich presence disconnected reason=Discord is not running
2026-09-29T17:32:34.650105Z  WARN faf_app::infra::discord: Discord rich presence disconnected reason=Discord is not running
2026-09-29T17:32:49.651324Z  WARN faf_app::infra::discord: Discord rich presence disconnected reason=Discord is not running
2026-09-29T17:33:04.666409Z  WARN faf_app::infra::discord: Discord rich presence disconnected reason=Discord is not running
2026-09-29T17:33:19.674495Z  WARN faf_app::infra::discord: Discord rich presence disconnected reason=Discord is not running
2026-09-29T17:33:34.679594Z  WARN faf_app::infra::discord: Discord rich presence disconnected reason=Discord is not running
2026-09-29T17:33:49.682629Z  WARN faf_app::infra::discord: Discord rich presence disconnected reason=Discord is not running
2026-09-29T17:34:04.685111Z  WARN faf_app::infra::discord: Discord rich presence disconnected reason=Discord is not running
2026-09-29T17:34:19.691470Z  WARN faf_app::infra::discord: Discord rich presence disconnected reason=Discord is not running
2026-09-29T17:34:34.703383Z  WARN faf_app::infra::discord: Discord rich presence disconnected reason=Discord is not running
2026-09-29T17:34:49.710289Z  WARN faf_app::infra::discord: Discord rich presence disconnected reason=Discord is not running
2026-09-29T17:35:04.717129Z  WARN faf_app::infra::discord: Discord rich presence disconnected reason=Discord is not running
2026-09-29T17:35:19.729019Z  WARN faf_app::infra::discord: Discord rich presence disconnected reason=Discord is not running
2026-09-29T17:35:34.740926Z  WARN faf_app::infra::discord: Discord rich presence disconnected reason=Discord is not running
2026-09-29T17:35:49.753122Z  WARN faf_app::infra::discord: Discord rich presence disconnected reason=Discord is not running
2026-09-29T17:36:04.759202Z  WARN faf_app::infra::discord: Discord rich presence disconnected reason=Discord is not running
2026-09-29T17:36:19.763277Z  WARN faf_app::infra::discord: Discord rich presence disconnected reason=Discord is not running
2026-09-29T17:36:34.768252Z  WARN faf_app::infra::discord: Discord rich presence disconnected reason=Discord is not running
2026-09-29T17:36:49.777098Z  WARN faf_app::infra::discord: Discord rich presence disconnected reason=Discord is not running
2026-09-29T17:37:04.790364Z  WARN faf_app::infra::discord: Discord rich presence disconnected reason=Discord is not running
2026-09-29T17:37:19.793324Z  WARN faf_app::infra::discord: Discord rich presence disconnected reason=Discord is not running
2026-09-29T17:37:34.795266Z  WARN faf_app::infra::discord: Discord rich presence disconnected reason=Discord is not running
2026-09-29T17:37:49.804600Z  WARN faf_app::infra::discord: Discord rich presence disconnected reason=Discord is not running
2026-09-29T17:38:04.820249Z  WARN faf_app::infra::discord: Discord rich presence disconnected reason=Discord is not running
2026-09-29T17:38:19.835268Z  WARN faf_app::infra::discord: Discord rich presence disconnected reason=Discord is not running
2026-09-29T17:38:34.849554Z  WARN faf_app::infra::discord: Discord rich presence disconnected reason=Discord is not running
2026-09-29T17:38:49.863572Z  WARN faf_app::infra::discord: Discord rich presence disconnected reason=Discord is not running
2026-09-29T17:39:04.874925Z  WARN faf_app::infra::discord: Discord rich presence disconnected reason=Discord is not running
2026-09-29T17:39:19.883892Z  WARN faf_app::infra::discord: Discord rich presence disconnected reason=Discord is not running
2026-09-29T17:39:34.898336Z  WARN faf_app::infra::discord: Discord rich presence disconnected reason=Discord is not running
2026-09-29T17:39:49.904609Z  WARN faf_app::infra::discord: Discord rich presence disconnected reason=Discord is not running
2026-09-29T17:40:04.906609Z  WARN faf_app::infra::discord: Discord rich presence disconnected reason=Discord is not running
2026-09-29T17:40:19.908036Z  WARN faf_app::infra::discord: Discord rich presence disconnected reason=Discord is not running
2026-09-29T17:40:34.914361Z  WARN faf_app::infra::discord: Discord rich presence disconnected reason=Discord is not running
2026-09-29T17:40:49.916615Z  WARN faf_app::infra::discord: Discord rich presence disconnected reason=Discord is not running
2026-09-29T17:41:04.919206Z  WARN faf_app::infra::discord: Discord rich presence disconnected reason=Discord is not running
2026-09-29T17:41:19.931546Z  WARN faf_app::infra::discord: Discord rich presence disconnected reason=Discord is not running
2026-09-29T17:41:34.946578Z  WARN faf_app::infra::discord: Discord rich presence disconnected reason=Discord is not running
2026-09-29T17:41:49.950406Z  WARN faf_app::infra::discord: Discord rich presence disconnected reason=Discord is not running
2026-09-29T17:42:04.952372Z  WARN faf_app::infra::discord: Discord rich presence disconnected reason=Discord is not running
2026-09-29T17:42:19.958082Z  WARN faf_app::infra::discord: Discord rich presence disconnected reason=Discord is not running
2026-09-29T17:42:34.961129Z  WARN faf_app::infra::discord: Discord rich presence disconnected reason=Discord is not running
2026-09-29T17:42:49.970238Z  WARN faf_app::infra::discord: Discord rich presence disconnected reason=Discord is not running
2026-09-29T17:43:04.980967Z  WARN faf_app::infra::discord: Discord rich presence disconnected reason=Discord is not running
2026-09-29T17:43:19.988314Z  WARN faf_app::infra::discord: Discord rich presence disconnected reason=Discord is not running
2026-09-29T17:43:34.990570Z  WARN faf_app::infra::discord: Discord rich presence disconnected reason=Discord is not running
2026-09-29T17:43:49.998842Z  WARN faf_app::infra::discord: Discord rich presence disconnected reason=Discord is not running
2026-09-29T17:44:05.012996Z  WARN faf_app::infra::discord: Discord rich presence disconnected reason=Discord is not running
2026-09-29T17:44:20.015861Z  WARN faf_app::infra::discord: Discord rich presence disconnected reason=Discord is not running
2026-09-29T17:44:35.024071Z  WARN faf_app::infra::discord: Discord rich presence disconnected reason=Discord is not running
2026-09-29T17:44:50.033363Z  WARN faf_app::infra::discord: Discord rich presence disconnected reason=Discord is not running
2026-09-29T17:45:05.036779Z  WARN faf_app::infra::discord: Discord rich presence disconnected reason=Discord is not running
2026-09-29T17:45:20.049492Z  WARN faf_app::infra::discord: Discord rich presence disconnected reason=Discord is not running
2026-09-29T17:45:35.053529Z  WARN faf_app::infra::discord: Discord rich presence disconnected reason=Discord is not running
2026-09-29T17:45:50.061770Z  WARN faf_app::infra::discord: Discord rich presence disconnected reason=Discord is not running
2026-09-29T17:46:05.077197Z  WARN faf_app::infra::discord: Discord rich presence disconnected reason=Discord is not running
2026-09-29T17:46:20.085759Z  WARN faf_app::infra::discord: Discord rich presence disconnected reason=Discord is not running
2026-09-29T17:46:35.092607Z  WARN faf_app::infra::discord: Discord rich presence disconnected reason=Discord is not running
2026-09-29T17:46:50.095934Z  WARN faf_app::infra::discord: Discord rich presence disconnected reason=Discord is not running
2026-09-29T17:47:05.113047Z  WARN faf_app::infra::discord: Discord rich presence disconnected reason=Discord is not running
2026-09-29T17:47:20.122072Z  WARN faf_app::infra::discord: Discord rich presence disconnected reason=Discord is not running
2026-09-29T17:47:35.132075Z  WARN faf_app::infra::discord: Discord rich presence disconnected reason=Discord is not running
2026-09-29T17:47:50.146734Z  WARN faf_app::infra::discord: Discord rich presence disconnected reason=Discord is not running
2026-09-29T17:48:05.162319Z  WARN faf_app::infra::discord: Discord rich presence disconnected reason=Discord is not running
2026-09-29T17:48:20.165563Z  WARN faf_app::infra::discord: Discord rich presence disconnected reason=Discord is not running
2026-09-29T17:48:35.166547Z  WARN faf_app::infra::discord: Discord rich presence disconnected reason=Discord is not running
2026-09-29T17:48:50.170385Z  WARN faf_app::infra::discord: Discord rich presence disconnected reason=Discord is not running
2026-09-29T17:49:05.181742Z  WARN faf_app::infra::discord: Discord rich presence disconnected reason=Discord is not running
2026-09-29T17:49:20.192428Z  WARN faf_app::infra::discord: Discord rich presence disconnected reason=Discord is not running
2026-09-29T17:49:35.200109Z  WARN faf_app::infra::discord: Discord rich presence disconnected reason=Discord is not running
2026-09-29T17:49:50.211561Z  WARN faf_app::infra::discord: Discord rich presence disconnected reason=Discord is not running
2026-09-29T17:49:59.941559Z  INFO faf_app::infra::game_updater: resolved retail FA install for fa_path path=C:\Program Files (x86)\Steam\steamapps\common\Supreme Commander Forged Alliance
2026-09-29T17:49:59.942033Z  INFO faf_app::infra::replay: generating map required by replay playback map_name="neroxis_map_generator_1.22.2_rrzix2y4sfte6_byhaeaambiaaa737"
2026-09-29T17:50:05.165755Z  INFO faf_app::infra::game: launching Forged Alliance argument_count=9 wrapper=""
2026-09-29T17:50:05.319629Z  WARN faf_app::infra::discord: Discord rich presence disconnected reason=Discord is not running
2026-09-29T17:50:20.321118Z  WARN faf_app::infra::discord: Discord rich presence disconnected reason=Discord is not running
2026-09-29T17:50:35.322779Z  WARN faf_app::infra::discord: Discord rich presence disconnected reason=Discord is not running
2026-09-29T17:50:50.331308Z  WARN faf_app::infra::discord: Discord rich presence disconnected reason=Discord is not running
2026-09-29T17:51:05.344803Z  WARN faf_app::infra::discord: Discord rich presence disconnected reason=Discord is not running
2026-09-29T17:51:20.356963Z  WARN faf_app::infra::discord: Discord rich presence disconnected reason=Discord is not running
2026-09-29T17:51:35.360761Z  WARN faf_app::infra::discord: Discord rich presence disconnected reason=Discord is not running
2026-09-29T17:51:50.366303Z  WARN faf_app::infra::discord: Discord rich presence disconnected reason=Discord is not running
2026-09-29T17:52:05.381176Z  WARN faf_app::infra::discord: Discord rich presence disconnected reason=Discord is not running
2026-09-29T17:52:20.395762Z  WARN faf_app::infra::discord: Discord rich presence disconnected reason=Discord is not running
2026-09-29T17:52:35.402825Z  WARN faf_app::infra::discord: Discord rich presence disconnected reason=Discord is not running
2026-09-29T17:52:50.415203Z  WARN faf_app::infra::discord: Discord rich presence disconnected reason=Discord is not running
2026-09-29T17:53:05.417226Z  WARN faf_app::infra::discord: Discord rich presence disconnected reason=Discord is not running
2026-09-29T17:53:20.428725Z  WARN faf_app::infra::discord: Discord rich presence disconnected reason=Discord is not running
2026-09-29T17:53:35.430955Z  WARN faf_app::infra::discord: Discord rich presence disconnected reason=Discord is not running
2026-09-29T17:53:50.444880Z  WARN faf_app::infra::discord: Discord rich presence disconnected reason=Discord is not running
2026-09-29T17:54:05.448954Z  WARN faf_app::infra::discord: Discord rich presence disconnected reason=Discord is not running
2026-09-29T17:54:20.451533Z  WARN faf_app::infra::discord: Discord rich presence disconnected reason=Discord is not running
2026-09-29T17:54:35.455403Z  WARN faf_app::infra::discord: Discord rich presence disconnected reason=Discord is not running
2026-09-29T17:54:50.459891Z  WARN faf_app::infra::discord: Discord rich presence disconnected reason=Discord is not running
2026-09-29T17:55:05.474102Z  WARN faf_app::infra::discord: Discord rich presence disconnected reason=Discord is not running
2026-09-29T17:55:20.478506Z  WARN faf_app::infra::discord: Discord rich presence disconnected reason=Discord is not running
2026-09-29T17:55:35.480069Z  WARN faf_app::infra::discord: Discord rich presence disconnected reason=Discord is not running
2026-09-29T17:55:50.487157Z  WARN faf_app::infra::discord: Discord rich presence disconnected reason=Discord is not running
2026-09-29T17:56:05.498851Z  WARN faf_app::infra::discord: Discord rich presence disconnected reason=Discord is not running
2026-09-29T17:56:20.503150Z  WARN faf_app::infra::discord: Discord rich presence disconnected reason=Discord is not running
2026-09-29T17:56:35.516876Z  WARN faf_app::infra::discord: Discord rich presence disconnected reason=Discord is not running
2026-09-29T17:56:50.520952Z  WARN faf_app::infra::discord: Discord rich presence disconnected reason=Discord is not running
2026-09-29T17:57:05.528804Z  WARN faf_app::infra::discord: Discord rich presence disconnected reason=Discord is not running
2026-09-29T17:57:20.534398Z  WARN faf_app::infra::discord: Discord rich presence disconnected reason=Discord is not running
2026-09-29T17:57:35.543444Z  WARN faf_app::infra::discord: Discord rich presence disconnected reason=Discord is not running
2026-09-29T17:57:50.553848Z  WARN faf_app::infra::discord: Discord rich presence disconnected reason=Discord is not running
2026-09-29T17:58:05.557354Z  WARN faf_app::infra::discord: Discord rich presence disconnected reason=Discord is not running
2026-09-29T17:58:20.561444Z  WARN faf_app::infra::discord: Discord rich presence disconnected reason=Discord is not running
2026-09-29T17:58:35.569663Z  WARN faf_app::infra::discord: Discord rich presence disconnected reason=Discord is not running
2026-09-29T17:58:50.580045Z  WARN faf_app::infra::discord: Discord rich presence disconnected reason=Discord is not running
2026-09-29T17:59:05.590178Z  WARN faf_app::infra::discord: Discord rich presence disconnected reason=Discord is not running
2026-09-29T17:59:20.598674Z  WARN faf_app::infra::discord: Discord rich presence disconnected reason=Discord is not running
2026-09-29T17:59:35.613338Z  WARN faf_app::infra::discord: Discord rich presence disconnected reason=Discord is not running
2026-09-29T17:59:50.618459Z  WARN faf_app::infra::discord: Discord rich presence disconnected reason=Discord is not running
2026-09-29T18:00:05.627547Z  WARN faf_app::infra::discord: Discord rich presence disconnected reason=Discord is not running
2026-09-29T18:00:20.633750Z  WARN faf_app::infra::discord: Discord rich presence disconnected reason=Discord is not running
2026-09-29T18:00:35.649441Z  WARN faf_app::infra::discord: Discord rich presence disconnected reason=Discord is not running
2026-09-29T20:53:01.944560Z  INFO faforever_rust_client_lib::diagnostics: client diagnostics initialized retained_files=7 max_file_bytes=10485760
2026-09-29T20:53:01.947790Z  WARN faf_app::infra::discord: Discord rich presence disconnected reason=Discord is not running
2026-09-29T20:53:03.950138Z  INFO faf_app::infra::lobby_ws: lobby WebSocket connected
2026-09-29T20:53:03.957741Z  INFO faf_app::infra::irc: chat WebSocket connected
2026-09-29T20:53:04.001740Z  INFO faf_app::infra::lobby_ws: lobby notice received style=Info text=You are using an unofficial client version! Some features might not work as expected. If you experience any problems please download the latest version of the official client from <a href="https://www.faforever.com">https://www.faforever.com</a>
2026-09-29T20:53:06.300747Z  INFO faf_app::infra::lobby_ws: lobby authenticated
2026-09-29T20:53:17.160421Z  INFO faf_app::infra::discord: Discord rich presence connected
2026-09-29T20:53:22.329876Z  INFO faf_app::infra::irc: chat join requested channel=#DillyDally'sParty
2026-09-29T20:59:03.985607Z  INFO faf_app::infra::game_updater: resolved retail FA install for fa_path path=C:\Program Files (x86)\Steam\steamapps\common\Supreme Commander Forged Alliance
2026-09-29T20:59:03.986079Z  INFO faf_app::infra::replay: generating map required by replay playback map_name="neroxis_map_generator_1.21.1_2es5jbstvdgsk_cahaeaalc4aacali"
2026-09-29T20:59:08.841939Z  INFO faf_app::infra::game: launching Forged Alliance argument_count=9 wrapper=""
2026-09-29T20:59:52.457030Z  INFO faf_app::infra::lobby_ws: lobby issued game launch game_id=27876001
2026-09-29T20:59:53.928406Z  INFO faf_app::infra::game_updater: resolved retail FA install for fa_path path=C:\Program Files (x86)\Steam\steamapps\common\Supreme Commander Forged Alliance
2026-09-29T20:59:53.929388Z  INFO faf_app::infra::ice_select: starting selected ICE backend backend="Java (faf-ice-adapter)"
2026-09-29T21:00:03.998034Z  INFO faf_app::infra::ice_java: starting Java ICE adapter game_id=27876001 rpc_port=63205 gpgnet_port=63206
2026-09-29T21:00:05.031462Z  INFO faf_app::infra::replay_recorder: recording this game's replay port=63210 game_id=27876001
2026-09-29T21:00:05.031557Z  INFO faf_app::infra::game: launching Forged Alliance argument_count=24 wrapper=""
2026-09-29T21:00:11.143458Z  INFO faf_app::infra::ice_java: ICE adapter connection state state="Connected"
2026-09-29T21:00:28.504926Z  INFO faf_app::infra::ice_java: ICE negotiation state remote_player=485506 state="gathering"
2026-09-29T21:00:29.415499Z  INFO faf_app::infra::ice_java: ICE negotiation state remote_player=233772 state="gathering"
2026-09-29T21:00:32.829716Z  INFO faf_app::infra::ice_java: ICE negotiation state remote_player=412461 state="gathering"
2026-09-29T21:00:35.887293Z  INFO faf_app::infra::ice_java: ICE negotiation state remote_player=485506 state="awaitingCandidates"
2026-09-29T21:00:36.292606Z  INFO faf_app::infra::ice_java: ICE negotiation state remote_player=233772 state="awaitingCandidates"
2026-09-29T21:00:38.059168Z  INFO faf_app::infra::ice_java: ICE negotiation state remote_player=485506 state="checking"
2026-09-29T21:00:38.364287Z  INFO faf_app::infra::ice_java: ICE peer state remote_player=485506 connected=true
2026-09-29T21:00:38.364415Z  INFO faf_app::infra::ice_java: ICE negotiation state remote_player=485506 state="connected"
2026-09-29T21:00:38.660544Z  INFO faf_app::infra::ice_java: ICE negotiation state remote_player=233772 state="checking"
2026-09-29T21:00:38.816106Z  INFO faf_app::infra::ice_java: ICE peer state remote_player=233772 connected=true
2026-09-29T21:00:38.816241Z  INFO faf_app::infra::ice_java: ICE negotiation state remote_player=233772 state="connected"
2026-09-29T21:00:39.691523Z  INFO faf_app::infra::ice_java: ICE negotiation state remote_player=412461 state="awaitingCandidates"
2026-09-29T21:00:41.989534Z  INFO faf_app::infra::ice_java: ICE negotiation state remote_player=412461 state="checking"
2026-09-29T21:00:42.417810Z  INFO faf_app::infra::ice_java: ICE peer state remote_player=412461 connected=true
2026-09-29T21:00:42.417933Z  INFO faf_app::infra::ice_java: ICE negotiation state remote_player=412461 state="connected"
2026-09-29T21:00:49.872614Z  WARN faf_app::infra::discord: Discord returned an error code=4000 child "activity" fails because [child "assets" fails because [child "large_text" fails because ["large_text" is not allowed to be empty]]]
2026-09-29T21:05:52.215392Z  WARN faf_app::infra::discord: Discord returned an error code=4000 child "activity" fails because [child "assets" fails because [child "large_text" fails because ["large_text" is not allowed to be empty]]]
2026-09-29T21:30:22.560370Z  INFO faf_app::infra::replay_recorder: replay recorded path=C:\ProgramData\FAForever\replays\27876001-DillyDally.fafreplay raw_bytes=860907 bytes=119182 complete=true
2026-09-29T21:30:22.560568Z  INFO faf_app::infra::replay_relay: replay uploaded to FAF game_id=27876001 bytes=860940
2026-09-29T21:30:33.152589Z  INFO faf_app::infra::ice_java: ICE adapter connection state state="Disconnected"
2026-09-29T21:30:33.536216Z  INFO faf_app::services::launcher: the game process exited; releasing the launch
2026-09-29T21:30:33.567163Z  WARN faf_app::infra::ice_java: Java ICE adapter notification stream ended
2026-09-29T21:30:33.920972Z  INFO faf_app::services::launcher: launcher: game exit cleanup complete
2026-09-29T22:06:49.091042Z  INFO faforever_rust_client_lib::diagnostics: client diagnostics initialized retained_files=7 max_file_bytes=10485760
2026-09-29T22:06:49.093707Z  WARN faf_app::infra::discord: Discord rich presence disconnected reason=Discord is not running
2026-09-29T22:06:50.557932Z  INFO faf_app::infra::irc: chat WebSocket connected
2026-09-29T22:06:50.560073Z  INFO faf_app::infra::lobby_ws: lobby WebSocket connected
2026-09-29T22:06:50.612366Z  INFO faf_app::infra::lobby_ws: lobby notice received style=Info text=You are using an unofficial client version! Some features might not work as expected. If you experience any problems please download the latest version of the official client from <a href="https://www.faforever.com">https://www.faforever.com</a>
2026-09-29T22:06:52.844002Z  INFO faf_app::infra::lobby_ws: lobby authenticated
2026-09-29T22:06:58.893854Z  INFO faf_app::infra::game_updater: resolved retail FA install for fa_path path=C:\Program Files (x86)\Steam\steamapps\common\Supreme Commander Forged Alliance
2026-09-29T22:06:58.894367Z  INFO faf_app::infra::replay: generating map required by replay playback map_name="neroxis_map_generator_1.21.1_mguym6j2ylrfa_cahaeaalbyaak722"
2026-09-29T22:07:03.898614Z  INFO faf_app::infra::game: launching Forged Alliance argument_count=9 wrapper=""
2026-09-29T22:07:04.104127Z  WARN faf_app::infra::discord: Discord rich presence disconnected reason=Discord is not running
2026-09-29T22:07:19.106175Z  WARN faf_app::infra::discord: Discord rich presence disconnected reason=Discord is not running
2026-09-29T22:07:34.113668Z  WARN faf_app::infra::discord: Discord rich presence disconnected reason=Discord is not running
2026-09-29T22:07:49.129905Z  WARN faf_app::infra::discord: Discord rich presence disconnected reason=Discord is not running
2026-09-29T22:08:04.139915Z  WARN faf_app::infra::discord: Discord rich presence disconnected reason=Discord is not running
2026-09-29T22:08:19.145418Z  WARN faf_app::infra::discord: Discord rich presence disconnected reason=Discord is not running
2026-09-29T22:08:34.150160Z  WARN faf_app::infra::discord: Discord rich presence disconnected reason=Discord is not running
2026-09-29T22:08:49.163794Z  WARN faf_app::infra::discord: Discord rich presence disconnected reason=Discord is not running
2026-09-29T22:09:04.168260Z  WARN faf_app::infra::discord: Discord rich presence disconnected reason=Discord is not running
2026-09-29T22:09:19.178259Z  WARN faf_app::infra::discord: Discord rich presence disconnected reason=Discord is not running
2026-09-29T22:09:34.185208Z  WARN faf_app::infra::discord: Discord rich presence disconnected reason=Discord is not running
2026-09-29T22:09:49.187100Z  WARN faf_app::infra::discord: Discord rich presence disconnected reason=Discord is not running
2026-09-29T22:10:04.193443Z  WARN faf_app::infra::discord: Discord rich presence disconnected reason=Discord is not running
2026-09-29T22:10:19.202563Z  WARN faf_app::infra::discord: Discord rich presence disconnected reason=Discord is not running
2026-09-29T22:10:34.218204Z  WARN faf_app::infra::discord: Discord rich presence disconnected reason=Discord is not running
2026-09-29T22:10:49.232995Z  WARN faf_app::infra::discord: Discord rich presence disconnected reason=Discord is not running
2026-09-29T22:11:04.244324Z  WARN faf_app::infra::discord: Discord rich presence disconnected reason=Discord is not running
2026-09-29T22:11:19.253915Z  WARN faf_app::infra::discord: Discord rich presence disconnected reason=Discord is not running
2026-09-29T22:11:34.256222Z  WARN faf_app::infra::discord: Discord rich presence disconnected reason=Discord is not running
2026-09-29T22:11:49.265772Z  WARN faf_app::infra::discord: Discord rich presence disconnected reason=Discord is not running
2026-09-29T22:12:04.278468Z  WARN faf_app::infra::discord: Discord rich presence disconnected reason=Discord is not running
2026-09-29T22:12:19.293293Z  WARN faf_app::infra::discord: Discord rich presence disconnected reason=Discord is not running
2026-09-29T22:12:34.299307Z  WARN faf_app::infra::discord: Discord rich presence disconnected reason=Discord is not running
2026-09-29T22:12:49.306471Z  WARN faf_app::infra::discord: Discord rich presence disconnected reason=Discord is not running
2026-09-29T22:13:04.308427Z  WARN faf_app::infra::discord: Discord rich presence disconnected reason=Discord is not running
2026-09-29T22:13:19.315718Z  WARN faf_app::infra::discord: Discord rich presence disconnected reason=Discord is not running
2026-09-29T22:13:34.327760Z  WARN faf_app::infra::discord: Discord rich presence disconnected reason=Discord is not running
2026-09-29T22:13:49.342943Z  WARN faf_app::infra::discord: Discord rich presence disconnected reason=Discord is not running
2026-09-29T22:14:04.350106Z  WARN faf_app::infra::discord: Discord rich presence disconnected reason=Discord is not running
2026-09-29T22:14:19.351739Z  WARN faf_app::infra::discord: Discord rich presence disconnected reason=Discord is not running
2026-09-29T22:14:34.355732Z  WARN faf_app::infra::discord: Discord rich presence disconnected reason=Discord is not running
2026-09-29T22:14:49.364303Z  WARN faf_app::infra::discord: Discord rich presence disconnected reason=Discord is not running
2026-09-29T22:15:04.378258Z  WARN faf_app::infra::discord: Discord rich presence disconnected reason=Discord is not running
2026-09-29T22:15:19.387338Z  WARN faf_app::infra::discord: Discord rich presence disconnected reason=Discord is not running
2026-09-29T22:15:34.398192Z  WARN faf_app::infra::discord: Discord rich presence disconnected reason=Discord is not running
2026-09-29T22:15:49.403573Z  WARN faf_app::infra::discord: Discord rich presence disconnected reason=Discord is not running
2026-09-29T22:16:04.408971Z  WARN faf_app::infra::discord: Discord rich presence disconnected reason=Discord is not running
2026-09-29T22:16:19.415411Z  WARN faf_app::infra::discord: Discord rich presence disconnected reason=Discord is not running
2026-09-29T22:16:34.425537Z  WARN faf_app::infra::discord: Discord rich presence disconnected reason=Discord is not running
2026-09-29T22:16:49.426436Z  WARN faf_app::infra::discord: Discord rich presence disconnected reason=Discord is not running
2026-09-29T22:17:04.435950Z  WARN faf_app::infra::discord: Discord rich presence disconnected reason=Discord is not running
2026-09-29T22:17:19.448932Z  WARN faf_app::infra::discord: Discord rich presence disconnected reason=Discord is not running
2026-09-29T22:17:34.452500Z  WARN faf_app::infra::discord: Discord rich presence disconnected reason=Discord is not running
2026-09-29T22:17:49.453012Z  WARN faf_app::infra::discord: Discord rich presence disconnected reason=Discord is not running
2026-09-29T22:18:04.469041Z  WARN faf_app::infra::discord: Discord rich presence disconnected reason=Discord is not running
2026-09-29T22:18:19.471374Z  WARN faf_app::infra::discord: Discord rich presence disconnected reason=Discord is not running
2026-09-29T22:18:34.476303Z  WARN faf_app::infra::discord: Discord rich presence disconnected reason=Discord is not running
2026-09-29T22:18:49.481782Z  WARN faf_app::infra::discord: Discord rich presence disconnected reason=Discord is not running
2026-09-29T22:19:04.498256Z  WARN faf_app::infra::discord: Discord rich presence disconnected reason=Discord is not running
2026-09-29T22:19:19.513930Z  WARN faf_app::infra::discord: Discord rich presence disconnected reason=Discord is not running
2026-09-29T22:19:34.525682Z  WARN faf_app::infra::discord: Discord rich presence disconnected reason=Discord is not running
2026-09-29T22:19:49.542288Z  WARN faf_app::infra::discord: Discord rich presence disconnected reason=Discord is not running
2026-09-29T22:20:04.556587Z  WARN faf_app::infra::discord: Discord rich presence disconnected reason=Discord is not running
2026-09-29T22:20:19.559670Z  WARN faf_app::infra::discord: Discord rich presence disconnected reason=Discord is not running
2026-09-29T22:20:34.575063Z  WARN faf_app::infra::discord: Discord rich presence disconnected reason=Discord is not running
2026-09-29T22:20:49.589745Z  WARN faf_app::infra::discord: Discord rich presence disconnected reason=Discord is not running
2026-09-29T22:21:04.600268Z  WARN faf_app::infra::discord: Discord rich presence disconnected reason=Discord is not running
2026-09-29T22:21:19.605443Z  WARN faf_app::infra::discord: Discord rich presence disconnected reason=Discord is not running
2026-09-29T22:21:34.607055Z  WARN faf_app::infra::discord: Discord rich presence disconnected reason=Discord is not running
2026-09-29T22:21:49.619169Z  WARN faf_app::infra::discord: Discord rich presence disconnected reason=Discord is not running
2026-09-29T22:22:04.622083Z  WARN faf_app::infra::discord: Discord rich presence disconnected reason=Discord is not running
2026-09-29T22:22:19.635684Z  WARN faf_app::infra::discord: Discord rich presence disconnected reason=Discord is not running
2026-09-29T22:22:34.649452Z  WARN faf_app::infra::discord: Discord rich presence disconnected reason=Discord is not running
2026-09-29T22:22:49.655049Z  WARN faf_app::infra::discord: Discord rich presence disconnected reason=Discord is not running
2026-09-29T22:23:04.669234Z  WARN faf_app::infra::discord: Discord rich presence disconnected reason=Discord is not running
2026-09-29T22:23:19.675946Z  WARN faf_app::infra::discord: Discord rich presence disconnected reason=Discord is not running
2026-09-29T22:23:34.693015Z  WARN faf_app::infra::discord: Discord rich presence disconnected reason=Discord is not running
2026-09-29T22:23:49.706803Z  WARN faf_app::infra::discord: Discord rich presence disconnected reason=Discord is not running
2026-09-29T22:24:04.716169Z  WARN faf_app::infra::discord: Discord rich presence disconnected reason=Discord is not running
2026-09-29T22:24:19.730186Z  WARN faf_app::infra::discord: Discord rich presence disconnected reason=Discord is not running
2026-09-29T22:24:34.744287Z  WARN faf_app::infra::discord: Discord rich presence disconnected reason=Discord is not running
2026-09-29T22:24:49.747502Z  WARN faf_app::infra::discord: Discord rich presence disconnected reason=Discord is not running
2026-09-29T22:25:04.752608Z  WARN faf_app::infra::discord: Discord rich presence disconnected reason=Discord is not running
2026-09-29T22:25:19.765278Z  WARN faf_app::infra::discord: Discord rich presence disconnected reason=Discord is not running
2026-09-29T22:25:34.776787Z  WARN faf_app::infra::discord: Discord rich presence disconnected reason=Discord is not running
2026-09-29T22:25:49.781093Z  WARN faf_app::infra::discord: Discord rich presence disconnected reason=Discord is not running
2026-09-29T22:26:04.796844Z  WARN faf_app::infra::discord: Discord rich presence disconnected reason=Discord is not running
2026-09-29T22:26:19.799770Z  WARN faf_app::infra::discord: Discord rich presence disconnected reason=Discord is not running
2026-09-29T22:26:34.805981Z  WARN faf_app::infra::discord: Discord rich presence disconnected reason=Discord is not running
2026-09-29T22:26:49.814996Z  WARN faf_app::infra::discord: Discord rich presence disconnected reason=Discord is not running
2026-09-29T22:27:04.828984Z  WARN faf_app::infra::discord: Discord rich presence disconnected reason=Discord is not running
2026-09-29T22:27:19.842674Z  WARN faf_app::infra::discord: Discord rich presence disconnected reason=Discord is not running
2026-09-29T22:27:34.843792Z  WARN faf_app::infra::discord: Discord rich presence disconnected reason=Discord is not running
2026-09-29T22:27:49.849238Z  WARN faf_app::infra::discord: Discord rich presence disconnected reason=Discord is not running
2026-09-29T22:28:04.854802Z  WARN faf_app::infra::discord: Discord rich presence disconnected reason=Discord is not running
2026-09-29T22:28:19.859584Z  WARN faf_app::infra::discord: Discord rich presence disconnected reason=Discord is not running
2026-09-29T22:28:34.866880Z  WARN faf_app::infra::discord: Discord rich presence disconnected reason=Discord is not running
2026-09-29T22:28:49.871557Z  WARN faf_app::infra::discord: Discord rich presence disconnected reason=Discord is not running
2026-09-29T22:29:04.876494Z  WARN faf_app::infra::discord: Discord rich presence disconnected reason=Discord is not running
2026-09-29T22:29:19.890507Z  WARN faf_app::infra::discord: Discord rich presence disconnected reason=Discord is not running
2026-09-29T22:29:34.907033Z  WARN faf_app::infra::discord: Discord rich presence disconnected reason=Discord is not running
2026-09-29T22:29:49.916815Z  WARN faf_app::infra::discord: Discord rich presence disconnected reason=Discord is not running
2026-09-29T22:30:04.923628Z  WARN faf_app::infra::discord: Discord rich presence disconnected reason=Discord is not running
2026-09-29T22:30:19.937523Z  WARN faf_app::infra::discord: Discord rich presence disconnected reason=Discord is not running
2026-09-29T22:30:34.949687Z  WARN faf_app::infra::discord: Discord rich presence disconnected reason=Discord is not running
2026-09-29T22:30:49.951129Z  WARN faf_app::infra::discord: Discord rich presence disconnected reason=Discord is not running
2026-09-29T22:31:04.960232Z  WARN faf_app::infra::discord: Discord rich presence disconnected reason=Discord is not running
2026-09-29T22:31:19.968244Z  WARN faf_app::infra::discord: Discord rich presence disconnected reason=Discord is not running
2026-09-29T22:31:34.972080Z  WARN faf_app::infra::discord: Discord rich presence disconnected reason=Discord is not running
2026-09-29T22:31:49.981092Z  WARN faf_app::infra::discord: Discord rich presence disconnected reason=Discord is not running
2026-09-29T22:32:04.993226Z  WARN faf_app::infra::discord: Discord rich presence disconnected reason=Discord is not running
2026-09-29T22:32:20.006527Z  WARN faf_app::infra::discord: Discord rich presence disconnected reason=Discord is not running
2026-09-29T22:32:35.009397Z  WARN faf_app::infra::discord: Discord rich presence disconnected reason=Discord is not running
2026-09-29T22:32:50.012132Z  WARN faf_app::infra::discord: Discord rich presence disconnected reason=Discord is not running
2026-09-29T22:33:05.014025Z  WARN faf_app::infra::discord: Discord rich presence disconnected reason=Discord is not running
2026-09-29T22:33:20.029405Z  WARN faf_app::infra::discord: Discord rich presence disconnected reason=Discord is not running
2026-09-29T22:33:35.036570Z  WARN faf_app::infra::discord: Discord rich presence disconnected reason=Discord is not running
2026-09-29T22:33:50.041646Z  WARN faf_app::infra::discord: Discord rich presence disconnected reason=Discord is not running
2026-09-29T22:34:05.042306Z  WARN faf_app::infra::discord: Discord rich presence disconnected reason=Discord is not running
2026-09-29T22:34:20.057586Z  WARN faf_app::infra::discord: Discord rich presence disconnected reason=Discord is not running
2026-09-29T22:34:35.063728Z  WARN faf_app::infra::discord: Discord rich presence disconnected reason=Discord is not running
2026-09-29T22:34:50.074082Z  WARN faf_app::infra::discord: Discord rich presence disconnected reason=Discord is not running
2026-09-29T22:35:05.084136Z  WARN faf_app::infra::discord: Discord rich presence disconnected reason=Discord is not running
2026-09-29T22:35:20.096548Z  WARN faf_app::infra::discord: Discord rich presence disconnected reason=Discord is not running
2026-09-29T22:35:35.104517Z  WARN faf_app::infra::discord: Discord rich presence disconnected reason=Discord is not running
2026-09-29T22:35:50.108106Z  WARN faf_app::infra::discord: Discord rich presence disconnected reason=Discord is not running
2026-09-29T22:36:05.120694Z  WARN faf_app::infra::discord: Discord rich presence disconnected reason=Discord is not running
2026-09-29T22:36:20.125326Z  WARN faf_app::infra::discord: Discord rich presence disconnected reason=Discord is not running
2026-09-29T22:36:35.132105Z  WARN faf_app::infra::discord: Discord rich presence disconnected reason=Discord is not running
2026-09-29T22:36:50.139047Z  WARN faf_app::infra::discord: Discord rich presence disconnected reason=Discord is not running
2026-09-29T22:37:05.141465Z  WARN faf_app::infra::discord: Discord rich presence disconnected reason=Discord is not running
2026-09-29T22:37:20.145677Z  WARN faf_app::infra::discord: Discord rich presence disconnected reason=Discord is not running
2026-09-29T22:37:35.148666Z  WARN faf_app::infra::discord: Discord rich presence disconnected reason=Discord is not running
2026-09-29T22:37:50.149823Z  WARN faf_app::infra::discord: Discord rich presence disconnected reason=Discord is not running
2026-09-29T22:38:05.162475Z  WARN faf_app::infra::discord: Discord rich presence disconnected reason=Discord is not running
2026-09-29T22:38:20.165154Z  WARN faf_app::infra::discord: Discord rich presence disconnected reason=Discord is not running
2026-09-29T22:38:35.173663Z  WARN faf_app::infra::discord: Discord rich presence disconnected reason=Discord is not running
2026-09-29T22:38:50.187954Z  WARN faf_app::infra::discord: Discord rich presence disconnected reason=Discord is not running
2026-09-29T22:39:05.191503Z  WARN faf_app::infra::discord: Discord rich presence disconnected reason=Discord is not running
2026-09-29T22:39:20.200626Z  WARN faf_app::infra::discord: Discord rich presence disconnected reason=Discord is not running
2026-09-29T22:39:35.211676Z  WARN faf_app::infra::discord: Discord rich presence disconnected reason=Discord is not running
2026-09-29T22:39:50.213422Z  WARN faf_app::infra::discord: Discord rich presence disconnected reason=Discord is not running
2026-09-29T22:40:05.217407Z  WARN faf_app::infra::discord: Discord rich presence disconnected reason=Discord is not running
2026-09-29T22:40:20.218654Z  WARN faf_app::infra::discord: Discord rich presence disconnected reason=Discord is not running
2026-09-29T22:40:35.232204Z  WARN faf_app::infra::discord: Discord rich presence disconnected reason=Discord is not running
2026-09-29T22:40:50.247731Z  WARN faf_app::infra::discord: Discord rich presence disconnected reason=Discord is not running
2026-09-29T22:41:05.261349Z  WARN faf_app::infra::discord: Discord rich presence disconnected reason=Discord is not running
2026-09-29T22:41:20.276999Z  WARN faf_app::infra::discord: Discord rich presence disconnected reason=Discord is not running
2026-09-29T22:41:32.022994Z  INFO faf_app::infra::game_updater: resolved retail FA install for fa_path path=C:\Program Files (x86)\Steam\steamapps\common\Supreme Commander Forged Alliance
2026-09-29T22:41:32.397082Z  INFO faf_app::infra::game: launching Forged Alliance argument_count=9 wrapper=""
2026-09-29T22:41:35.293110Z  WARN faf_app::infra::discord: Discord rich presence disconnected reason=Discord is not running
2026-09-29T22:41:50.307753Z  WARN faf_app::infra::discord: Discord rich presence disconnected reason=Discord is not running
2026-09-29T22:42:05.323907Z  WARN faf_app::infra::discord: Discord rich presence disconnected reason=Discord is not running
2026-09-29T22:42:20.337719Z  WARN faf_app::infra::discord: Discord rich presence disconnected reason=Discord is not running
2026-09-29T22:42:35.353513Z  WARN faf_app::infra::discord: Discord rich presence disconnected reason=Discord is not running
2026-09-29T22:42:50.354023Z  WARN faf_app::infra::discord: Discord rich presence disconnected reason=Discord is not running
2026-09-29T22:43:05.366202Z  WARN faf_app::infra::discord: Discord rich presence disconnected reason=Discord is not running
2026-09-29T22:43:20.381242Z  WARN faf_app::infra::discord: Discord rich presence disconnected reason=Discord is not running
2026-09-29T22:43:35.385335Z  WARN faf_app::infra::discord: Discord rich presence disconnected reason=Discord is not running
2026-09-29T22:43:50.389130Z  WARN faf_app::infra::discord: Discord rich presence disconnected reason=Discord is not running
2026-09-29T22:44:05.395932Z  WARN faf_app::infra::discord: Discord rich presence disconnected reason=Discord is not running
2026-09-29T22:44:20.410535Z  WARN faf_app::infra::discord: Discord rich presence disconnected reason=Discord is not running
2026-09-29T22:44:35.420615Z  WARN faf_app::infra::discord: Discord rich presence disconnected reason=Discord is not running
2026-09-29T22:44:50.435943Z  WARN faf_app::infra::discord: Discord rich presence disconnected reason=Discord is not running
2026-09-29T22:45:05.442537Z  WARN faf_app::infra::discord: Discord rich presence disconnected reason=Discord is not running
2026-09-29T22:45:20.450982Z  WARN faf_app::infra::discord: Discord rich presence disconnected reason=Discord is not running
2026-09-29T22:45:35.459446Z  WARN faf_app::infra::discord: Discord rich presence disconnected reason=Discord is not running
2026-09-29T22:45:50.474330Z  WARN faf_app::infra::discord: Discord rich presence disconnected reason=Discord is not running
2026-09-29T22:46:05.487442Z  WARN faf_app::infra::discord: Discord rich presence disconnected reason=Discord is not running
2026-09-29T22:46:20.489541Z  WARN faf_app::infra::discord: Discord rich presence disconnected reason=Discord is not running
2026-09-29T22:46:35.496986Z  WARN faf_app::infra::discord: Discord rich presence disconnected reason=Discord is not running
2026-09-29T22:46:50.512532Z  WARN faf_app::infra::discord: Discord rich presence disconnected reason=Discord is not running
2026-09-29T22:47:05.515962Z  WARN faf_app::infra::discord: Discord rich presence disconnected reason=Discord is not running
2026-09-29T22:47:20.526342Z  WARN faf_app::infra::discord: Discord rich presence disconnected reason=Discord is not running
2026-09-29T22:47:35.527713Z  WARN faf_app::infra::discord: Discord rich presence disconnected reason=Discord is not running
2026-09-29T22:47:50.535803Z  WARN faf_app::infra::discord: Discord rich presence disconnected reason=Discord is not running
2026-09-29T22:48:05.549211Z  WARN faf_app::infra::discord: Discord rich presence disconnected reason=Discord is not running
2026-09-29T22:48:20.565002Z  WARN faf_app::infra::discord: Discord rich presence disconnected reason=Discord is not running
2026-09-29T22:48:35.574099Z  WARN faf_app::infra::discord: Discord rich presence disconnected reason=Discord is not running
2026-09-29T22:48:50.586422Z  WARN faf_app::infra::discord: Discord rich presence disconnected reason=Discord is not running
2026-09-29T22:49:05.601483Z  WARN faf_app::infra::discord: Discord rich presence disconnected reason=Discord is not running
2026-09-29T22:49:20.615406Z  WARN faf_app::infra::discord: Discord rich presence disconnected reason=Discord is not running
2026-09-29T22:49:35.617201Z  WARN faf_app::infra::discord: Discord rich presence disconnected reason=Discord is not running
2026-09-29T22:49:50.619560Z  WARN faf_app::infra::discord: Discord rich presence disconnected reason=Discord is not running
2026-09-29T22:50:05.631575Z  WARN faf_app::infra::discord: Discord rich presence disconnected reason=Discord is not running
2026-09-29T22:50:20.644578Z  WARN faf_app::infra::discord: Discord rich presence disconnected reason=Discord is not running
2026-09-29T22:50:35.652493Z  WARN faf_app::infra::discord: Discord rich presence disconnected reason=Discord is not running
2026-09-29T22:50:50.663845Z  WARN faf_app::infra::discord: Discord rich presence disconnected reason=Discord is not running
2026-09-29T22:51:05.664485Z  WARN faf_app::infra::discord: Discord rich presence disconnected reason=Discord is not running
2026-09-29T22:51:20.670232Z  WARN faf_app::infra::discord: Discord rich presence disconnected reason=Discord is not running
2026-09-29T22:51:35.676893Z  WARN faf_app::infra::discord: Discord rich presence disconnected reason=Discord is not running
2026-09-29T22:51:50.684115Z  WARN faf_app::infra::discord: Discord rich presence disconnected reason=Discord is not running
2026-09-29T22:52:05.700244Z  WARN faf_app::infra::discord: Discord rich presence disconnected reason=Discord is not running
2026-09-29T22:52:20.702401Z  WARN faf_app::infra::discord: Discord rich presence disconnected reason=Discord is not running
2026-09-29T22:52:35.714380Z  WARN faf_app::infra::discord: Discord rich presence disconnected reason=Discord is not running
2026-09-29T22:52:50.720413Z  WARN faf_app::infra::discord: Discord rich presence disconnected reason=Discord is not running
2026-09-29T22:52:53.969494Z  INFO faf_app::infra::game_updater: resolved retail FA install for fa_path path=C:\Program Files (x86)\Steam\steamapps\common\Supreme Commander Forged Alliance
2026-09-29T22:52:53.970036Z  INFO faf_app::infra::replay: generating map required by replay playback map_name="neroxis_map_generator_1.21.2_kjvufsdtumwiw_bifa"
2026-09-29T22:52:56.115818Z  INFO faf_app::infra::game: launching Forged Alliance argument_count=9 wrapper=""
2026-09-29T22:53:05.730163Z  WARN faf_app::infra::discord: Discord rich presence disconnected reason=Discord is not running
2026-09-29T22:53:20.746793Z  WARN faf_app::infra::discord: Discord rich presence disconnected reason=Discord is not running
2026-09-29T22:53:35.759967Z  WARN faf_app::infra::discord: Discord rich presence disconnected reason=Discord is not running
2026-09-29T22:53:50.767225Z  WARN faf_app::infra::discord: Discord rich presence disconnected reason=Discord is not running
2026-09-29T22:54:05.775656Z  WARN faf_app::infra::discord: Discord rich presence disconnected reason=Discord is not running
2026-09-29T22:54:20.786182Z  WARN faf_app::infra::discord: Discord rich presence disconnected reason=Discord is not running
2026-09-29T22:54:35.790732Z  WARN faf_app::infra::discord: Discord rich presence disconnected reason=Discord is not running
2026-09-29T22:54:50.792861Z  WARN faf_app::infra::discord: Discord rich presence disconnected reason=Discord is not running
2026-09-29T22:55:05.795042Z  WARN faf_app::infra::discord: Discord rich presence disconnected reason=Discord is not running
2026-09-29T22:55:20.808933Z  WARN faf_app::infra::discord: Discord rich presence disconnected reason=Discord is not running
2026-09-29T22:55:35.815994Z  WARN faf_app::infra::discord: Discord rich presence disconnected reason=Discord is not running
2026-09-29T22:55:50.830496Z  WARN faf_app::infra::discord: Discord rich presence disconnected reason=Discord is not running
2026-09-29T22:56:05.842406Z  WARN faf_app::infra::discord: Discord rich presence disconnected reason=Discord is not running
2026-09-29T22:56:20.848337Z  WARN faf_app::infra::discord: Discord rich presence disconnected reason=Discord is not running
2026-09-29T22:56:35.856809Z  WARN faf_app::infra::discord: Discord rich presence disconnected reason=Discord is not running
2026-09-29T22:56:50.861762Z  WARN faf_app::infra::discord: Discord rich presence disconnected reason=Discord is not running
2026-09-29T22:57:05.868189Z  WARN faf_app::infra::discord: Discord rich presence disconnected reason=Discord is not running
2026-09-29T22:57:20.878893Z  WARN faf_app::infra::discord: Discord rich presence disconnected reason=Discord is not running
2026-09-29T22:57:35.892652Z  WARN faf_app::infra::discord: Discord rich presence disconnected reason=Discord is not running
2026-09-29T22:57:50.901947Z  WARN faf_app::infra::discord: Discord rich presence disconnected reason=Discord is not running
2026-09-29T22:58:05.916910Z  WARN faf_app::infra::discord: Discord rich presence disconnected reason=Discord is not running
2026-09-29T22:58:20.925243Z  WARN faf_app::infra::discord: Discord rich presence disconnected reason=Discord is not running
2026-09-29T22:58:35.928304Z  WARN faf_app::infra::discord: Discord rich presence disconnected reason=Discord is not running
2026-09-29T22:58:50.937727Z  WARN faf_app::infra::discord: Discord rich presence disconnected reason=Discord is not running
2026-09-29T22:59:05.940756Z  WARN faf_app::infra::discord: Discord rich presence disconnected reason=Discord is not running
2026-09-29T22:59:20.942703Z  WARN faf_app::infra::discord: Discord rich presence disconnected reason=Discord is not running
2026-09-29T22:59:35.943348Z  WARN faf_app::infra::discord: Discord rich presence disconnected reason=Discord is not running
2026-09-29T22:59:50.952288Z  WARN faf_app::infra::discord: Discord rich presence disconnected reason=Discord is not running
2026-09-29T23:00:05.962223Z  WARN faf_app::infra::discord: Discord rich presence disconnected reason=Discord is not running
2026-09-29T23:00:20.971874Z  WARN faf_app::infra::discord: Discord rich presence disconnected reason=Discord is not running
2026-09-29T23:00:35.986781Z  WARN faf_app::infra::discord: Discord rich presence disconnected reason=Discord is not running
2026-09-29T23:00:50.987863Z  WARN faf_app::infra::discord: Discord rich presence disconnected reason=Discord is not running
2026-09-29T23:01:05.993843Z  WARN faf_app::infra::discord: Discord rich presence disconnected reason=Discord is not running
2026-09-29T23:01:20.995310Z  WARN faf_app::infra::discord: Discord rich presence disconnected reason=Discord is not running
2026-09-29T23:01:36.000174Z  WARN faf_app::infra::discord: Discord rich presence disconnected reason=Discord is not running
2026-09-29T23:01:51.009267Z  WARN faf_app::infra::discord: Discord rich presence disconnected reason=Discord is not running
2026-09-29T23:02:06.013339Z  WARN faf_app::infra::discord: Discord rich presence disconnected reason=Discord is not running
2026-09-29T23:02:21.020972Z  WARN faf_app::infra::discord: Discord rich presence disconnected reason=Discord is not running
2026-09-29T23:02:36.035482Z  WARN faf_app::infra::discord: Discord rich presence disconnected reason=Discord is not running
2026-09-29T23:02:51.036111Z  WARN faf_app::infra::discord: Discord rich presence disconnected reason=Discord is not running
2026-09-29T23:03:06.041694Z  WARN faf_app::infra::discord: Discord rich presence disconnected reason=Discord is not running
2026-09-29T23:03:21.053021Z  WARN faf_app::infra::discord: Discord rich presence disconnected reason=Discord is not running
2026-09-29T23:03:36.061913Z  WARN faf_app::infra::discord: Discord rich presence disconnected reason=Discord is not running
2026-09-29T23:03:51.077969Z  WARN faf_app::infra::discord: Discord rich presence disconnected reason=Discord is not running
2026-09-29T23:04:06.092122Z  WARN faf_app::infra::discord: Discord rich presence disconnected reason=Discord is not running
2026-09-29T23:04:21.099803Z  WARN faf_app::infra::discord: Discord rich presence disconnected reason=Discord is not running
2026-09-29T23:04:36.108594Z  WARN faf_app::infra::discord: Discord rich presence disconnected reason=Discord is not running
2026-09-29T23:04:51.121391Z  WARN faf_app::infra::discord: Discord rich presence disconnected reason=Discord is not running
2026-09-29T23:05:06.135379Z  WARN faf_app::infra::discord: Discord rich presence disconnected reason=Discord is not running
2026-09-29T23:05:21.149855Z  WARN faf_app::infra::discord: Discord rich presence disconnected reason=Discord is not running
2026-09-29T23:05:36.165298Z  WARN faf_app::infra::discord: Discord rich presence disconnected reason=Discord is not running
2026-09-29T23:05:51.170153Z  WARN faf_app::infra::discord: Discord rich presence disconnected reason=Discord is not running
2026-09-29T23:06:06.176145Z  WARN faf_app::infra::discord: Discord rich presence disconnected reason=Discord is not running
2026-09-29T23:06:21.177950Z  WARN faf_app::infra::discord: Discord rich presence disconnected reason=Discord is not running
2026-09-29T23:06:36.189289Z  WARN faf_app::infra::discord: Discord rich presence disconnected reason=Discord is not running
2026-09-29T23:06:51.194981Z  WARN faf_app::infra::discord: Discord rich presence disconnected reason=Discord is not running
2026-09-29T23:07:06.196147Z  WARN faf_app::infra::discord: Discord rich presence disconnected reason=Discord is not running
2026-09-29T23:07:21.199913Z  WARN faf_app::infra::discord: Discord rich presence disconnected reason=Discord is not running
2026-09-29T23:07:36.207168Z  WARN faf_app::infra::discord: Discord rich presence disconnected reason=Discord is not running
2026-09-29T23:07:51.211414Z  WARN faf_app::infra::discord: Discord rich presence disconnected reason=Discord is not running
